Date,AAPL
2018-01-02,40.38098907470703
2018-01-03,40.37396240234375
2018-01-04,40.56150436401367
2018-01-05,41.02330780029297
2018-01-08,40.87092590332031
2018-01-09,40.86625289916992
2018-01-10,40.85686111450195
2018-01-11,41.08893966674805
2018-01-12,41.51322937011719
2018-01-16,41.30226516723633
2018-01-17,41.98440933227539
2018-01-18,42.02191925048828
2018-01-19,41.83440017700195
2018-01-22,41.492149353027344
2018-01-23,41.50151062011719
2018-01-24,40.840450286865234
2018-01-25,40.11142349243164
2018-01-26,40.20518493652344
2018-01-29,39.372989654541016
2018-01-30,39.14092254638672
2018-01-31,39.248756408691406
2018-02-01,39.330806732177734
2018-02-02,37.624229431152344
2018-02-05,36.68421936035156
2018-02-06,38.217308044433594
2018-02-07,37.39918518066406
2018-02-08,36.37009048461914
2018-02-09,36.81495666503906
2018-02-12,38.29781723022461
2018-02-13,38.68146896362305
2018-02-14,39.394657135009766
2018-02-15,40.71745681762695
2018-02-16,40.58564758300781
2018-02-20,40.44913101196289
2018-02-21,40.26554489135742
2018-02-22,40.60212707519531
2018-02-23,41.3082389831543
2018-02-26,42.12499237060547
2018-02-27,41.98848342895508
2018-02-28,41.924922943115234
2018-03-01,41.190574645996094
2018-03-02,41.47536087036133
2018-03-05,41.61894607543945
2018-03-06,41.58363342285156
2018-03-07,41.1976203918457
2018-03-08,41.647193908691406
2018-03-09,42.36272430419922
2018-03-12,42.77227020263672
2018-03-13,42.3603630065918
2018-03-14,42.00025177001953
2018-03-15,42.04966354370117
2018-03-16,41.901397705078125
2018-03-19,41.261173248291016
2018-03-20,41.247047424316406
2018-03-21,40.3126106262207
2018-03-22,39.74301528930664
2018-03-23,38.82270050048828
2018-03-26,40.665672302246094
2018-03-27,39.62297058105469
2018-03-28,39.18516540527344
2018-03-29,39.491153717041016
2018-04-02,39.23224639892578
2018-04-03,39.63473129272461
2018-04-04,40.392635345458984
2018-04-05,40.672725677490234
2018-04-06,39.63237380981445
2018-04-09,40.02545166015625
2018-04-10,40.77865219116211
2018-04-11,40.5880012512207
2018-04-12,40.98813247680664
2018-04-13,41.12700271606445
2018-04-16,41.383575439453125
2018-04-17,41.95317077636719
2018-04-18,41.85902404785156
2018-04-19,40.672725677490234
2018-04-20,39.006282806396484
2018-04-23,38.89331817626953
2018-04-24,38.3519401550293
2018-04-25,38.51905822753906
2018-04-26,38.65321731567383
2018-04-27,38.20601272583008
2018-04-30,38.898014068603516
2018-05-01,39.801841735839844
2018-05-02,41.56010818481445
2018-05-03,41.635414123535156
2018-05-04,43.268924713134766
2018-05-07,43.58195877075195
2018-05-08,43.79145050048828
2018-05-09,44.09979248046875
2018-05-10,44.7305908203125
2018-05-11,44.56047439575195
2018-05-14,44.456504821777344
2018-05-15,44.052459716796875
2018-05-16,44.463584899902344
2018-05-17,44.182430267333984
2018-05-18,44.02173614501953
2018-05-21,44.3336296081543
2018-05-22,44.222591400146484
2018-05-23,44.50611877441406
2018-05-24,44.456504821777344
2018-05-25,44.558109283447266
2018-05-29,44.39744567871094
2018-05-30,44.30293273925781
2018-05-31,44.1540641784668
2018-06-01,44.95033645629883
2018-06-04,45.326019287109375
2018-06-05,45.675716400146484
2018-06-06,45.83404541015625
2018-06-07,45.711177825927734
2018-06-08,45.295318603515625
2018-06-11,45.18425369262695
2018-06-12,45.432350158691406
2018-06-13,45.059024810791016
2018-06-14,45.082664489746094
2018-06-15,44.61954116821289
2018-06-18,44.595909118652344
2018-06-19,43.875247955322266
2018-06-20,44.06664276123047
2018-06-21,43.82090377807617
2018-06-22,43.69331741333008
2018-06-25,43.04354476928711
2018-06-26,43.577537536621094
2018-06-27,43.513736724853516
2018-06-28,43.83036422729492
2018-06-29,43.73821258544922
2018-07-02,44.22731399536133
2018-07-03,43.457027435302734
2018-07-05,43.80671691894531
2018-07-06,44.41398239135742
2018-07-09,45.03067398071289
2018-07-10,44.9763298034668
2018-07-11,44.3927116394043
2018-07-12,45.136993408203125
2018-07-13,45.20789337158203
2018-07-16,45.10865783691406
2018-07-17,45.236236572265625
2018-07-18,44.98814010620117
2018-07-19,45.33784103393555
2018-07-20,45.23387145996094
2018-07-23,45.2740364074707
2018-07-24,45.60247802734375
2018-07-25,46.03252029418945
2018-07-26,45.88837814331055
2018-07-27,45.12519836425781
2018-07-30,44.87236404418945
2018-07-31,44.962154388427734
2018-08-01,47.61088180541992
2018-08-02,49.0025749206543
2018-08-03,49.144351959228516
2018-08-06,49.3995361328125
2018-08-07,48.936424255371094
2018-08-08,48.96949768066406
2018-08-09,49.35464859008789
2018-08-10,49.20763397216797
2018-08-13,49.52535629272461
2018-08-14,49.73402404785156
2018-08-15,49.850215911865234
2018-08-16,50.58050537109375
2018-08-17,51.590599060058594
2018-08-20,51.08792495727539
2018-08-21,50.98833465576172
2018-08-22,50.99070739746094
2018-08-23,51.09503936767578
2018-08-24,51.25389099121094
2018-08-27,51.67595672607422
2018-08-28,52.093265533447266
2018-08-29,52.87099838256836
2018-08-30,53.35708236694336
2018-08-31,53.97356033325195
2018-09-04,54.14665603637695
2018-09-05,53.79336166381836
2018-09-06,52.899452209472656
2018-09-07,52.47265625
2018-09-10,51.768428802490234
2018-09-11,53.0772819519043
2018-09-12,52.41812515258789
2018-09-13,53.68428421020508
2018-09-14,53.07491683959961
2018-09-17,51.6617317199707
2018-09-18,51.747093200683594
2018-09-19,51.777915954589844
2018-09-20,52.17152404785156
2018-09-21,51.60957717895508
2018-09-24,52.351722717285156
2018-09-25,52.683677673339844
2018-09-26,52.26399230957031
2018-09-27,53.338111877441406
2018-09-28,53.52541732788086
2018-10-01,53.88582992553711
2018-10-02,54.36479187011719
2018-10-03,55.02634048461914
2018-10-04,54.05892562866211
2018-10-05,53.181610107421875
2018-10-08,53.05830764770508
2018-10-09,53.79336166381836
2018-10-10,51.30131149291992
2018-10-11,50.84843444824219
2018-10-12,52.66470718383789
2018-10-15,51.53843688964844
2018-10-16,52.674198150634766
2018-10-17,52.446563720703125
2018-10-18,51.220703125
2018-10-19,52.00079345703125
2018-10-22,52.318519592285156
2018-10-23,52.81172180175781
2018-10-24,51.000186920166016
2018-10-25,52.11697769165039
2018-10-26,51.28709411621094
2018-10-29,50.324432373046875
2018-10-30,50.57576370239258
2018-10-31,51.894100189208984
2018-11-01,52.6907958984375
2018-11-02,49.195777893066406
2018-11-05,47.799198150634766
2018-11-06,48.31608963012695
2018-11-07,49.781429290771484
2018-11-08,49.60774612426758
2018-11-09,48.6512451171875
2018-11-12,46.20046615600586
2018-11-13,45.73887252807617
2018-11-14,44.44686508178711
2018-11-15,45.54376983642578
2018-11-16,46.048194885253906
2018-11-19,44.22319793701172
2018-11-20,42.11030578613281
2018-11-21,42.0627326965332
2018-11-23,40.994380950927734
2018-11-26,41.54877853393555
2018-11-27,41.45835494995117
2018-11-28,43.052547454833984
2018-11-29,42.72180938720703
2018-11-30,42.49101638793945
2018-12-03,43.97574234008789
2018-12-04,42.04130935668945
2018-12-06,41.57255935668945
2018-12-07,40.090206146240234
2018-12-10,40.354331970214844
2018-12-11,40.1235466003418
2018-12-12,40.23534393310547
2018-12-13,40.67555236816406
2018-12-14,39.374027252197266
2018-12-17,39.007598876953125
2018-12-18,39.51441192626953
2018-12-19,38.28187942504883
2018-12-20,37.315853118896484
2018-12-21,35.86442947387695
2018-12-24,34.93647384643555
2018-12-26,37.39675521850586
2018-12-27,37.154056549072266
2018-12-28,37.1730842590332
2018-12-31,37.53237533569336
2019-01-02,37.57520294189453
2019-01-03,33.83243179321289
2019-01-04,35.2767219543457
2019-01-07,35.198204040527344
2019-01-08,35.86918640136719
2019-01-09,36.47831726074219
2019-01-10,36.59490966796875
2019-01-11,36.235618591308594
2019-01-14,35.69073486328125
2019-01-15,36.42121124267578
2019-01-16,36.866153717041016
2019-01-17,37.08504867553711
2019-01-18,37.313472747802734
2019-01-22,36.4759407043457
2019-01-23,36.62343978881836
2019-01-24,36.33317565917969
2019-01-25,37.537139892578125
2019-01-28,37.18975067138672
2019-01-29,36.80427932739258
2019-01-30,39.319297790527344
2019-01-31,39.602447509765625
2019-02-01,39.62147903442383
2019-02-04,40.74692153930664
2019-02-05,41.44408416748047
2019-02-06,41.45835494995117
2019-02-07,40.67317199707031
2019-02-08,40.720951080322266
2019-02-11,40.486778259277344
2019-02-12,40.83565902709961
2019-02-13,40.665992736816406
2019-02-14,40.814151763916016
2019-02-15,40.72333526611328
2019-02-19,40.84521484375
2019-02-20,41.108055114746094
2019-02-21,40.876277923583984
2019-02-22,41.33268356323242
2019-02-25,41.6337776184082
2019-02-26,41.657676696777344
2019-02-27,41.78670883178711
2019-02-28,41.375694274902344
2019-03-01,41.810611724853516
2019-03-04,42.02089309692383
2019-03-05,41.944427490234375
2019-03-06,41.70307922363281
2019-03-07,41.22038650512695
2019-03-08,41.3183479309082
2019-03-11,42.74970626831055
2019-03-12,43.230018615722656
2019-03-13,43.42118835449219
2019-03-14,43.90389633178711
2019-03-15,44.475006103515625
2019-03-18,44.92902374267578
2019-03-19,44.572967529296875
2019-03-20,44.96247100830078
2019-03-21,46.61845779418945
2019-03-22,45.65306091308594
2019-03-25,45.1010627746582
2019-03-26,44.635093688964844
2019-03-27,45.03655242919922
2019-03-28,45.096290588378906
2019-03-29,45.39020919799805
2019-04-01,45.69847106933594
2019-04-02,46.36276626586914
2019-04-03,46.680580139160156
2019-04-04,46.76183319091797
2019-04-05,47.07487487792969
2019-04-08,47.81563949584961
2019-04-09,47.67226791381836
2019-04-10,47.93988800048828
2019-04-11,47.54084014892578
2019-04-12,47.52171325683594
2019-04-15,47.607749938964844
2019-04-16,47.612525939941406
2019-04-17,48.53969192504883
2019-04-18,48.71412658691406
2019-04-22,48.874229431152344
2019-04-23,49.579166412353516
2019-04-24,49.50269317626953
2019-04-25,49.053443908691406
2019-04-26,48.81926727294922
2019-04-29,48.89334487915039
2019-04-30,47.95185089111328
2019-05-01,50.30559158325195
2019-05-02,49.97821044921875
2019-05-03,50.59950637817383
2019-05-06,49.818115234375
2019-05-07,48.475162506103516
2019-05-08,48.4847297668457
2019-05-09,47.96379089355469
2019-05-10,47.2993278503418
2019-05-13,44.550323486328125
2019-05-14,45.255558013916016
2019-05-15,45.79768753051758
2019-05-16,45.59617614746094
2019-05-17,45.337127685546875
2019-05-20,43.91944122314453
2019-05-21,44.76141357421875
2019-05-22,43.84507751464844
2019-05-23,43.09664535522461
2019-05-24,42.9311408996582
2019-05-28,42.75362777709961
2019-05-29,42.54972457885742
2019-05-30,42.770423889160156
2019-05-31,41.99561309814453
2019-06-03,41.571022033691406
2019-06-04,43.091854095458984
2019-06-05,43.787506103515625
2019-06-06,44.43038558959961
2019-06-07,45.61299133300781
2019-06-10,46.195884704589844
2019-06-11,46.7308235168457
2019-06-12,46.58209228515625
2019-06-13,46.5724983215332
2019-06-14,46.23427200317383
2019-06-17,46.510135650634766
2019-06-18,47.603973388671875
2019-06-19,47.46484375
2019-06-20,47.84625244140625
2019-06-21,47.68313980102539
2019-06-24,47.63515853881836
2019-06-25,46.91312789916992
2019-06-26,47.92781066894531
2019-06-27,47.913421630859375
2019-06-28,47.476837158203125
2019-07-01,48.34760665893555
2019-07-02,48.630653381347656
2019-07-03,49.033660888671875
2019-07-05,48.990474700927734
2019-07-08,47.9805793762207
2019-07-09,48.27324295043945
2019-07-10,48.75059509277344
2019-07-11,48.39558029174805
2019-07-12,48.76738357543945
2019-07-15,49.22555160522461
2019-07-16,49.05524444580078
2019-07-17,48.779380798339844
2019-07-18,49.33351135253906
2019-07-19,48.597068786621094
2019-07-22,49.70771408081055
2019-07-23,50.0963249206543
2019-07-24,50.0555419921875
2019-07-25,49.65973663330078
2019-07-26,49.83245849609375
2019-07-29,50.29781723022461
2019-07-30,50.08192443847656
2019-07-31,51.10380935668945
2019-08-01,49.997955322265625
2019-08-02,48.94010543823242
2019-08-05,46.37819290161133
2019-08-06,47.25615692138672
2019-08-07,47.745513916015625
2019-08-08,48.7985725402832
2019-08-09,48.396453857421875
2019-08-12,48.273651123046875
2019-08-13,50.317962646484375
2019-08-14,48.82024383544922
2019-08-15,48.577049255371094
2019-08-16,49.72319793701172
2019-08-19,50.6502571105957
2019-08-20,50.652652740478516
2019-08-21,51.201663970947266
2019-08-22,51.158329010009766
2019-08-23,48.793758392333984
2019-08-26,49.720802307128906
2019-08-27,49.15976333618164
2019-08-28,49.48964309692383
2019-08-29,50.32760238647461
2019-08-30,50.262577056884766
2019-09-03,49.53056716918945
2019-09-04,50.37092590332031
2019-09-05,51.35575866699219
2019-09-06,51.350955963134766
2019-09-09,51.570068359375
2019-09-10,52.179283142089844
2019-09-11,53.83831787109375
2019-09-12,53.717918395996094
2019-09-13,52.67287826538086
2019-09-16,52.949790954589844
2019-09-17,53.142433166503906
2019-09-18,53.64087677001953
2019-09-19,53.205047607421875
2019-09-20,52.42728805541992
2019-09-23,52.66566467285156
2019-09-24,52.41524124145508
2019-09-25,53.22189712524414
2019-09-26,52.94739532470703
2019-09-27,52.689754486083984
2019-09-30,53.9298095703125
2019-10-01,54.0791015625
2019-10-02,52.723453521728516
2019-10-03,53.171321868896484
2019-10-04,54.66181945800781
2019-10-07,54.67386245727539
2019-10-08,54.03335189819336
2019-10-09,54.66663360595703
2019-10-10,55.40345764160156
2019-10-11,56.87709045410156
2019-10-14,56.79521942138672
2019-10-15,56.662784576416016
2019-10-16,56.43403625488281
2019-10-17,56.65315628051758
2019-10-18,56.92524719238281
2019-10-21,57.9124755859375
2019-10-22,57.780059814453125
2019-10-23,58.555389404296875
2019-10-24,58.651710510253906
2019-10-25,59.37409591674805
2019-10-28,59.96883773803711
2019-10-29,58.58189010620117
2019-10-30,58.57465362548828
2019-10-31,59.89900588989258
2019-11-01,61.59898376464844
2019-11-04,62.003509521484375
2019-11-05,61.914432525634766
2019-11-06,61.94091033935547
2019-11-07,62.65578842163086
2019-11-08,62.8272590637207
2019-11-11,63.324771881103516
2019-11-12,63.266815185546875
2019-11-13,63.873016357421875
2019-11-14,63.43105697631836
2019-11-15,64.1845932006836
2019-11-18,64.50818634033203
2019-11-19,64.31256866455078
2019-11-20,63.56387710571289
2019-11-21,63.27889633178711
2019-11-22,63.223358154296875
2019-11-25,64.33189392089844
2019-11-26,63.82954025268555
2019-11-27,64.68692779541016
2019-11-29,64.54442596435547
2019-12-02,63.798152923583984
2019-12-03,62.66063690185547
2019-12-04,63.21369934082031
2019-12-05,64.1410903930664
2019-12-06,65.38004302978516
2019-12-09,64.46471405029297
2019-12-10,64.84146881103516
2019-12-11,65.39456176757812
2019-12-12,65.56118774414062
2019-12-13,66.45236206054688
2019-12-16,67.58990478515625
2019-12-17,67.72274780273438
2019-12-18,67.56090545654297
2019-12-19,67.62855529785156
2019-12-20,67.48847198486328
2019-12-23,68.58979034423828
2019-12-24,68.65496826171875
2019-12-26,70.0171127319336
2019-12-27,69.99054718017578
2019-12-30,70.40592956542969
2019-12-31,70.9203872680664
2020-01-02,72.53852081298828
2020-01-03,71.83329010009766
2020-01-06,72.40567779541016
2020-01-07,72.06514739990234
2020-01-08,73.22440338134766
2020-01-09,74.77975463867188
2020-01-10,74.94879913330078
2020-01-13,76.55004119873047
2020-01-14,75.51636505126953
2020-01-15,75.1927261352539
2020-01-16,76.13465118408203
2020-01-17,76.9775390625
2020-01-21,76.45585632324219
2020-01-22,76.72877502441406
2020-01-23,77.09828186035156
2020-01-24,76.87609100341797
2020-01-27,74.61554718017578
2020-01-28,76.72634887695312
2020-01-29,78.33243560791016
2020-01-30,78.2188949584961
2020-01-31,74.75078582763672
2020-02-03,74.54546356201172
2020-02-04,77.00652313232422
2020-02-05,77.63445281982422
2020-02-06,78.54253387451172
2020-02-07,77.47492980957031
2020-02-10,77.84290313720703
2020-02-11,77.3732681274414
2020-02-12,79.21070098876953
2020-02-13,78.6466293334961
2020-02-14,78.6659927368164
2020-02-18,77.2255859375
2020-02-19,78.34400939941406
2020-02-20,77.54029083251953
2020-02-21,75.78517150878906
2020-02-24,72.18534088134766
2020-02-25,69.7402572631836
2020-02-26,70.84660339355469
2020-02-27,66.21548461914062
2020-02-28,66.17675018310547
2020-03-02,72.33785247802734
2020-03-03,70.04044342041016
2020-03-04,73.28925323486328
2020-03-05,70.91195678710938
2020-03-06,69.97026062011719
2020-03-09,64.4361801147461
2020-03-10,69.07695007324219
2020-03-11,66.67787170410156
2020-03-12,60.093116760253906
2020-03-13,67.29277038574219
2020-03-16,58.63576126098633
2020-03-17,61.21398162841797
2020-03-18,59.7154655456543
2020-03-19,59.25791931152344
2020-03-20,55.49590301513672
2020-03-23,54.31693649291992
2020-03-24,59.766319274902344
2020-03-25,59.43706512451172
2020-03-26,62.56482696533203
2020-03-27,59.97450256347656
2020-03-30,61.686038970947266
2020-03-31,61.560157775878906
2020-04-01,58.32106018066406
2020-04-02,59.294227600097656
2020-04-03,58.44209289550781
2020-04-06,63.540428161621094
2020-04-07,62.80449295043945
2020-04-08,64.41194152832031
2020-04-09,64.8767318725586
2020-04-13,66.15013122558594
2020-04-14,69.49092102050781
2020-04-15,68.85665130615234
2020-04-16,69.40376281738281
2020-04-17,68.4620590209961
2020-04-20,67.04100036621094
2020-04-21,64.96874237060547
2020-04-22,66.8400650024414
2020-04-23,66.58103942871094
2020-04-24,68.50320434570312
2020-04-27,68.55162811279297
2020-04-28,67.4404525756836
2020-04-29,69.65553283691406
2020-04-30,71.125
2020-05-01,69.97994232177734
2020-05-04,70.9700698852539
2020-05-05,72.03524017333984
2020-05-06,72.77847290039062
2020-05-07,73.53133392333984
2020-05-08,75.28152465820312
2020-05-11,76.4660873413086
2020-05-12,75.59222412109375
2020-05-13,74.67948150634766
2020-05-14,75.13826751708984
2020-05-15,74.69407653808594
2020-05-18,76.45394897460938
2020-05-19,76.01215362548828
2020-05-20,77.49046325683594
2020-05-21,76.9127426147461
2020-05-22,77.40792846679688
2020-05-26,76.88361358642578
2020-05-27,77.21858978271484
2020-05-28,77.2525863647461
2020-05-29,77.17732238769531
2020-06-01,78.12645721435547
2020-06-02,78.48812866210938
2020-06-03,78.92021179199219
2020-06-04,78.24053192138672
2020-06-05,80.4688949584961
2020-06-08,80.94467163085938
2020-06-09,83.5007553100586
2020-06-10,85.64900970458984
2020-06-11,81.5369644165039
2020-06-12,82.24092102050781
2020-06-15,83.25798034667969
2020-06-16,85.46452331542969
2020-06-17,85.34558868408203
2020-06-18,85.37957000732422
2020-06-19,84.89163970947266
2020-06-22,87.11273193359375
2020-06-23,88.97215270996094
2020-06-24,87.40160369873047
2020-06-25,88.56189727783203
2020-06-26,85.84075927734375
2020-06-29,87.81912231445312
2020-06-30,88.55220794677734
2020-07-01,88.38471221923828
2020-07-02,88.38471221923828
2020-07-06,90.7490005493164
2020-07-07,90.46742248535156
2020-07-08,92.57443237304688
2020-07-09,92.97251892089844
2020-07-10,93.13516998291016
2020-07-13,92.70551300048828
2020-07-14,94.2396469116211
2020-07-15,94.88774871826172
2020-07-16,93.72017669677734
2020-07-17,93.53083038330078
2020-07-20,95.50189208984375
2020-07-21,94.18380737304688
2020-07-22,94.44841003417969
2020-07-23,90.14945220947266
2020-07-24,89.92610931396484
2020-07-27,92.0573959350586
2020-07-28,90.54511260986328
2020-07-29,92.28072357177734
2020-07-30,93.3973159790039
2020-07-31,103.17497253417969
2020-08-03,105.77472686767578
2020-08-04,106.48111724853516
2020-08-05,106.86708068847656
2020-08-06,110.5955810546875
2020-08-07,108.08110046386719
2020-08-10,109.65203857421875
2020-08-11,106.3910140991211
2020-08-12,109.92683410644531
2020-08-13,111.87227630615234
2020-08-14,111.77256774902344
2020-08-17,111.48075103759766
2020-08-18,112.40969848632812
2020-08-19,112.55075073242188
2020-08-20,115.04818725585938
2020-08-21,120.9769287109375
2020-08-24,122.4238510131836
2020-08-25,121.41949462890625
2020-08-26,123.07069396972656
2020-08-27,121.5994644165039
2020-08-28,121.40248107910156
2020-08-31,125.51949310302734
2020-09-01,130.51925659179688
2020-09-02,127.81510162353516
2020-09-03,117.58212280273438
2020-09-04,117.6599349975586
2020-09-08,109.74201965332031
2020-09-09,114.1192398071289
2020-09-10,110.39372253417969
2020-09-11,108.94439697265625
2020-09-14,112.21273040771484
2020-09-15,112.38782501220703
2020-09-16,109.07085418701172
2020-09-17,107.32968139648438
2020-09-18,103.9251480102539
2020-09-21,107.0767822265625
2020-09-22,108.75955963134766
2020-09-23,104.19752502441406
2020-09-24,105.26752471923828
2020-09-25,109.21675872802734
2020-09-28,111.8236312866211
2020-09-29,110.97736358642578
2020-09-30,112.65045166015625
2020-10-01,113.60370635986328
2020-10-02,109.93655395507812
2020-10-05,113.32161712646484
2020-10-06,110.07273864746094
2020-10-07,111.94036102294922
2020-10-08,111.83336639404297
2020-10-09,113.7787857055664
2020-10-12,121.00608825683594
2020-10-13,117.79611206054688
2020-10-14,117.88365936279297
2020-10-15,117.416748046875
2020-10-16,115.77287292480469
2020-10-19,112.81581115722656
2020-10-20,114.3040771484375
2020-10-21,113.68155670166016
2020-10-22,112.59207153320312
2020-10-23,111.90145874023438
2020-10-26,111.91118621826172
2020-10-27,113.41889953613281
2020-10-28,108.16621398925781
2020-10-29,112.173828125
2020-10-30,105.89006805419922
2020-11-02,105.80250549316406
2020-11-03,107.42695617675781
2020-11-04,111.81388854980469
2020-11-05,115.78260040283203
2020-11-06,115.65106201171875
2020-11-09,113.34173583984375
2020-11-10,113.00068664550781
2020-11-11,116.43057250976562
2020-11-12,116.15774536132812
2020-11-13,116.20645141601562
2020-11-16,117.21984100341797
2020-11-17,116.33312225341797
2020-11-18,115.00794219970703
2020-11-19,115.60234069824219
2020-11-20,114.33562469482422
2020-11-23,110.93498992919922
2020-11-24,112.22117614746094
2020-11-25,113.05915069580078
2020-11-27,113.60482788085938
2020-11-30,116.00184631347656
2020-12-01,119.577880859375
2020-12-02,119.92865753173828
2020-12-03,119.79225158691406
2020-12-04,119.11991119384766
2020-12-07,120.58151245117188
2020-12-08,121.19537353515625
2020-12-09,118.66193389892578
2020-12-10,120.08455657958984
2020-12-11,119.27583312988281
2020-12-14,118.66193389892578
2020-12-15,124.60576629638672
2020-12-16,124.53755950927734
2020-12-17,125.40476989746094
2020-12-18,123.41700744628906
2020-12-21,124.94678497314453
2020-12-22,128.50335693359375
2020-12-23,127.60688781738281
2020-12-24,128.59103393554688
2020-12-28,133.19015502929688
2020-12-29,131.41677856445312
2020-12-30,130.29623413085938
2020-12-31,129.29261779785156
2021-01-04,126.09661102294922
2021-01-05,127.6556167602539
2021-01-06,123.3585205078125
2021-01-07,127.5678939819336
2021-01-08,128.6690216064453
2021-01-11,125.67760467529297
2021-01-12,125.50221252441406
2021-01-13,127.53868865966797
2021-01-14,125.60939025878906
2021-01-15,123.88471984863281
2021-01-19,124.55703735351562
2021-01-20,128.64950561523438
2021-01-21,133.36557006835938
2021-01-22,135.50929260253906
2021-01-25,139.26065063476562
2021-01-26,139.49453735351562
2021-01-27,138.42269897460938
2021-01-28,133.5799560546875
2021-01-29,128.5812530517578
2021-02-01,130.70547485351562
2021-02-02,131.53370666503906
2021-02-03,130.51058959960938
2021-02-04,133.87225341796875
2021-02-05,133.4574737548828
2021-02-08,133.6039276123047
2021-02-09,132.72564697265625
2021-02-10,132.12063598632812
2021-02-11,131.8668975830078
2021-02-12,132.10107421875
2021-02-16,129.97373962402344
2021-02-17,127.68047332763672
2021-02-18,126.57775115966797
2021-02-19,126.73390197753906
2021-02-22,122.95734405517578
2021-02-23,122.82073211669922
2021-02-24,122.32305145263672
2021-02-25,118.0683364868164
2021-02-26,118.3318099975586
2021-03-01,124.70413208007812
2021-03-02,122.09861755371094
2021-03-03,119.11248779296875
2021-03-04,117.2291030883789
2021-03-05,118.4879379272461
2021-03-08,113.55014038085938
2021-03-09,118.16590881347656
2021-03-10,117.08275604248047
2021-03-11,119.01492309570312
2021-03-12,118.10736083984375
2021-03-15,120.99588012695312
2021-03-16,122.53773498535156
2021-03-17,121.74730682373047
2021-03-18,117.61943054199219
2021-03-19,117.09247589111328
2021-03-22,120.41038513183594
2021-03-23,119.58089447021484
2021-03-24,117.1900634765625
2021-03-25,117.6780014038086
2021-03-26,118.28302001953125
2021-03-29,118.45867919921875
2021-03-30,117.00465393066406
2021-03-31,119.2003173828125
2021-04-01,120.02978515625
2021-04-05,122.85977172851562
2021-04-06,123.16230010986328
2021-04-07,124.81148529052734
2021-04-08,127.21205139160156
2021-04-09,129.78831481933594
2021-04-12,128.07083129882812
2021-04-13,131.1837921142578
2021-04-14,128.84173583984375
2021-04-15,131.2521209716797
2021-04-16,130.92031860351562
2021-04-19,131.58389282226562
2021-04-20,129.89564514160156
2021-04-21,130.27627563476562
2021-04-22,128.75392150878906
2021-04-23,131.0764923095703
2021-04-26,131.46678161621094
2021-04-27,131.14476013183594
2021-04-28,130.3542938232422
2021-04-29,130.25669860839844
2021-04-30,128.28550720214844
2021-05-03,129.3394317626953
2021-05-04,124.7626724243164
2021-05-05,125.00666046142578
2021-05-06,126.60706329345703
2021-05-07,127.2815170288086
2021-05-10,123.99710083007812
2021-05-11,123.07823181152344
2021-05-12,120.00885009765625
2021-05-13,122.15936279296875
2021-05-14,124.5835952758789
2021-05-17,123.43013000488281
2021-05-18,122.04207611083984
2021-05-19,121.88566589355469
2021-05-20,124.44674682617188
2021-05-21,122.60902404785156
2021-05-24,124.241455078125
2021-05-25,124.04597473144531
2021-05-26,123.99710083007812
2021-05-27,122.46241760253906
2021-05-28,121.8074722290039
2021-06-01,121.48490905761719
2021-06-02,122.2473373413086
2021-06-03,120.76153564453125
2021-06-04,123.05868530273438
2021-06-07,123.06845092773438
2021-06-08,123.88957214355469
2021-06-09,124.27079010009766
2021-06-10,123.27372741699219
2021-06-11,124.48583984375
2021-06-14,127.54546356201172
2021-06-15,126.7243423461914
2021-06-16,127.22285461425781
2021-06-17,128.82595825195312
2021-06-18,127.5259017944336
2021-06-21,129.3245391845703
2021-06-22,130.9667510986328
2021-06-23,130.69302368164062
2021-06-24,130.40956115722656
2021-06-25,130.1162872314453
2021-06-28,131.7487335205078
2021-06-29,133.26388549804688
2021-06-30,133.8796844482422
2021-07-01,134.1827392578125
2021-07-02,136.81224060058594
2021-07-06,138.82594299316406
2021-07-07,141.3185577392578
2021-07-08,140.01849365234375
2021-07-09,141.8463897705078
2021-07-12,141.2501220703125
2021-07-13,142.364501953125
2021-07-14,145.7955322265625
2021-07-15,145.14060974121094
2021-07-16,143.09762573242188
2021-07-19,139.24624633789062
2021-07-20,142.86302185058594
2021-07-21,142.1298828125
2021-07-22,143.49839782714844
2021-07-23,145.2187957763672
2021-07-26,145.63916015625
2021-07-27,143.46908569335938
2021-07-28,141.71929931640625
2021-07-29,142.364501953125
2021-07-30,142.57957458496094
2021-08-02,142.2471923828125
2021-08-03,144.04583740234375
2021-08-04,143.64505004882812
2021-08-05,143.7525634765625
2021-08-06,143.06729125976562
2021-08-09,143.01834106445312
2021-08-10,142.5386199951172
2021-08-11,142.79319763183594
2021-08-12,145.7594757080078
2021-08-13,145.96505737304688
2021-08-16,147.94259643554688
2021-08-17,147.0321502685547
2021-08-18,143.2826690673828
2021-08-19,143.615478515625
2021-08-20,145.0741729736328
2021-08-23,146.56222534179688
2021-08-24,146.47413635253906
2021-08-25,145.24058532714844
2021-08-26,144.43783569335938
2021-08-27,145.47557067871094
2021-08-30,149.9005126953125
2021-08-31,148.6376495361328
2021-09-01,149.30332946777344
2021-09-02,150.41937255859375
2021-09-03,151.0557098388672
2021-09-07,153.39547729492188
2021-09-08,151.84866333007812
2021-09-09,150.83055114746094
2021-09-10,145.8377685546875
2021-09-13,146.4055633544922
2021-09-14,145.005615234375
2021-09-15,145.89651489257812
2021-09-16,145.6615753173828
2021-09-17,142.9889678955078
2021-09-20,139.9345703125
2021-09-21,140.41424560546875
2021-09-22,142.78341674804688
2021-09-23,143.74278259277344
2021-09-24,143.8308868408203
2021-09-27,142.31346130371094
2021-09-28,138.9262237548828
2021-09-29,139.826904296875
2021-09-30,138.52481079101562
2021-10-01,139.65065002441406
2021-10-04,136.2144775390625
2021-10-05,138.14303588867188
2021-10-06,139.0143280029297
2021-10-07,140.2772216796875
2021-10-08,139.8953857421875
2021-10-11,139.80728149414062
2021-10-12,138.53460693359375
2021-10-13,137.94725036621094
2021-10-14,140.73728942871094
2021-10-15,141.79461669921875
2021-10-18,143.4686737060547
2021-10-19,145.6321563720703
2021-10-20,146.12167358398438
2021-10-21,146.33702087402344
2021-10-22,145.56365966796875
2021-10-25,145.51473999023438
2021-10-26,146.18038940429688
2021-10-27,145.72032165527344
2021-10-28,149.36212158203125
2021-10-29,146.65032958984375
2021-11-01,145.82798767089844
2021-11-02,146.86572265625
2021-11-03,148.30477905273438
2021-11-04,147.7859344482422
2021-11-05,148.31532287597656
2021-11-08,147.49179077148438
2021-11-09,147.8545379638672
2021-11-10,145.02120971679688
2021-11-11,144.97218322753906
2021-11-12,147.0506134033203
2021-11-15,147.06045532226562
2021-11-16,148.0408172607422
2021-11-17,150.4820098876953
2021-11-18,154.77618408203125
2021-11-19,157.40367126464844
2021-11-22,157.86448669433594
2021-11-23,158.246826171875
2021-11-24,158.7664794921875
2021-11-26,153.73695373535156
2021-11-29,157.0997772216797
2021-11-30,162.06060791015625
2021-12-01,161.54100036621094
2021-12-02,160.55076599121094
2021-12-03,158.6683807373047
2021-12-06,162.08021545410156
2021-12-07,167.8253631591797
2021-12-08,171.64891052246094
2021-12-09,171.13909912109375
2021-12-10,175.93328857421875
2021-12-13,172.2960205078125
2021-12-14,170.9136505126953
2021-12-15,175.78623962402344
2021-12-16,168.88421630859375
2021-12-17,167.78614807128906
2021-12-20,166.42340087890625
2021-12-21,169.59991455078125
2021-12-22,172.19796752929688
2021-12-23,172.825439453125
2021-12-27,176.7960662841797
2021-12-28,175.77639770507812
2021-12-29,175.8646697998047
2021-12-30,174.70779418945312
2021-12-31,174.09014892578125
2022-01-03,178.44313049316406
2022-01-04,176.17837524414062
2022-01-05,171.4920654296875
2022-01-06,168.62928771972656
2022-01-07,168.79595947265625
2022-01-10,168.8155517578125
2022-01-11,171.64891052246094
2022-01-12,172.09014892578125
2022-01-13,168.8155517578125
2022-01-14,169.6783447265625
2022-01-18,166.47239685058594
2022-01-19,162.97235107421875
2022-01-20,161.2860565185547
2022-01-21,159.22726440429688
2022-01-24,158.4527130126953
2022-01-25,156.6487579345703
2022-01-26,156.56053161621094
2022-01-27,156.09976196289062
2022-01-28,166.9920196533203
2022-01-31,171.35482788085938
2022-02-01,171.18817138671875
2022-02-02,172.39404296875
2022-02-03,169.51165771484375
2022-02-04,169.2269744873047
2022-02-07,168.51039123535156
2022-02-08,171.62222290039062
2022-02-09,173.0456085205078
2022-02-10,168.96192932128906
2022-02-11,165.5457763671875
2022-02-14,165.78140258789062
2022-02-15,169.61964416503906
2022-02-16,169.38404846191406
2022-02-17,165.78140258789062
2022-02-18,164.2304229736328
2022-02-22,161.3050537109375
2022-02-23,157.13304138183594
2022-02-24,159.75404357910156
2022-02-25,161.82534790039062
2022-02-28,162.0903778076172
2022-03-01,160.2056121826172
2022-03-02,163.50393676757812
2022-03-03,163.1800079345703
2022-03-04,160.17613220214844
2022-03-07,156.377197265625
2022-03-08,154.55130004882812
2022-03-09,159.96018981933594
2022-03-10,155.61146545410156
2022-03-11,151.89100646972656
2022-03-14,147.85643005371094
2022-03-15,152.24440002441406
2022-03-16,156.66184997558594
2022-03-17,157.6729278564453
2022-03-18,160.97129821777344
2022-03-21,162.34561157226562
2022-03-22,165.7224884033203
2022-03-23,167.0869598388672
2022-03-24,170.87615966796875
2022-03-25,171.51422119140625
2022-03-28,172.3780975341797
2022-03-29,175.67645263671875
2022-03-30,174.50827026367188
2022-03-31,171.40628051757812
2022-04-01,171.11175537109375
2022-04-04,175.1659698486328
2022-04-05,171.8479766845703
2022-04-06,168.67727661132812
2022-04-07,168.98158264160156
2022-04-08,166.96917724609375
2022-04-11,162.7088165283203
2022-04-12,164.58377075195312
2022-04-13,167.2735137939453
2022-04-14,162.25723266601562
2022-04-18,162.04129028320312
2022-04-19,164.3285369873047
2022-04-20,164.16168212890625
2022-04-21,163.3665313720703
2022-04-22,158.8214874267578
2022-04-25,159.8914794921875
2022-04-26,153.92303466796875
2022-04-27,153.69723510742188
2022-04-28,160.63754272460938
2022-04-29,154.75743103027344
2022-05-02,155.06175231933594
2022-05-03,156.55384826660156
2022-05-04,162.97389221191406
2022-05-05,153.89356994628906
2022-05-06,154.62109375
2022-05-09,149.48931884765625
2022-05-10,151.89791870117188
2022-05-11,144.02330017089844
2022-05-12,140.14991760253906
2022-05-13,144.62298583984375
2022-05-16,143.07955932617188
2022-05-17,146.7169952392578
2022-05-18,138.4393768310547
2022-05-19,135.02801513671875
2022-05-20,135.26393127441406
2022-05-23,140.69061279296875
2022-05-24,137.98712158203125
2022-05-25,138.1444091796875
2022-05-26,141.3492889404297
2022-05-27,147.11024475097656
2022-05-31,146.32373046875
2022-06-01,146.19595336914062
2022-06-02,148.6536865234375
2022-06-03,142.92225646972656
2022-06-06,143.66940307617188
2022-06-07,146.19595336914062
2022-06-08,145.45864868164062
2022-06-09,140.22854614257812
2022-06-10,134.8117218017578
2022-06-13,129.6504669189453
2022-06-14,130.51560974121094
2022-06-15,133.14044189453125
2022-06-16,127.86123657226562
2022-06-17,129.33590698242188
2022-06-21,133.57302856445312
2022-06-22,133.0618133544922
2022-06-23,135.93246459960938
2022-06-24,139.26513671875
2022-06-27,139.26513671875
2022-06-28,135.11648559570312
2022-06-29,136.876220703125
2022-06-30,134.40866088867188
2022-07-01,136.58131408691406
2022-07-05,139.16683959960938
2022-07-06,140.50381469726562
2022-07-07,143.87586975097656
2022-07-08,144.55416870117188
2022-07-11,142.4208526611328
2022-07-12,143.39418029785156
2022-07-13,143.03041076660156
2022-07-14,145.9600067138672
2022-07-15,147.6312713623047
2022-07-18,144.58367919921875
2022-07-19,148.44723510742188
2022-07-20,150.45274353027344
2022-07-21,152.7236785888672
2022-07-22,151.48501586914062
2022-07-25,150.3642578125
2022-07-26,149.03709411621094
2022-07-27,154.1393280029297
2022-07-28,154.68991088867188
2022-07-29,159.76266479492188
2022-08-01,158.77957153320312
2022-08-02,157.30491638183594
2022-08-03,163.3214569091797
2022-08-04,163.00686645507812
2022-08-05,162.78045654296875
2022-08-08,162.3079376220703
2022-08-09,162.35711669921875
2022-08-10,166.61000061035156
2022-08-11,165.87164306640625
2022-08-12,169.42555236816406
2022-08-15,170.49862670898438
2022-08-16,170.3411102294922
2022-08-17,171.8374786376953
2022-08-18,171.44369506835938
2022-08-19,168.85458374023438
2022-08-22,164.96592712402344
2022-08-23,164.6312255859375
2022-08-24,164.92657470703125
2022-08-25,167.3877410888672
2022-08-26,161.07730102539062
2022-08-29,158.87213134765625
2022-08-30,156.4405517578125
2022-08-31,154.7767791748047
2022-09-01,155.5052947998047
2022-09-02,153.388671875
2022-09-06,152.1285858154297
2022-09-07,153.53636169433594
2022-09-08,152.0596923828125
2022-09-09,154.92445373535156
2022-09-12,160.89027404785156
2022-09-13,151.44931030273438
2022-09-14,152.89645385742188
2022-09-15,150.0021514892578
2022-09-16,148.3581085205078
2022-09-19,152.07936096191406
2022-09-20,154.4617462158203
2022-09-21,151.3311767578125
2022-09-22,150.3664093017578
2022-09-23,148.09231567382812
2022-09-26,148.42701721191406
2022-09-27,149.40164184570312
2022-09-28,147.51145935058594
2022-09-29,140.26583862304688
2022-09-30,136.0523681640625
2022-10-03,140.236328125
2022-10-04,143.82960510253906
2022-10-05,144.1249237060547
2022-10-06,143.17001342773438
2022-10-07,137.91297912597656
2022-10-10,138.2378692626953
2022-10-11,136.8202362060547
2022-10-12,136.19020080566406
2022-10-13,140.76791381835938
2022-10-14,136.22955322265625
2022-10-17,140.19692993164062
2022-10-18,141.51609802246094
2022-10-19,141.62437438964844
2022-10-20,141.1616973876953
2022-10-21,144.9813690185547
2022-10-24,147.12750244140625
2022-10-25,149.9726104736328
2022-10-26,147.02908325195312
2022-10-27,142.5497589111328
2022-10-28,153.3197784423828
2022-10-31,150.9570770263672
2022-11-01,148.30886840820312
2022-11-02,142.7761993408203
2022-11-03,136.7218017578125
2022-11-04,136.45553588867188
2022-11-07,136.98806762695312
2022-11-08,137.55996704101562
2022-11-09,132.99435424804688
2022-11-10,144.8274383544922
2022-11-11,147.6181182861328
2022-11-14,146.2178497314453
2022-11-15,147.953369140625
2022-11-16,146.7207794189453
2022-11-17,148.62393188476562
2022-11-18,149.18597412109375
2022-11-21,145.95159912109375
2022-11-22,148.0914306640625
2022-11-23,148.96908569335938
2022-11-25,146.0502166748047
2022-11-28,142.21434020996094
2022-11-29,139.2067413330078
2022-11-30,145.97134399414062
2022-12-01,146.24745178222656
2022-12-02,145.75442504882812
2022-12-05,144.59080505371094
2022-12-06,140.92254638671875
2022-12-07,138.97994995117188
2022-12-08,140.6661376953125
2022-12-09,140.18296813964844
2022-12-12,142.48057556152344
2022-12-13,143.44696044921875
2022-12-14,141.2183837890625
2022-12-15,134.6016845703125
2022-12-16,132.63938903808594
2022-12-19,130.5291290283203
2022-12-20,130.4601287841797
2022-12-21,133.5662841796875
2022-12-22,130.3910675048828
2022-12-23,130.02622985839844
2022-12-27,128.22164916992188
2022-12-28,124.28716278076172
2022-12-29,127.80747985839844
2022-12-30,128.123046875
2023-01-03,123.33065795898438
2023-01-04,124.60269927978516
2023-01-05,123.2813491821289
2023-01-06,127.8173828125
2023-01-09,128.33998107910156
2023-01-10,128.9119110107422
2023-01-11,131.63356018066406
2023-01-12,131.55467224121094
2023-01-13,132.88587951660156
2023-01-17,134.0494842529297
2023-01-18,133.3296356201172
2023-01-19,133.38882446289062
2023-01-20,135.95265197753906
2023-01-23,139.14759826660156
2023-01-24,140.54782104492188
2023-01-25,139.88714599609375
2023-01-26,141.95794677734375
2023-01-27,143.90057373046875
2023-01-30,141.01129150390625
2023-01-31,142.28338623046875
2023-02-01,143.4075164794922
2023-02-02,148.7225341796875
2023-02-03,152.35137939453125
2023-02-06,149.61988830566406
2023-02-07,152.49928283691406
2023-02-08,149.8072509765625
2023-02-09,148.77183532714844
2023-02-10,149.13726806640625
2023-02-13,151.94204711914062
2023-02-14,151.3000946044922
2023-02-15,153.40367126464844
2023-02-16,151.80374145507812
2023-02-17,150.65814208984375
2023-02-21,146.6386260986328
2023-02-22,147.0633087158203
2023-02-23,147.54721069335938
2023-02-24,144.890625
2023-02-27,146.0855712890625
2023-02-28,145.5819091796875
2023-03-01,143.50794982910156
2023-03-02,144.1005096435547
2023-03-03,149.15699768066406
2023-03-06,151.92227172851562
2023-03-07,149.71994018554688
2023-03-08,150.9741973876953
2023-03-09,148.7224578857422
2023-03-10,146.65838623046875
2023-03-13,148.60394287109375
2023-03-14,150.69764709472656
2023-03-15,151.09271240234375
2023-03-16,153.917236328125
2023-03-17,153.07778930664062
2023-03-20,155.44801330566406
2023-03-21,157.3046875
2023-03-22,155.8726806640625
2023-03-23,156.95901489257812
2023-03-24,158.26268005371094
2023-03-27,156.31707763671875
2023-03-28,155.6949005126953
2023-03-29,158.77621459960938
2023-03-30,160.3464813232422
2023-03-31,162.85501098632812
2023-04-03,164.1092529296875
2023-04-04,163.57594299316406
2023-04-05,161.7291259765625
2023-04-06,162.61801147460938
2023-04-10,160.02059936523438
2023-04-11,158.80584716796875
2023-04-12,158.1145477294922
2023-04-13,163.50680541992188
2023-04-14,163.16114807128906
2023-04-17,163.18093872070312
2023-04-18,164.40553283691406
2023-04-19,165.5511474609375
2023-04-20,164.58326721191406
2023-04-21,162.9735107421875
2023-04-24,163.27967834472656
2023-04-25,161.739013671875
2023-04-26,161.7291259765625
2023-04-27,166.3214874267578
2023-04-28,167.57571411132812
2023-05-01,167.48681640625
2023-05-02,166.44985961914062
2023-05-03,165.37338256835938
2023-05-04,163.7339630126953
2023-05-05,171.41748046875
2023-05-08,171.34832763671875
2023-05-09,169.63978576660156
2023-05-10,171.40762329101562
2023-05-11,171.5952606201172
2023-05-12,170.66563415527344
2023-05-15,170.171142578125
2023-05-16,170.171142578125
2023-05-17,170.78428649902344
2023-05-18,173.11825561523438
2023-05-19,173.22702026367188
2023-05-22,172.2776336669922
2023-05-23,169.66677856445312
2023-05-24,169.94366455078125
2023-05-25,171.08099365234375
2023-05-26,173.4940643310547
2023-05-30,175.3434295654297
2023-05-31,175.2939910888672
2023-06-01,178.10263061523438
2023-06-02,178.95310974121094
2023-06-05,177.59825134277344
2023-06-06,177.2323455810547
2023-06-07,175.85769653320312
2023-06-08,178.57733154296875
2023-06-09,178.9630584716797
2023-06-12,181.76181030273438
2023-06-13,181.287109375
2023-06-14,181.9200439453125
2023-06-15,183.95730590820312
2023-06-16,182.8793487548828
2023-06-20,182.9683380126953
2023-06-21,181.929931640625
2023-06-22,184.9363555908203
2023-06-23,184.61990356445312
2023-06-26,183.22547912597656
2023-06-27,185.98468017578125
2023-06-28,187.16152954101562
2023-06-29,187.49778747558594
2023-06-30,191.8294677734375
2023-07-03,190.33612060546875
2023-07-05,189.21859741210938
2023-07-06,189.69329833984375
2023-07-07,188.5757598876953
2023-07-10,186.5286407470703
2023-07-11,186.00445556640625
2023-07-12,187.6758270263672
2023-07-13,188.43731689453125
2023-07-14,188.58566284179688
2023-07-17,191.8492431640625
2023-07-18,191.5921173095703
2023-07-19,192.94699096679688
2023-07-20,190.99874877929688
2023-07-21,189.8218536376953
2023-07-24,190.62294006347656
2023-07-25,191.48333740234375
2023-07-26,192.35362243652344
2023-07-27,191.08773803710938
2023-07-28,193.6689453125
2023-07-31,194.28207397460938
2023-08-01,193.45135498046875
2023-08-02,190.4547882080078
2023-08-03,189.0603485107422
2023-08-04,179.98165893554688
2023-08-07,176.87631225585938
2023-08-08,177.81582641601562
2023-08-09,176.22360229492188
2023-08-10,176.0060272216797
2023-08-11,176.06544494628906
2023-08-14,177.71923828125
2023-08-15,175.72872924804688
2023-08-16,174.85728454589844
2023-08-17,172.3122100830078
2023-08-18,172.79747009277344
2023-08-21,174.13436889648438
2023-08-22,175.5108642578125
2023-08-23,179.3631591796875
2023-08-24,174.66912841796875
2023-08-25,176.87750244140625
2023-08-28,178.44216918945312
2023-08-29,182.3340606689453
2023-08-30,185.82977294921875
2023-08-31,186.04766845703125
2023-09-01,187.6222686767578
2023-09-05,187.85992431640625
2023-09-06,181.1357879638672
2023-09-07,175.83767700195312
2023-09-08,176.45167541503906
2023-09-11,177.62020874023438
2023-09-12,174.5899200439453
2023-09-13,172.52017211914062
2023-09-14,174.0353546142578
2023-09-15,173.31239318847656
2023-09-18,176.2436981201172
2023-09-19,177.3330535888672
2023-09-20,173.7877655029297
2023-09-21,172.24288940429688
2023-09-22,173.09454345703125
2023-09-25,174.37203979492188
2023-09-26,170.2919921875
2023-09-27,168.77684020996094
2023-09-28,169.03431701660156
2023-09-29,169.5492706298828
2023-10-02,172.06463623046875
2023-10-03,170.72772216796875
2023-10-04,171.97549438476562
2023-10-05,173.21337890625
2023-10-06,175.7683563232422
2023-10-09,177.2538299560547
2023-10-10,176.6596221923828
2023-10-11,178.0559539794922
2023-10-12,178.95712280273438
2023-10-13,177.11517333984375
2023-10-16,176.98641967773438
2023-10-17,175.43165588378906
2023-10-18,174.13436889648438
2023-10-19,173.75808715820312
2023-10-20,171.2030792236328
2023-10-23,171.3218994140625
2023-10-24,171.7576446533203
2023-10-25,169.44036865234375
2023-10-26,165.2711639404297
2023-10-27,166.58827209472656
2023-10-30,168.63818359375
2023-10-31,169.113525390625
2023-11-01,172.28248596191406
2023-11-02,175.8475799560547
2023-11-03,174.93650817871094
2023-11-06,177.49147033691406
2023-11-07,180.05638122558594
2023-11-08,181.11599731445312
2023-11-09,180.64064025878906
2023-11-10,184.8351287841797
2023-11-13,183.24856567382812
2023-11-14,185.8663787841797
2023-11-15,186.4315948486328
2023-11-16,188.11734008789062
2023-11-17,188.09750366210938
2023-11-20,189.84271240234375
2023-11-21,189.03953552246094
2023-11-22,189.7039031982422
2023-11-24,188.37513732910156
2023-11-27,188.1966552734375
2023-11-28,188.80152893066406
2023-11-29,187.7801971435547
2023-11-30,188.35533142089844
2023-12-01,189.63449096679688
2023-12-04,187.83969116210938
2023-12-05,191.7961883544922
2023-12-06,190.70545959472656
2023-12-07,192.63905334472656
2023-12-08,194.06695556640625
2023-12-11,191.55821228027344
2023-12-12,193.0753631591797
2023-12-13,196.29808044433594
2023-12-14,196.4468231201172
2023-12-15,195.91134643554688
2023-12-18,194.24546813964844
2023-12-19,195.28663635253906
2023-12-20,193.1943359375
2023-12-21,193.0456085205078
2023-12-22,191.97470092773438
2023-12-26,191.42930603027344
2023-12-27,191.52842712402344
2023-12-28,191.954833984375
2023-12-29,190.91368103027344
2024-01-02,184.0814971923828
2024-01-03,182.7031707763672
2024-01-04,180.3828125
2024-01-05,179.65895080566406
2024-01-08,184.00218200683594
2024-01-09,183.585693359375
2024-01-10,184.62689208984375
2024-01-11,184.03189086914062
2024-01-12,184.35916137695312
2024-01-16,182.08834838867188
2024-01-17,181.14634704589844
2024-01-18,187.04637145996094
2024-01-19,189.95181274414062
2024-01-22,192.26223754882812
2024-01-23,193.5413818359375
2024-01-24,192.86712646484375
2024-01-25,192.5398712158203
2024-01-26,190.80458068847656
2024-01-29,190.120361328125
2024-01-30,186.46133422851562
2024-01-31,182.85186767578125
2024-02-01,185.291259765625
2024-02-02,184.28976440429688
2024-02-05,186.10435485839844
2024-02-06,187.71078491210938
2024-02-07,187.81985473632812
2024-02-08,186.739013671875
2024-02-09,187.50350952148438
2024-02-12,185.81561279296875
2024-02-13,183.72067260742188
2024-02-14,182.8370361328125
2024-02-15,182.549072265625
2024-02-16,181.0101318359375
2024-02-20,180.26548767089844
2024-02-21,181.0200653076172
2024-02-22,183.05545043945312
2024-02-23,181.21865844726562
2024-02-26,179.8683319091797
2024-02-27,181.32786560058594
2024-02-28,180.12646484375
2024-02-29,179.46127319335938
2024-03-01,178.3790283203125
2024-03-04,173.85153198242188
2024-03-05,168.90704345703125
2024-03-06,167.9141845703125
2024-03-07,167.79502868652344
2024-03-08,169.51271057128906
2024-03-11,171.518310546875
2024-03-12,171.994873046875
2024-03-13,169.90985107421875
2024-03-14,171.7665252685547
2024-03-15,171.3892059326172
2024-03-18,172.48138427734375
2024-03-19,174.82456970214844
2024-03-20,177.39608764648438
2024-03-21,170.1481475830078
2024-03-22,171.05166625976562
2024-03-25,169.63185119628906
2024-03-26,168.5
2024-03-27,172.0742950439453
2024-03-28,170.25735473632812
2024-04-01,168.8177032470703
2024-04-02,167.63616943359375
2024-04-03,168.44039916992188
2024-04-04,167.61631774902344
2024-04-05,168.3708953857422
2024-04-08,167.24896240234375
2024-04-09,168.46026611328125
2024-04-10,166.58372497558594
2024-04-11,173.79197692871094
2024-04-12,175.2912139892578
2024-04-15,171.45870971679688
2024-04-16,168.17233276367188
2024-04-17,166.80218505859375
2024-04-18,165.84898376464844
2024-04-19,163.82357788085938
2024-04-22,164.65756225585938
2024-04-23,165.71002197265625
2024-04-24,167.8148956298828
2024-04-25,168.6787109375
2024-04-26,168.09291076660156
2024-04-29,172.26295471191406
2024-04-30,169.1155548095703
2024-05-01,168.09291076660156
2024-05-02,171.7963104248047
2024-05-03,182.07252502441406
2024-05-06,180.4144287109375
2024-05-07,181.0994873046875
2024-05-08,181.43707275390625
2024-05-09,183.25404357910156
2024-05-10,181.99136352539062
2024-05-13,185.20269775390625
2024-05-14,186.34603881835938
2024-05-15,188.62281799316406
2024-05-16,188.74209594726562
2024-05-17,188.7719268798828
2024-05-20,189.93515014648438
2024-05-21,191.23757934570312
2024-05-22,189.79595947265625
2024-05-23,185.79922485351562
2024-05-24,188.8812713623047
2024-05-28,188.89125061035156
2024-05-29,189.1894989013672
2024-05-30,190.18370056152344
2024-05-31,191.13816833496094
2024-06-03,192.9078826904297
2024-06-04,193.2260284423828
2024-06-05,194.73721313476562
2024-06-06,193.35525512695312
2024-06-07,195.75132751464844
2024-06-10,192.0031280517578
2024-06-11,205.95199584960938
2024-06-12,211.8377685546875
2024-06-13,213.00099182128906
2024-06-14,211.2611083984375
2024-06-17,215.4169464111328
2024-06-18,213.0507049560547
2024-06-20,208.4673614501953
2024-06-21,206.29005432128906
2024-06-24,206.936279296875
2024-06-25,207.86090087890625
2024-06-26,212.0167236328125
2024-06-27,212.86180114746094
2024-06-28,209.40191650390625
2024-07-01,215.49647521972656
2024-07-02,218.99612426757812
2024-07-03,220.2687225341797
2024-07-05,225.03102111816406
2024-07-08,226.50247192382812
2024-07-09,227.35748291015625
2024-07-10,231.6326141357422
2024-07-11,226.25390625
2024-07-12,229.2067108154297
2024-07-15,233.04440307617188
2024-07-16,233.46197509765625
2024-07-17,227.55633544921875
2024-07-18,222.8834991455078
2024-07-19,223.0127716064453
2024-07-22,222.664794921875
2024-07-23,223.70870971679688
2024-07-24,217.276123046875
2024-07-25,216.23219299316406
2024-07-26,216.69949340820312
2024-07-29,216.97787475585938
2024-07-30,217.5346221923828
2024-07-31,220.795654296875
2024-08-01,217.09718322753906
2024-08-02,218.58848571777344
2024-08-05,208.0597381591797
2024-08-06,206.03152465820312
2024-08-07,208.6065673828125
2024-08-08,212.0763702392578
2024-08-09,214.9894561767578
2024-08-12,216.5222930908203
2024-08-13,220.24497985839844
2024-08-14,220.69288635253906
2024-08-15,223.6790008544922
2024-08-16,225.00283813476562
2024-08-19,224.84356689453125
2024-08-20,225.460693359375
2024-08-21,225.35121154785156
2024-08-22,223.4898681640625
2024-08-23,225.78916931152344
2024-08-26,226.12759399414062
2024-08-27,226.97366333007812
2024-08-28,225.4407958984375
2024-08-29,228.7255096435547
2024-08-30,227.9391632080078
2024-09-03,221.738037109375
2024-09-04,219.82691955566406
2024-09-05,221.34983825683594
2024-09-06,219.79705810546875
2024-09-09,219.8866424560547
2024-09-10,219.09034729003906
2024-09-11,221.6285400390625
2024-09-12,221.738037109375
2024-09-13,221.46926879882812
2024-09-16,215.3179168701172
2024-09-17,215.78570556640625
2024-09-18,219.6676788330078
2024-09-19,227.8097686767578
2024-09-20,227.1428680419922
2024-09-23,225.4208984375
2024-09-24,226.31671142578125
2024-09-25,225.3213348388672
2024-09-26,226.4660186767578
2024-09-27,226.73475646972656
2024-09-30,231.92063903808594
2024-10-01,225.16209411621094
2024-10-02,225.7294464111328
2024-10-03,224.6245880126953
2024-10-04,225.7493438720703
2024-10-07,220.6630401611328
2024-10-08,224.72413635253906
2024-10-09,228.47665405273438
2024-10-10,227.97897338867188
2024-10-11,226.4958953857422
2024-10-14,230.22853088378906
2024-10-15,232.76669311523438
2024-10-16,230.70628356933594
2024-10-17,231.07456970214844
2024-10-18,233.91136169433594
2024-10-21,235.38449096679688
2024-10-22,234.76739501953125
2024-10-23,229.6909942626953
2024-10-24,229.5019073486328
2024-10-25,230.3380126953125
2024-10-28,232.31878662109375
2024-10-29,232.58753967285156
2024-10-30,229.03408813476562
2024-10-31,224.8634796142578
2024-11-01,221.8773651123047
2024-11-04,220.98153686523438
2024-11-05,222.41488647460938
2024-11-06,221.68824768066406
2024-11-07,226.42620849609375
2024-11-08,226.15716552734375
2024-11-11,223.4368133544922
2024-11-12,223.4368133544922
2024-11-13,224.3236541748047
2024-11-14,227.41270446777344
2024-11-15,224.2041015625
2024-11-18,227.21340942382812
2024-11-19,227.4724884033203
2024-11-20,228.18994140625
2024-11-21,227.71165466308594
2024-11-22,229.05686950683594
2024-11-25,232.04624938964844
2024-11-26,234.228515625
2024-11-27,234.0989532470703
2024-11-29,236.490478515625
2024-12-02,238.74246215820312
2024-12-03,241.79165649414062
2024-12-04,242.150390625
2024-12-05,242.18026733398438
2024-12-06,241.98097229003906
2024-12-09,245.8771514892578
2024-12-10,246.8935546875
2024-12-11,245.6180877685547
2024-12-12,247.08287048339844
2024-12-13,247.2522735595703
2024-12-16,250.1519775390625
2024-12-17,252.58334350585938
2024-12-18,247.1725616455078
2024-12-19,248.90640258789062
2024-12-20,253.58978271484375
2024-12-23,254.3670196533203
2024-12-24,257.28668212890625
2024-12-26,258.1037292480469
2024-12-27,254.6858673095703
2024-12-30,251.30787658691406
2024-12-31,249.5341796875
