Date,AMZN
2018-01-02,59.45050048828125
2018-01-03,60.209999084472656
2018-01-04,60.47949981689453
2018-01-05,61.457000732421875
2018-01-08,62.34349822998047
2018-01-09,62.6349983215332
2018-01-10,62.71649932861328
2018-01-11,63.83399963378906
2018-01-12,65.26000213623047
2018-01-16,65.24299621582031
2018-01-17,64.75
2018-01-18,64.66600036621094
2018-01-19,64.72899627685547
2018-01-22,66.3655014038086
2018-01-23,68.12699890136719
2018-01-24,67.87550354003906
2018-01-25,68.89749908447266
2018-01-26,70.10250091552734
2018-01-29,70.88400268554688
2018-01-30,71.89099884033203
2018-01-31,72.54450225830078
2018-02-01,69.5
2018-02-02,71.49749755859375
2018-02-05,69.5
2018-02-06,72.14199829101562
2018-02-07,70.83899688720703
2018-02-08,67.5250015258789
2018-02-09,66.9800033569336
2018-02-12,69.3115005493164
2018-02-13,70.72550201416016
2018-02-14,72.55249786376953
2018-02-15,73.08799743652344
2018-02-16,72.43450164794922
2018-02-20,73.4175033569336
2018-02-21,74.14600372314453
2018-02-22,74.26699829101562
2018-02-23,75.0
2018-02-26,76.09750366210938
2018-02-27,75.5989990234375
2018-02-28,75.62249755859375
2018-03-01,74.67250061035156
2018-03-02,75.01249694824219
2018-03-05,76.18049621582031
2018-03-06,76.88200378417969
2018-03-07,77.25
2018-03-08,77.59300231933594
2018-03-09,78.94450378417969
2018-03-12,79.91950225830078
2018-03-13,79.40899658203125
2018-03-14,79.55000305175781
2018-03-15,79.11599731445312
2018-03-16,78.58399963378906
2018-03-19,77.24649810791016
2018-03-20,79.32550048828125
2018-03-21,79.09300231933594
2018-03-22,77.24600219726562
2018-03-23,74.77799987792969
2018-03-26,77.79299926757812
2018-03-27,74.85250091552734
2018-03-28,71.57099914550781
2018-03-29,72.36699676513672
2018-04-02,68.59950256347656
2018-04-03,69.60250091552734
2018-04-04,70.52850341796875
2018-04-05,72.5875015258789
2018-04-06,70.2614974975586
2018-04-09,70.30400085449219
2018-04-10,71.81099700927734
2018-04-11,71.35250091552734
2018-04-12,72.42500305175781
2018-04-13,71.53949737548828
2018-04-16,72.07499694824219
2018-04-17,75.19149780273438
2018-04-18,76.39199829101562
2018-04-19,77.84549713134766
2018-04-20,76.37449645996094
2018-04-23,75.89299774169922
2018-04-24,73.00450134277344
2018-04-25,73.00849914550781
2018-04-26,75.89800262451172
2018-04-27,78.63099670410156
2018-04-30,78.30650329589844
2018-05-01,79.11299896240234
2018-05-02,78.48400115966797
2018-05-03,78.60399627685547
2018-05-04,79.04750061035156
2018-05-07,80.00700378417969
2018-05-08,79.61949920654297
2018-05-09,80.4000015258789
2018-05-10,80.4540023803711
2018-05-11,80.14550018310547
2018-05-14,80.0770034790039
2018-05-15,78.80599975585938
2018-05-16,79.36399841308594
2018-05-17,79.08799743652344
2018-05-18,78.71849822998047
2018-05-21,79.27300262451172
2018-05-22,79.06999969482422
2018-05-23,80.09300231933594
2018-05-24,80.15350341796875
2018-05-25,80.50749969482422
2018-05-29,80.64350128173828
2018-05-30,81.24449920654297
2018-05-31,81.48100280761719
2018-06-01,82.0770034790039
2018-06-04,83.26349639892578
2018-06-05,84.81749725341797
2018-06-06,84.7874984741211
2018-06-07,84.46499633789062
2018-06-08,84.19950103759766
2018-06-11,84.45600128173828
2018-06-12,84.9375
2018-06-13,85.24299621582031
2018-06-14,86.19300079345703
2018-06-15,85.79850006103516
2018-06-18,86.18949890136719
2018-06-19,86.73899841308594
2018-06-20,87.50399780273438
2018-06-21,86.51100158691406
2018-06-22,85.78350067138672
2018-06-25,83.15750122070312
2018-06-26,84.55449676513672
2018-06-27,83.02549743652344
2018-06-28,85.07250213623047
2018-06-29,84.98999786376953
2018-07-02,85.68900299072266
2018-07-03,84.697998046875
2018-07-05,84.98650360107422
2018-07-06,85.53150177001953
2018-07-09,86.95099639892578
2018-07-10,87.15350341796875
2018-07-11,87.75
2018-07-12,89.83100128173828
2018-07-13,90.65149688720703
2018-07-16,91.12449645996094
2018-07-17,92.19650268554688
2018-07-18,92.14600372314453
2018-07-19,90.64849853515625
2018-07-20,90.68499755859375
2018-07-23,90.0999984741211
2018-07-24,91.46199798583984
2018-07-25,93.18049621582031
2018-07-26,90.4000015258789
2018-07-27,90.8635025024414
2018-07-30,88.96099853515625
2018-07-31,88.87200164794922
2018-08-01,89.8584976196289
2018-08-02,91.71649932861328
2018-08-03,91.16449737548828
2018-08-06,92.38749694824219
2018-08-07,93.1240005493164
2018-08-08,94.32599639892578
2018-08-09,94.9260025024414
2018-08-10,94.31500244140625
2018-08-13,94.80999755859375
2018-08-14,95.98249816894531
2018-08-15,94.13099670410156
2018-08-16,94.32599639892578
2018-08-17,94.11100006103516
2018-08-20,93.83550262451172
2018-08-21,94.1709976196289
2018-08-22,95.24500274658203
2018-08-23,95.1449966430664
2018-08-24,95.26950073242188
2018-08-27,96.38400268554688
2018-08-28,96.64099884033203
2018-08-29,99.90499877929688
2018-08-30,100.11900329589844
2018-08-31,100.635498046875
2018-09-04,101.97550201416016
2018-09-05,99.74099731445312
2018-09-06,97.91549682617188
2018-09-07,97.60350036621094
2018-09-10,96.95050048828125
2018-09-11,99.35749816894531
2018-09-12,99.5
2018-09-13,99.49349975585938
2018-09-14,98.5094985961914
2018-09-17,95.40149688720703
2018-09-18,97.05249786376953
2018-09-19,96.32099914550781
2018-09-20,97.21499633789062
2018-09-21,95.75050354003906
2018-09-24,96.71800231933594
2018-09-25,98.72750091552734
2018-09-26,98.74250030517578
2018-09-27,100.64900207519531
2018-09-28,100.1500015258789
2018-10-01,100.21800231933594
2018-10-02,98.56549835205078
2018-10-03,97.63800048828125
2018-10-04,95.47100067138672
2018-10-05,94.48249816894531
2018-10-08,93.22100067138672
2018-10-09,93.51599884033203
2018-10-10,87.76249694824219
2018-10-11,85.96800231933594
2018-10-12,89.43049621582031
2018-10-15,88.04750061035156
2018-10-16,90.99800109863281
2018-10-17,91.58650207519531
2018-10-18,88.53600311279297
2018-10-19,88.20149993896484
2018-10-22,89.46499633789062
2018-10-23,88.43499755859375
2018-10-24,83.20999908447266
2018-10-25,89.1084976196289
2018-10-26,82.1405029296875
2018-10-29,76.94400024414062
2018-10-30,76.52100372314453
2018-10-31,79.90049743652344
2018-11-01,83.27649688720703
2018-11-02,83.27649688720703
2018-11-05,81.38999938964844
2018-11-06,82.1405029296875
2018-11-07,87.77449798583984
2018-11-08,87.74549865722656
2018-11-09,85.62149810791016
2018-11-12,81.84249877929688
2018-11-13,81.55850219726562
2018-11-14,79.95050048828125
2018-11-15,80.97200012207031
2018-11-16,79.67050170898438
2018-11-19,75.614501953125
2018-11-20,74.77300262451172
2018-11-21,75.83650207519531
2018-11-23,75.10299682617188
2018-11-26,79.06649780273438
2018-11-27,79.07099914550781
2018-11-28,83.88749694824219
2018-11-29,83.67849731445312
2018-11-30,84.50849914550781
2018-12-03,88.61799621582031
2018-12-04,83.41999816894531
2018-12-06,84.95950317382812
2018-12-07,81.45649719238281
2018-12-10,82.05149841308594
2018-12-11,82.16200256347656
2018-12-12,83.177001953125
2018-12-13,82.91899871826172
2018-12-14,79.59549713134766
2018-12-17,76.04550170898438
2018-12-18,77.5739974975586
2018-12-19,74.75399780273438
2018-12-20,73.04149627685547
2018-12-21,68.87249755859375
2018-12-24,67.197998046875
2018-12-26,73.54499816894531
2018-12-27,73.08200073242188
2018-12-28,73.9010009765625
2018-12-31,75.09850311279297
2019-01-02,76.95649719238281
2019-01-03,75.01399993896484
2019-01-04,78.76950073242188
2019-01-07,81.47550201416016
2019-01-08,82.8290023803711
2019-01-09,82.97100067138672
2019-01-10,82.81099700927734
2019-01-11,82.02799987792969
2019-01-14,80.8604965209961
2019-01-15,83.72799682617188
2019-01-16,84.18900299072266
2019-01-17,84.66100311279297
2019-01-18,84.80999755859375
2019-01-22,81.6084976196289
2019-01-23,82.0009994506836
2019-01-24,82.74649810791016
2019-01-25,83.52850341796875
2019-01-28,81.89450073242188
2019-01-29,79.69400024414062
2019-01-30,83.52149963378906
2019-01-31,85.9365005493164
2019-02-01,81.3115005493164
2019-02-04,81.66549682617188
2019-02-05,82.94049835205078
2019-02-06,82.01300048828125
2019-02-07,80.71849822998047
2019-02-08,79.41100311279297
2019-02-11,79.55000305175781
2019-02-12,81.90049743652344
2019-02-13,82.0
2019-02-14,81.13249969482422
2019-02-15,80.39749908447266
2019-02-19,81.37899780273438
2019-02-20,81.1050033569336
2019-02-21,80.97200012207031
2019-02-22,81.5780029296875
2019-02-25,81.6500015258789
2019-02-26,81.81999969482422
2019-02-27,82.05449676513672
2019-02-28,81.99150085449219
2019-03-01,83.58650207519531
2019-03-04,84.80850219726562
2019-03-05,84.62149810791016
2019-03-06,83.44750213623047
2019-03-07,81.29750061035156
2019-03-08,81.04000091552734
2019-03-11,83.53099822998047
2019-03-12,83.65499877929688
2019-03-13,84.54049682617188
2019-03-14,84.31099700927734
2019-03-15,85.61799621582031
2019-03-18,87.10749816894531
2019-03-19,88.09249877929688
2019-03-20,89.8635025024414
2019-03-21,90.96299743652344
2019-03-22,88.2385025024414
2019-03-25,88.71299743652344
2019-03-26,89.18800354003906
2019-03-27,88.28500366210938
2019-03-28,88.6709976196289
2019-03-29,89.0374984741211
2019-04-01,90.70950317382812
2019-04-02,90.6989974975586
2019-04-03,91.03500366210938
2019-04-04,90.94300079345703
2019-04-05,91.86399841308594
2019-04-08,92.49299621582031
2019-04-09,91.79199981689453
2019-04-10,92.36650085449219
2019-04-11,92.20349884033203
2019-04-12,92.15299987792969
2019-04-15,92.24349975585938
2019-04-16,93.1520004272461
2019-04-17,93.24099731445312
2019-04-18,93.08450317382812
2019-04-22,94.3655014038086
2019-04-23,96.1884994506836
2019-04-24,95.0875015258789
2019-04-25,95.11250305175781
2019-04-26,97.53150177001953
2019-04-29,96.92150115966797
2019-04-30,96.32599639892578
2019-05-01,95.57599639892578
2019-05-02,95.04100036621094
2019-05-03,98.12300109863281
2019-05-06,97.52749633789062
2019-05-07,96.05000305175781
2019-05-08,95.88849639892578
2019-05-09,94.99349975585938
2019-05-10,94.4990005493164
2019-05-13,91.13400268554688
2019-05-14,92.00599670410156
2019-05-15,93.55750274658203
2019-05-16,95.37850189208984
2019-05-17,93.44999694824219
2019-05-20,92.94850158691406
2019-05-21,92.8759994506836
2019-05-22,92.98400115966797
2019-05-23,90.77400207519531
2019-05-24,91.16400146484375
2019-05-28,91.82150268554688
2019-05-29,90.95950317382812
2019-05-30,90.81600189208984
2019-05-31,88.75350189208984
2019-06-03,84.6344985961914
2019-06-04,86.47799682617188
2019-06-05,86.92500305175781
2019-06-06,87.71800231933594
2019-06-07,90.20149993896484
2019-06-10,93.03150177001953
2019-06-11,93.18499755859375
2019-06-12,92.76599884033203
2019-06-13,93.51499938964844
2019-06-14,93.4834976196289
2019-06-17,94.30149841308594
2019-06-18,95.06849670410156
2019-06-19,95.43949890136719
2019-06-20,95.90950012207031
2019-06-21,95.56500244140625
2019-06-24,95.69499969482422
2019-06-25,93.91349792480469
2019-06-26,94.8915023803711
2019-06-27,95.21399688720703
2019-06-28,94.68150329589844
2019-07-01,96.1094970703125
2019-07-02,96.71549987792969
2019-07-03,96.94999694824219
2019-07-05,97.14550018310547
2019-07-08,97.61599731445312
2019-07-09,99.41500091552734
2019-07-10,100.87049865722656
2019-07-11,100.05349731445312
2019-07-12,100.55000305175781
2019-07-15,101.04949951171875
2019-07-16,100.49500274658203
2019-07-17,99.60150146484375
2019-07-18,98.8949966430664
2019-07-19,98.22599792480469
2019-07-22,99.28150177001953
2019-07-23,99.72450256347656
2019-07-24,100.04049682617188
2019-07-25,98.69100189208984
2019-07-26,97.15249633789062
2019-07-29,95.62249755859375
2019-07-30,94.92649841308594
2019-07-31,93.33899688720703
2019-08-01,92.76599884033203
2019-08-02,91.16200256347656
2019-08-05,88.25650024414062
2019-08-06,89.3915023803711
2019-08-07,89.66999816894531
2019-08-08,91.64450073242188
2019-08-09,90.37899780273438
2019-08-12,89.24600219726562
2019-08-13,91.21700286865234
2019-08-14,88.14800262451172
2019-08-15,88.80599975585938
2019-08-16,89.62850189208984
2019-08-19,90.80599975585938
2019-08-20,90.06900024414062
2019-08-21,91.177001953125
2019-08-22,90.23300170898438
2019-08-23,87.48100280761719
2019-08-26,88.44349670410156
2019-08-27,88.09149932861328
2019-08-28,88.2125015258789
2019-08-29,89.31999969482422
2019-08-30,88.81449890136719
2019-09-03,89.49199676513672
2019-09-04,90.03099822998047
2019-09-05,92.03600311279297
2019-09-06,91.67549896240234
2019-09-09,91.56749725341797
2019-09-10,91.02749633789062
2019-09-11,91.14949798583984
2019-09-12,92.17749786376953
2019-09-13,91.96700286865234
2019-09-16,90.39199829101562
2019-09-17,91.12750244140625
2019-09-18,90.87300109863281
2019-09-19,91.07499694824219
2019-09-20,89.70800018310547
2019-09-23,89.26499938964844
2019-09-24,87.08049774169922
2019-09-25,88.41649627685547
2019-09-26,86.99199676513672
2019-09-27,86.27249908447266
2019-09-30,86.79550170898438
2019-10-01,86.78250122070312
2019-10-02,85.6614990234375
2019-10-03,86.22100067138672
2019-10-04,86.98249816894531
2019-10-07,86.63300323486328
2019-10-08,85.27549743652344
2019-10-09,86.09950256347656
2019-10-10,86.01300048828125
2019-10-11,86.59600067138672
2019-10-14,86.82150268554688
2019-10-15,88.36900329589844
2019-10-16,88.87149810791016
2019-10-17,89.3740005493164
2019-10-18,87.87550354003906
2019-10-21,89.28299713134766
2019-10-22,88.2864990234375
2019-10-23,88.1084976196289
2019-10-24,89.03900146484375
2019-10-25,88.06649780273438
2019-10-28,88.85399627685547
2019-10-29,88.135498046875
2019-10-30,88.99949645996094
2019-10-31,88.83300018310547
2019-11-01,89.5719985961914
2019-11-04,90.23300170898438
2019-11-05,90.08550262451172
2019-11-06,89.78849792480469
2019-11-07,89.41000366210938
2019-11-08,89.29399871826172
2019-11-11,88.5824966430664
2019-11-12,88.9000015258789
2019-11-13,87.65550231933594
2019-11-14,87.7300033569336
2019-11-15,86.97450256347656
2019-11-18,87.62650299072266
2019-11-19,87.6395034790039
2019-11-20,87.27649688720703
2019-11-21,86.7354965209961
2019-11-22,87.28600311279297
2019-11-25,88.69200134277344
2019-11-26,89.84700012207031
2019-11-27,90.92549896240234
2019-11-29,90.04000091552734
2019-12-02,89.08000183105469
2019-12-03,88.49800109863281
2019-12-04,88.03450012207031
2019-12-05,87.02400207519531
2019-12-06,87.58000183105469
2019-12-09,87.47550201416016
2019-12-10,86.96050262451172
2019-12-11,87.43599700927734
2019-12-12,88.0165023803711
2019-12-13,88.0469970703125
2019-12-16,88.46050262451172
2019-12-17,89.53299713134766
2019-12-18,89.20149993896484
2019-12-19,89.61399841308594
2019-12-20,89.32499694824219
2019-12-23,89.6500015258789
2019-12-24,89.46050262451172
2019-12-26,93.4384994506836
2019-12-27,93.48999786376953
2019-12-30,92.34449768066406
2019-12-31,92.39199829101562
2020-01-02,94.90049743652344
2020-01-03,93.74849700927734
2020-01-06,95.14399719238281
2020-01-07,95.34300231933594
2020-01-08,94.59850311279297
2020-01-09,95.05249786376953
2020-01-10,94.15799713134766
2020-01-13,94.56500244140625
2020-01-14,93.47200012207031
2020-01-15,93.10099792480469
2020-01-16,93.89700317382812
2020-01-17,93.23600006103516
2020-01-21,94.5999984741211
2020-01-22,94.37300109863281
2020-01-23,94.22899627685547
2020-01-24,93.08200073242188
2020-01-27,91.41699981689453
2020-01-28,92.6624984741211
2020-01-29,92.9000015258789
2020-01-30,93.53399658203125
2020-01-31,100.43599700927734
2020-02-03,100.20999908447266
2020-02-04,102.4834976196289
2020-02-05,101.99349975585938
2020-02-06,102.5114974975586
2020-02-07,103.96399688720703
2020-02-10,106.69550323486328
2020-02-11,107.54000091552734
2020-02-12,108.0
2020-02-13,107.49349975585938
2020-02-14,106.74349975585938
2020-02-18,107.78350067138672
2020-02-19,108.51100158691406
2020-02-20,107.65499877929688
2020-02-21,104.79850006103516
2020-02-24,100.4645004272461
2020-02-25,98.63700103759766
2020-02-26,98.97949981689453
2020-02-27,94.21499633789062
2020-02-28,94.1875
2020-03-02,97.69750213623047
2020-03-03,95.44950103759766
2020-03-04,98.79149627685547
2020-03-05,96.20149993896484
2020-03-06,95.05449676513672
2020-03-09,90.03050231933594
2020-03-10,94.59100341796875
2020-03-11,91.04299926757812
2020-03-12,83.83049774169922
2020-03-13,89.25
2020-03-16,84.4574966430664
2020-03-17,90.39199829101562
2020-03-18,91.5
2020-03-19,94.04650115966797
2020-03-20,92.30449676513672
2020-03-23,95.1415023803711
2020-03-24,97.00499725341797
2020-03-25,94.29199981689453
2020-03-26,97.77449798583984
2020-03-27,95.00499725341797
2020-03-30,98.19750213623047
2020-03-31,97.48600006103516
2020-04-01,95.38500213623047
2020-04-02,95.94149780273438
2020-04-03,95.32949829101562
2020-04-06,99.87950134277344
2020-04-07,100.58000183105469
2020-04-08,102.1500015258789
2020-04-09,102.13800048828125
2020-04-13,108.44349670410156
2020-04-14,114.16600036621094
2020-04-15,115.38400268554688
2020-04-16,120.40950012207031
2020-04-17,118.75
2020-04-20,119.68049621582031
2020-04-21,116.40599822998047
2020-04-22,118.17449951171875
2020-04-23,119.97250366210938
2020-04-24,120.51100158691406
2020-04-27,118.80000305175781
2020-04-28,115.7040023803711
2020-04-29,118.635498046875
2020-04-30,123.69999694824219
2020-05-01,114.302001953125
2020-05-04,115.79949951171875
2020-05-05,115.88999938964844
2020-05-06,117.56300354003906
2020-05-07,118.38050079345703
2020-05-08,118.98049926757812
2020-05-11,120.44999694824219
2020-05-12,117.84750366210938
2020-05-13,118.39600372314453
2020-05-14,119.44249725341797
2020-05-15,120.48899841308594
2020-05-18,121.31300354003906
2020-05-19,122.46649932861328
2020-05-20,124.89700317382812
2020-05-21,122.33699798583984
2020-05-22,121.84400177001953
2020-05-26,121.09300231933594
2020-05-27,120.51950073242188
2020-05-28,120.05500030517578
2020-05-29,122.11849975585938
2020-06-01,123.552001953125
2020-06-02,123.62049865722656
2020-06-03,123.91999816894531
2020-06-04,123.02999877929688
2020-06-05,124.1500015258789
2020-06-08,126.2030029296875
2020-06-09,130.04299926757812
2020-06-10,132.37249755859375
2020-06-11,127.89800262451172
2020-06-12,127.2509994506836
2020-06-15,128.63400268554688
2020-06-16,130.7635040283203
2020-06-17,132.0489959716797
2020-06-18,132.69900512695312
2020-06-19,133.75050354003906
2020-06-22,135.6909942626953
2020-06-23,138.2205047607422
2020-06-24,136.72000122070312
2020-06-25,137.72900390625
2020-06-26,134.64349365234375
2020-06-29,134.0189971923828
2020-06-30,137.9409942626953
2020-07-01,143.93499755859375
2020-07-02,144.51499938964844
2020-07-06,152.8520050048828
2020-07-07,150.00599670410156
2020-07-08,154.0554962158203
2020-07-09,159.13150024414062
2020-07-10,160.0
2020-07-13,155.1999969482422
2020-07-14,154.1999969482422
2020-07-15,150.44349670410156
2020-07-16,149.9949951171875
2020-07-17,148.09849548339844
2020-07-20,159.8419952392578
2020-07-21,156.9145050048828
2020-07-22,154.99549865722656
2020-07-23,149.32749938964844
2020-07-24,150.44549560546875
2020-07-27,152.760498046875
2020-07-28,150.01649475097656
2020-07-29,151.67649841308594
2020-07-30,152.593994140625
2020-07-31,158.23399353027344
2020-08-03,155.59449768066406
2020-08-04,156.94149780273438
2020-08-05,160.25149536132812
2020-08-06,161.25
2020-08-07,158.3730010986328
2020-08-10,157.4080047607422
2020-08-11,154.0334930419922
2020-08-12,158.11199951171875
2020-08-13,158.05099487304688
2020-08-14,157.4010009765625
2020-08-17,159.12049865722656
2020-08-18,165.62449645996094
2020-08-19,163.0240020751953
2020-08-20,164.86849975585938
2020-08-21,164.23599243164062
2020-08-24,165.3730010986328
2020-08-25,167.32449340820312
2020-08-26,172.09249877929688
2020-08-27,170.0
2020-08-28,170.08999633789062
2020-08-31,172.54800415039062
2020-09-01,174.95599365234375
2020-09-02,176.57249450683594
2020-09-03,168.39999389648438
2020-09-04,164.7310028076172
2020-09-08,157.49200439453125
2020-09-09,163.4304962158203
2020-09-10,158.7554931640625
2020-09-11,155.81100463867188
2020-09-14,155.14849853515625
2020-09-15,157.80650329589844
2020-09-16,153.90499877929688
2020-09-17,150.43649291992188
2020-09-18,147.74549865722656
2020-09-21,148.02349853515625
2020-09-22,156.44949340820312
2020-09-23,149.9929962158203
2020-09-24,150.989501953125
2020-09-25,154.75650024414062
2020-09-28,158.70249938964844
2020-09-29,157.24400329589844
2020-09-30,157.43649291992188
2020-10-01,161.06300354003906
2020-10-02,156.25
2020-10-05,159.9600067138672
2020-10-06,154.9980010986328
2020-10-07,159.7845001220703
2020-10-08,159.52749633789062
2020-10-09,164.33250427246094
2020-10-12,172.14649963378906
2020-10-13,172.18150329589844
2020-10-14,168.1855010986328
2020-10-15,166.9324951171875
2020-10-16,163.635498046875
2020-10-19,160.36050415039062
2020-10-20,160.85049438476562
2020-10-21,159.2469940185547
2020-10-22,158.82000732421875
2020-10-23,160.22000122070312
2020-10-26,160.3520050048828
2020-10-27,164.31649780273438
2020-10-28,158.13900756835938
2020-10-29,160.55050659179688
2020-10-30,151.8074951171875
2020-11-02,150.2239990234375
2020-11-03,152.42050170898438
2020-11-04,162.05799865722656
2020-11-05,166.10000610351562
2020-11-06,165.56849670410156
2020-11-09,157.18699645996094
2020-11-10,151.75100708007812
2020-11-11,156.8695068359375
2020-11-12,155.51400756835938
2020-11-13,156.4405059814453
2020-11-16,156.55299377441406
2020-11-17,156.7830047607422
2020-11-18,155.2729949951172
2020-11-19,155.8509979248047
2020-11-20,154.97000122070312
2020-11-23,154.91949462890625
2020-11-24,155.9029998779297
2020-11-25,159.2534942626953
2020-11-27,159.76699829101562
2020-11-30,158.40199279785156
2020-12-01,161.00399780273438
2020-12-02,160.17649841308594
2020-12-03,159.3365020751953
2020-12-04,158.12899780273438
2020-12-07,157.89999389648438
2020-12-08,158.864501953125
2020-12-09,155.2100067138672
2020-12-10,155.07449340820312
2020-12-11,155.8209991455078
2020-12-14,157.84849548339844
2020-12-15,158.25599670410156
2020-12-16,162.04800415039062
2020-12-17,161.8040008544922
2020-12-18,160.08250427246094
2020-12-21,160.3090057373047
2020-12-22,160.3260040283203
2020-12-23,159.2635040283203
2020-12-24,158.63450622558594
2020-12-28,164.197998046875
2020-12-29,166.10000610351562
2020-12-30,164.29249572753906
2020-12-31,162.84649658203125
2021-01-04,159.3314971923828
2021-01-05,160.92550659179688
2021-01-06,156.91900634765625
2021-01-07,158.10800170898438
2021-01-08,159.13499450683594
2021-01-11,155.7104949951172
2021-01-12,156.04150390625
2021-01-13,158.29449462890625
2021-01-14,156.37350463867188
2021-01-15,155.21249389648438
2021-01-19,156.03799438476562
2021-01-20,163.16900634765625
2021-01-21,165.34950256347656
2021-01-22,164.6114959716797
2021-01-25,164.6999969482422
2021-01-26,166.30650329589844
2021-01-27,161.62899780273438
2021-01-28,161.88099670410156
2021-01-29,160.30999755859375
2021-02-01,167.1439971923828
2021-02-02,169.0
2021-02-03,165.62649536132812
2021-02-04,166.5500030517578
2021-02-05,167.6074981689453
2021-02-08,166.14700317382812
2021-02-09,165.25
2021-02-10,164.32899475097656
2021-02-11,163.10650634765625
2021-02-12,163.885498046875
2021-02-16,163.44749450683594
2021-02-17,165.4320068359375
2021-02-18,166.4114990234375
2021-02-19,162.4949951171875
2021-02-22,159.03700256347656
2021-02-23,159.72500610351562
2021-02-24,157.97650146484375
2021-02-25,152.85800170898438
2021-02-26,154.64649963378906
2021-03-01,157.3070068359375
2021-03-02,154.72650146484375
2021-03-03,150.25
2021-03-04,148.8784942626953
2021-03-05,150.0229949951172
2021-03-08,147.59750366210938
2021-03-09,153.1425018310547
2021-03-10,152.8820037841797
2021-03-11,155.67950439453125
2021-03-12,154.47450256347656
2021-03-15,154.08399963378906
2021-03-16,154.59300231933594
2021-03-17,156.7864990234375
2021-03-18,151.39950561523438
2021-03-19,153.7480010986328
2021-03-22,155.5435028076172
2021-03-23,156.875
2021-03-24,154.35350036621094
2021-03-25,152.31300354003906
2021-03-26,152.60150146484375
2021-03-29,153.7864990234375
2021-03-30,152.76449584960938
2021-03-31,154.70399475097656
2021-04-01,158.0500030517578
2021-04-05,161.3365020751953
2021-04-06,161.1909942626953
2021-04-07,163.96949768066406
2021-04-08,164.96499633789062
2021-04-09,168.61000061035156
2021-04-12,168.96949768066406
2021-04-13,170.0
2021-04-14,166.64999389648438
2021-04-15,168.95449829101562
2021-04-16,169.9720001220703
2021-04-19,168.60049438476562
2021-04-20,166.7344970703125
2021-04-21,168.1009979248047
2021-04-22,165.45199584960938
2021-04-23,167.04400634765625
2021-04-26,170.4499969482422
2021-04-27,170.8715057373047
2021-04-28,172.9250030517578
2021-04-29,173.5655059814453
2021-04-30,173.37100219726562
2021-05-03,169.32449340820312
2021-05-04,165.593505859375
2021-05-05,163.52699279785156
2021-05-06,165.31849670410156
2021-05-07,164.58050537109375
2021-05-10,159.52450561523438
2021-05-11,161.19549560546875
2021-05-12,157.5970001220703
2021-05-13,158.07350158691406
2021-05-14,161.14500427246094
2021-05-17,163.51950073242188
2021-05-18,161.61399841308594
2021-05-19,161.58999633789062
2021-05-20,162.38400268554688
2021-05-21,160.1540069580078
2021-05-24,162.24949645996094
2021-05-25,162.95249938964844
2021-05-26,163.25799560546875
2021-05-27,161.5054931640625
2021-05-28,161.15350341796875
2021-06-01,160.9324951171875
2021-06-02,161.69949340820312
2021-06-03,159.35049438476562
2021-06-04,160.31100463867188
2021-06-07,159.90049743652344
2021-06-08,163.20550537109375
2021-06-09,164.0574951171875
2021-06-10,167.4824981689453
2021-06-11,167.3415069580078
2021-06-14,169.19349670410156
2021-06-15,169.156494140625
2021-06-16,170.7624969482422
2021-06-17,174.46200561523438
2021-06-18,174.34500122070312
2021-06-21,172.697998046875
2021-06-22,175.27200317382812
2021-06-23,175.1909942626953
2021-06-24,172.45399475097656
2021-06-25,170.072998046875
2021-06-28,172.1945037841797
2021-06-29,172.40699768066406
2021-06-30,172.00799560546875
2021-07-01,171.64849853515625
2021-07-02,175.5489959716797
2021-07-06,183.78700256347656
2021-07-07,184.82899475097656
2021-07-08,186.57049560546875
2021-07-09,185.9669952392578
2021-07-12,185.92750549316406
2021-07-13,183.8679962158203
2021-07-14,184.08399963378906
2021-07-15,181.55999755859375
2021-07-16,178.68150329589844
2021-07-19,177.47950744628906
2021-07-20,178.6595001220703
2021-07-21,179.25999450683594
2021-07-22,181.90150451660156
2021-07-23,182.83200073242188
2021-07-26,184.99099731445312
2021-07-27,181.3195037841797
2021-07-28,181.51600646972656
2021-07-29,179.99600219726562
2021-07-30,166.37950134277344
2021-08-02,166.57400512695312
2021-08-03,168.31199645996094
2021-08-04,167.73599243164062
2021-08-05,168.79949951171875
2021-08-06,167.2469940185547
2021-08-09,167.093505859375
2021-08-10,166.03399658203125
2021-08-11,164.60549926757812
2021-08-12,165.1750030517578
2021-08-13,164.69850158691406
2021-08-16,164.94949340820312
2021-08-17,162.09800720214844
2021-08-18,160.06100463867188
2021-08-19,159.3874969482422
2021-08-20,159.99749755859375
2021-08-23,163.2935028076172
2021-08-24,165.28900146484375
2021-08-25,164.95899963378906
2021-08-26,165.8000030517578
2021-08-27,167.48150634765625
2021-08-30,171.07850646972656
2021-08-31,173.5395050048828
2021-09-01,173.9499969482422
2021-09-02,173.156005859375
2021-09-03,173.90249633789062
2021-09-07,175.46449279785156
2021-09-08,176.27499389648438
2021-09-09,174.20799255371094
2021-09-10,173.45750427246094
2021-09-13,172.85850524902344
2021-09-14,172.5
2021-09-15,173.7895050048828
2021-09-16,174.41200256347656
2021-09-17,173.12600708007812
2021-09-20,167.7864990234375
2021-09-21,167.18150329589844
2021-09-22,169.00250244140625
2021-09-23,170.8000030517578
2021-09-24,171.2760009765625
2021-09-27,170.2899932861328
2021-09-28,165.79800415039062
2021-09-29,165.05599975585938
2021-09-30,164.2519989013672
2021-10-01,164.16299438476562
2021-10-04,159.48899841308594
2021-10-05,161.0500030517578
2021-10-06,163.10049438476562
2021-10-07,165.1215057373047
2021-10-08,164.43099975585938
2021-10-11,162.31500244140625
2021-10-12,162.3665008544922
2021-10-13,164.21400451660156
2021-10-14,164.9929962158203
2021-10-15,170.4510040283203
2021-10-18,172.33700561523438
2021-10-19,172.20750427246094
2021-10-20,170.7530059814453
2021-10-21,171.75050354003906
2021-10-22,166.77749633789062
2021-10-25,166.01849365234375
2021-10-26,168.80349731445312
2021-10-27,169.62449645996094
2021-10-28,172.32850646972656
2021-10-29,168.6215057373047
2021-11-01,165.90550231933594
2021-11-02,165.6374969482422
2021-11-03,169.1999969482422
2021-11-04,173.85000610351562
2021-11-05,175.94949340820312
2021-11-08,174.44900512695312
2021-11-09,178.81149291992188
2021-11-10,174.1024932861328
2021-11-11,173.625
2021-11-12,176.25750732421875
2021-11-15,177.28399658203125
2021-11-16,177.03500366210938
2021-11-17,177.4499969482422
2021-11-18,184.80299377441406
2021-11-19,183.82850646972656
2021-11-22,178.6284942626953
2021-11-23,179.0019989013672
2021-11-24,179.02049255371094
2021-11-26,175.22799682617188
2021-11-29,178.07850646972656
2021-11-30,175.35350036621094
2021-12-01,172.18600463867188
2021-12-02,171.8679962158203
2021-12-03,169.489501953125
2021-12-06,171.36849975585938
2021-12-07,176.1645050048828
2021-12-08,176.1580047607422
2021-12-09,174.17100524902344
2021-12-10,172.21200561523438
2021-12-13,169.5675048828125
2021-12-14,169.0915069580078
2021-12-15,173.31500244140625
2021-12-16,168.87100219726562
2021-12-17,170.0175018310547
2021-12-20,167.07899475097656
2021-12-21,170.41700744628906
2021-12-22,171.03700256347656
2021-12-23,171.06849670410156
2021-12-27,169.66949462890625
2021-12-28,170.66099548339844
2021-12-29,169.2010040283203
2021-12-30,168.64450073242188
2021-12-31,166.7169952392578
2022-01-03,170.4044952392578
2022-01-04,167.52200317382812
2022-01-05,164.35699462890625
2022-01-06,163.25399780273438
2022-01-07,162.5540008544922
2022-01-10,161.48599243164062
2022-01-11,165.36199951171875
2022-01-12,165.20700073242188
2022-01-13,161.21400451660156
2022-01-14,162.13800048828125
2022-01-18,158.91749572753906
2022-01-19,156.2989959716797
2022-01-20,151.66749572753906
2022-01-21,142.64300537109375
2022-01-24,144.54400634765625
2022-01-25,139.98599243164062
2022-01-26,138.87249755859375
2022-01-27,139.6374969482422
2022-01-28,143.97799682617188
2022-01-31,149.57350158691406
2022-02-01,151.19349670410156
2022-02-02,150.6125030517578
2022-02-03,138.8455047607422
2022-02-04,157.63949584960938
2022-02-07,157.9355010986328
2022-02-08,161.4134979248047
2022-02-09,161.1894989013672
2022-02-10,159.0034942626953
2022-02-11,153.2935028076172
2022-02-14,155.16700744628906
2022-02-15,156.510498046875
2022-02-16,158.10049438476562
2022-02-17,154.65249633789062
2022-02-18,152.60150146484375
2022-02-22,150.19749450683594
2022-02-23,144.82699584960938
2022-02-24,151.35800170898438
2022-02-25,153.7884979248047
2022-02-28,153.56300354003906
2022-03-01,151.14199829101562
2022-03-02,152.05250549316406
2022-03-03,147.89849853515625
2022-03-04,145.64100646972656
2022-03-07,137.4530029296875
2022-03-08,136.01449584960938
2022-03-09,139.2790069580078
2022-03-10,146.8175048828125
2022-03-11,145.52450561523438
2022-03-14,141.85299682617188
2022-03-15,147.3665008544922
2022-03-16,153.10400390625
2022-03-17,157.23899841308594
2022-03-18,161.25050354003906
2022-03-21,161.4915008544922
2022-03-22,164.88900756835938
2022-03-23,163.4080047607422
2022-03-24,163.64950561523438
2022-03-25,164.77349853515625
2022-03-28,168.99049377441406
2022-03-29,169.31500244140625
2022-03-30,166.30099487304688
2022-03-31,162.99749755859375
2022-04-01,163.55999755859375
2022-04-04,168.34649658203125
2022-04-05,164.05499267578125
2022-04-06,158.75599670410156
2022-04-07,157.7845001220703
2022-04-08,154.4604949951172
2022-04-11,151.1219940185547
2022-04-12,150.78750610351562
2022-04-13,155.54100036621094
2022-04-14,151.7064971923828
2022-04-18,152.78500366210938
2022-04-19,158.11549377441406
2022-04-20,153.9980010986328
2022-04-21,148.29600524902344
2022-04-22,144.35000610351562
2022-04-25,146.07400512695312
2022-04-26,139.39100646972656
2022-04-27,138.16700744628906
2022-04-28,144.59649658203125
2022-04-29,124.28150177001953
2022-05-02,124.5
2022-05-03,124.25350189208984
2022-05-04,125.92849731445312
2022-05-05,116.40699768066406
2022-05-06,114.77249908447266
2022-05-09,108.78900146484375
2022-05-10,108.85900115966797
2022-05-11,105.37200164794922
2022-05-12,106.93049621582031
2022-05-13,113.05500030517578
2022-05-16,110.81050109863281
2022-05-17,115.36849975585938
2022-05-18,107.11250305175781
2022-05-19,107.31900024414062
2022-05-20,107.59100341796875
2022-05-23,107.55699920654297
2022-05-24,104.0999984741211
2022-05-25,106.7750015258789
2022-05-26,111.07749938964844
2022-05-27,115.14649963378906
2022-05-31,120.20950317382812
2022-06-01,121.68399810791016
2022-06-02,125.51100158691406
2022-06-03,122.3499984741211
2022-06-06,124.79000091552734
2022-06-07,123.0
2022-06-08,121.18000030517578
2022-06-09,116.1500015258789
2022-06-10,109.6500015258789
2022-06-13,103.66999816894531
2022-06-14,102.30999755859375
2022-06-15,107.66999816894531
2022-06-16,103.66000366210938
2022-06-17,106.22000122070312
2022-06-21,108.68000030517578
2022-06-22,108.94999694824219
2022-06-23,112.44000244140625
2022-06-24,116.45999908447266
2022-06-27,113.22000122070312
2022-06-28,107.4000015258789
2022-06-29,108.91999816894531
2022-06-30,106.20999908447266
2022-07-01,109.55999755859375
2022-07-05,113.5
2022-07-06,114.33000183105469
2022-07-07,116.33000183105469
2022-07-08,115.54000091552734
2022-07-11,111.75
2022-07-12,109.22000122070312
2022-07-13,110.4000015258789
2022-07-14,110.62999725341797
2022-07-15,113.55000305175781
2022-07-18,113.76000213623047
2022-07-19,118.20999908447266
2022-07-20,122.7699966430664
2022-07-21,124.62999725341797
2022-07-22,122.41999816894531
2022-07-25,121.13999938964844
2022-07-26,114.80999755859375
2022-07-27,120.97000122070312
2022-07-28,122.27999877929688
2022-07-29,134.9499969482422
2022-08-01,135.38999938964844
2022-08-02,134.16000366210938
2022-08-03,139.52000427246094
2022-08-04,142.57000732421875
2022-08-05,140.8000030517578
2022-08-08,139.41000366210938
2022-08-09,137.8300018310547
2022-08-10,142.69000244140625
2022-08-11,140.63999938964844
2022-08-12,143.5500030517578
2022-08-15,143.17999267578125
2022-08-16,144.77999877929688
2022-08-17,142.10000610351562
2022-08-18,142.3000030517578
2022-08-19,138.22999572753906
2022-08-22,133.22000122070312
2022-08-23,133.6199951171875
2022-08-24,133.8000030517578
2022-08-25,137.27999877929688
2022-08-26,130.75
2022-08-29,129.7899932861328
2022-08-30,128.72999572753906
2022-08-31,126.7699966430664
2022-09-01,127.81999969482422
2022-09-02,127.51000213623047
2022-09-06,126.11000061035156
2022-09-07,129.47999572753906
2022-09-08,129.82000732421875
2022-09-09,133.27000427246094
2022-09-12,136.4499969482422
2022-09-13,126.81999969482422
2022-09-14,128.5500030517578
2022-09-15,126.27999877929688
2022-09-16,123.52999877929688
2022-09-19,124.66000366210938
2022-09-20,122.19000244140625
2022-09-21,118.54000091552734
2022-09-22,117.30999755859375
2022-09-23,113.77999877929688
2022-09-26,115.1500015258789
2022-09-27,114.41000366210938
2022-09-28,118.01000213623047
2022-09-29,114.80000305175781
2022-09-30,113.0
2022-10-03,115.87999725341797
2022-10-04,121.08999633789062
2022-10-05,120.94999694824219
2022-10-06,120.30000305175781
2022-10-07,114.55999755859375
2022-10-10,113.66999816894531
2022-10-11,112.20999908447266
2022-10-12,112.9000015258789
2022-10-13,112.52999877929688
2022-10-14,106.9000015258789
2022-10-17,113.79000091552734
2022-10-18,116.36000061035156
2022-10-19,115.06999969482422
2022-10-20,115.25
2022-10-21,119.31999969482422
2022-10-24,119.81999969482422
2022-10-25,120.5999984741211
2022-10-26,115.66000366210938
2022-10-27,110.95999908447266
2022-10-28,103.41000366210938
2022-10-31,102.44000244140625
2022-11-01,96.79000091552734
2022-11-02,92.12000274658203
2022-11-03,89.30000305175781
2022-11-04,90.9800033569336
2022-11-07,90.52999877929688
2022-11-08,89.9800033569336
2022-11-09,86.13999938964844
2022-11-10,96.62999725341797
2022-11-11,100.79000091552734
2022-11-14,98.48999786376953
2022-11-15,98.94000244140625
2022-11-16,97.12000274658203
2022-11-17,94.8499984741211
2022-11-18,94.13999938964844
2022-11-21,92.45999908447266
2022-11-22,93.19999694824219
2022-11-23,94.12999725341797
2022-11-25,93.41000366210938
2022-11-28,93.94999694824219
2022-11-29,92.41999816894531
2022-11-30,96.54000091552734
2022-12-01,95.5
2022-12-02,94.12999725341797
2022-12-05,91.01000213623047
2022-12-06,88.25
2022-12-07,88.45999908447266
2022-12-08,90.3499984741211
2022-12-09,89.08999633789062
2022-12-12,90.55000305175781
2022-12-13,92.48999786376953
2022-12-14,91.58000183105469
2022-12-15,88.44999694824219
2022-12-16,87.86000061035156
2022-12-19,84.91999816894531
2022-12-20,85.19000244140625
2022-12-21,86.7699966430664
2022-12-22,83.79000091552734
2022-12-23,85.25
2022-12-27,83.04000091552734
2022-12-28,81.81999969482422
2022-12-29,84.18000030517578
2022-12-30,84.0
2023-01-03,85.81999969482422
2023-01-04,85.13999938964844
2023-01-05,83.12000274658203
2023-01-06,86.08000183105469
2023-01-09,87.36000061035156
2023-01-10,89.87000274658203
2023-01-11,95.08999633789062
2023-01-12,95.2699966430664
2023-01-13,98.12000274658203
2023-01-17,96.05000305175781
2023-01-18,95.45999908447266
2023-01-19,93.68000030517578
2023-01-20,97.25
2023-01-23,97.5199966430664
2023-01-24,96.31999969482422
2023-01-25,97.18000030517578
2023-01-26,99.22000122070312
2023-01-27,102.23999786376953
2023-01-30,100.55000305175781
2023-01-31,103.12999725341797
2023-02-01,105.1500015258789
2023-02-02,112.91000366210938
2023-02-03,103.38999938964844
2023-02-06,102.18000030517578
2023-02-07,102.11000061035156
2023-02-08,100.05000305175781
2023-02-09,98.23999786376953
2023-02-10,97.61000061035156
2023-02-13,99.54000091552734
2023-02-14,99.69999694824219
2023-02-15,101.16000366210938
2023-02-16,98.1500015258789
2023-02-17,97.19999694824219
2023-02-21,94.58000183105469
2023-02-22,95.79000091552734
2023-02-23,95.81999969482422
2023-02-24,93.5
2023-02-27,93.76000213623047
2023-02-28,94.2300033569336
2023-03-01,92.16999816894531
2023-03-02,92.12999725341797
2023-03-03,94.9000015258789
2023-03-06,93.75
2023-03-07,93.55000305175781
2023-03-08,93.91999816894531
2023-03-09,92.25
2023-03-10,90.7300033569336
2023-03-13,92.43000030517578
2023-03-14,94.87999725341797
2023-03-15,96.19999694824219
2023-03-16,100.04000091552734
2023-03-17,98.94999694824219
2023-03-20,97.70999908447266
2023-03-21,100.61000061035156
2023-03-22,98.69999694824219
2023-03-23,98.70999908447266
2023-03-24,98.12999725341797
2023-03-27,98.04000091552734
2023-03-28,97.23999786376953
2023-03-29,100.25
2023-03-30,102.0
2023-03-31,103.29000091552734
2023-04-03,102.41000366210938
2023-04-04,103.94999694824219
2023-04-05,101.0999984741211
2023-04-06,102.05999755859375
2023-04-10,102.16999816894531
2023-04-11,99.91999816894531
2023-04-12,97.83000183105469
2023-04-13,102.4000015258789
2023-04-14,102.51000213623047
2023-04-17,102.73999786376953
2023-04-18,102.30000305175781
2023-04-19,104.30000305175781
2023-04-20,103.80999755859375
2023-04-21,106.95999908447266
2023-04-24,106.20999908447266
2023-04-25,102.56999969482422
2023-04-26,104.9800033569336
2023-04-27,109.81999969482422
2023-04-28,105.44999694824219
2023-05-01,102.05000305175781
2023-05-02,103.62999725341797
2023-05-03,103.6500015258789
2023-05-04,104.0
2023-05-05,105.66000366210938
2023-05-08,105.83000183105469
2023-05-09,106.62000274658203
2023-05-10,110.19000244140625
2023-05-11,112.18000030517578
2023-05-12,110.26000213623047
2023-05-15,111.19999694824219
2023-05-16,113.4000015258789
2023-05-17,115.5
2023-05-18,118.1500015258789
2023-05-19,116.25
2023-05-22,115.01000213623047
2023-05-23,114.98999786376953
2023-05-24,116.75
2023-05-25,115.0
2023-05-26,120.11000061035156
2023-05-30,121.66000366210938
2023-05-31,120.58000183105469
2023-06-01,122.7699966430664
2023-06-02,124.25
2023-06-05,125.30000305175781
2023-06-06,126.61000061035156
2023-06-07,121.2300033569336
2023-06-08,124.25
2023-06-09,123.43000030517578
2023-06-12,126.56999969482422
2023-06-13,126.66000366210938
2023-06-14,126.41999816894531
2023-06-15,127.11000061035156
2023-06-16,125.48999786376953
2023-06-20,125.77999877929688
2023-06-21,124.83000183105469
2023-06-22,130.14999389648438
2023-06-23,129.3300018310547
2023-06-26,127.33000183105469
2023-06-27,129.17999267578125
2023-06-28,129.0399932861328
2023-06-29,127.9000015258789
2023-06-30,130.36000061035156
2023-07-03,130.22000122070312
2023-07-05,130.3800048828125
2023-07-06,128.36000061035156
2023-07-07,129.77999877929688
2023-07-10,127.12999725341797
2023-07-11,128.77999877929688
2023-07-12,130.8000030517578
2023-07-13,134.3000030517578
2023-07-14,134.67999267578125
2023-07-17,133.55999755859375
2023-07-18,132.8300018310547
2023-07-19,135.36000061035156
2023-07-20,129.9600067138672
2023-07-21,130.0
2023-07-24,128.8000030517578
2023-07-25,129.1300048828125
2023-07-26,128.14999389648438
2023-07-27,128.25
2023-07-28,132.2100067138672
2023-07-31,133.67999267578125
2023-08-01,131.69000244140625
2023-08-02,128.2100067138672
2023-08-03,128.91000366210938
2023-08-04,139.57000732421875
2023-08-07,142.22000122070312
2023-08-08,139.94000244140625
2023-08-09,137.85000610351562
2023-08-10,138.55999755859375
2023-08-11,138.41000366210938
2023-08-14,140.57000732421875
2023-08-15,137.6699981689453
2023-08-16,135.07000732421875
2023-08-17,133.97999572753906
2023-08-18,133.22000122070312
2023-08-21,134.67999267578125
2023-08-22,134.25
2023-08-23,135.52000427246094
2023-08-24,131.83999633789062
2023-08-25,133.25999450683594
2023-08-28,133.13999938964844
2023-08-29,134.91000366210938
2023-08-30,135.07000732421875
2023-08-31,138.00999450683594
2023-09-01,138.1199951171875
2023-09-05,137.27000427246094
2023-09-06,135.36000061035156
2023-09-07,137.85000610351562
2023-09-08,138.22999572753906
2023-09-11,143.10000610351562
2023-09-12,141.22999572753906
2023-09-13,144.85000610351562
2023-09-14,144.72000122070312
2023-09-15,140.38999938964844
2023-09-18,139.97999572753906
2023-09-19,137.6300048828125
2023-09-20,135.2899932861328
2023-09-21,129.3300018310547
2023-09-22,129.1199951171875
2023-09-25,131.27000427246094
2023-09-26,125.9800033569336
2023-09-27,125.9800033569336
2023-09-28,125.9800033569336
2023-09-29,127.12000274658203
2023-10-02,129.4600067138672
2023-10-03,124.72000122070312
2023-10-04,127.0
2023-10-05,125.95999908447266
2023-10-06,127.95999908447266
2023-10-09,128.25999450683594
2023-10-10,129.47999572753906
2023-10-11,131.8300018310547
2023-10-12,132.3300018310547
2023-10-13,129.7899932861328
2023-10-16,132.5500030517578
2023-10-17,131.47000122070312
2023-10-18,128.1300048828125
2023-10-19,128.39999389648438
2023-10-20,125.16999816894531
2023-10-23,126.55999755859375
2023-10-24,128.55999755859375
2023-10-25,121.38999938964844
2023-10-26,119.56999969482422
2023-10-27,127.73999786376953
2023-10-30,132.7100067138672
2023-10-31,133.08999633789062
2023-11-01,137.0
2023-11-02,138.07000732421875
2023-11-03,138.60000610351562
2023-11-06,139.74000549316406
2023-11-07,142.7100067138672
2023-11-08,142.0800018310547
2023-11-09,140.60000610351562
2023-11-10,143.55999755859375
2023-11-13,142.58999633789062
2023-11-14,145.8000030517578
2023-11-15,143.1999969482422
2023-11-16,142.8300018310547
2023-11-17,145.17999267578125
2023-11-20,146.1300048828125
2023-11-21,143.89999389648438
2023-11-22,146.7100067138672
2023-11-24,146.74000549316406
2023-11-27,147.72999572753906
2023-11-28,147.02999877929688
2023-11-29,146.32000732421875
2023-11-30,146.08999633789062
2023-12-01,147.02999877929688
2023-12-04,144.83999633789062
2023-12-05,146.8800048828125
2023-12-06,144.52000427246094
2023-12-07,146.8800048828125
2023-12-08,147.4199981689453
2023-12-11,145.88999938964844
2023-12-12,147.47999572753906
2023-12-13,148.83999633789062
2023-12-14,147.4199981689453
2023-12-15,149.97000122070312
2023-12-18,154.07000732421875
2023-12-19,153.7899932861328
2023-12-20,152.1199951171875
2023-12-21,153.83999633789062
2023-12-22,153.4199981689453
2023-12-26,153.41000366210938
2023-12-27,153.33999633789062
2023-12-28,153.3800048828125
2023-12-29,151.94000244140625
2024-01-02,149.92999267578125
2024-01-03,148.47000122070312
2024-01-04,144.57000732421875
2024-01-05,145.24000549316406
2024-01-08,149.10000610351562
2024-01-09,151.3699951171875
2024-01-10,153.72999572753906
2024-01-11,155.17999267578125
2024-01-12,154.6199951171875
2024-01-16,153.16000366210938
2024-01-17,151.7100067138672
2024-01-18,153.5
2024-01-19,155.33999633789062
2024-01-22,154.77999877929688
2024-01-23,156.02000427246094
2024-01-24,156.8699951171875
2024-01-25,157.75
2024-01-26,159.1199951171875
2024-01-29,161.25999450683594
2024-01-30,159.0
2024-01-31,155.1999969482422
2024-02-01,159.27999877929688
2024-02-02,171.80999755859375
2024-02-05,170.30999755859375
2024-02-06,169.14999389648438
2024-02-07,170.52999877929688
2024-02-08,169.83999633789062
2024-02-09,174.4499969482422
2024-02-12,172.33999633789062
2024-02-13,168.63999938964844
2024-02-14,170.97999572753906
2024-02-15,169.8000030517578
2024-02-16,169.50999450683594
2024-02-20,167.0800018310547
2024-02-21,168.58999633789062
2024-02-22,174.5800018310547
2024-02-23,174.99000549316406
2024-02-26,174.72999572753906
2024-02-27,173.5399932861328
2024-02-28,173.16000366210938
2024-02-29,176.75999450683594
2024-03-01,178.22000122070312
2024-03-04,177.5800018310547
2024-03-05,174.1199951171875
2024-03-06,173.50999450683594
2024-03-07,176.82000732421875
2024-03-08,175.35000610351562
2024-03-11,171.9600067138672
2024-03-12,175.38999938964844
2024-03-13,176.55999755859375
2024-03-14,178.75
2024-03-15,174.4199981689453
2024-03-18,174.47999572753906
2024-03-19,175.89999389648438
2024-03-20,178.14999389648438
2024-03-21,178.14999389648438
2024-03-22,178.8699951171875
2024-03-25,179.7100067138672
2024-03-26,178.3000030517578
2024-03-27,179.8300018310547
2024-03-28,180.3800048828125
2024-04-01,180.97000122070312
2024-04-02,180.69000244140625
2024-04-03,182.41000366210938
2024-04-04,180.0
2024-04-05,185.07000732421875
2024-04-08,185.19000244140625
2024-04-09,185.6699981689453
2024-04-10,185.9499969482422
2024-04-11,189.0500030517578
2024-04-12,186.1300048828125
2024-04-15,183.6199951171875
2024-04-16,183.32000732421875
2024-04-17,181.27999877929688
2024-04-18,179.22000122070312
2024-04-19,174.6300048828125
2024-04-22,177.22999572753906
2024-04-23,179.5399932861328
2024-04-24,176.58999633789062
2024-04-25,173.6699981689453
2024-04-26,179.6199951171875
2024-04-29,180.9600067138672
2024-04-30,175.0
2024-05-01,179.0
2024-05-02,184.72000122070312
2024-05-03,186.2100067138672
2024-05-06,188.6999969482422
2024-05-07,188.75999450683594
2024-05-08,188.0
2024-05-09,189.5
2024-05-10,187.47999572753906
2024-05-13,186.57000732421875
2024-05-14,187.07000732421875
2024-05-15,185.99000549316406
2024-05-16,183.6300048828125
2024-05-17,184.6999969482422
2024-05-20,183.5399932861328
2024-05-21,183.14999389648438
2024-05-22,183.1300048828125
2024-05-23,181.0500030517578
2024-05-24,180.75
2024-05-28,182.14999389648438
2024-05-29,182.02000427246094
2024-05-30,179.32000732421875
2024-05-31,176.44000244140625
2024-06-03,178.33999633789062
2024-06-04,179.33999633789062
2024-06-05,181.27999877929688
2024-06-06,185.0
2024-06-07,184.3000030517578
2024-06-10,187.05999755859375
2024-06-11,187.22999572753906
2024-06-12,186.88999938964844
2024-06-13,183.8300018310547
2024-06-14,183.66000366210938
2024-06-17,184.05999755859375
2024-06-18,182.80999755859375
2024-06-20,186.10000610351562
2024-06-21,189.0800018310547
2024-06-24,185.57000732421875
2024-06-25,186.33999633789062
2024-06-26,193.61000061035156
2024-06-27,197.85000610351562
2024-06-28,193.25
2024-07-01,197.1999969482422
2024-07-02,200.0
2024-07-03,197.58999633789062
2024-07-05,200.0
2024-07-08,199.2899932861328
2024-07-09,199.33999633789062
2024-07-10,199.7899932861328
2024-07-11,195.0500030517578
2024-07-12,194.49000549316406
2024-07-15,192.72000122070312
2024-07-16,193.02000427246094
2024-07-17,187.92999267578125
2024-07-18,183.75
2024-07-19,183.1300048828125
2024-07-22,182.5500030517578
2024-07-23,186.41000366210938
2024-07-24,180.8300018310547
2024-07-25,179.85000610351562
2024-07-26,182.5
2024-07-29,183.1999969482422
2024-07-30,181.7100067138672
2024-07-31,186.97999572753906
2024-08-01,184.07000732421875
2024-08-02,167.89999389648438
2024-08-05,161.02000427246094
2024-08-06,161.92999267578125
2024-08-07,162.77000427246094
2024-08-08,165.8000030517578
2024-08-09,166.94000244140625
2024-08-12,166.8000030517578
2024-08-13,170.22999572753906
2024-08-14,170.10000610351562
2024-08-15,177.58999633789062
2024-08-16,177.05999755859375
2024-08-19,178.22000122070312
2024-08-20,178.8800048828125
2024-08-21,180.11000061035156
2024-08-22,176.1300048828125
2024-08-23,177.0399932861328
2024-08-26,175.5
2024-08-27,173.1199951171875
2024-08-28,170.8000030517578
2024-08-29,172.1199951171875
2024-08-30,178.5
2024-09-03,176.25
2024-09-04,173.3300018310547
2024-09-05,177.88999938964844
2024-09-06,171.38999938964844
2024-09-09,175.39999389648438
2024-09-10,179.5500030517578
2024-09-11,184.52000427246094
2024-09-12,187.0
2024-09-13,186.49000549316406
2024-09-16,184.88999938964844
2024-09-17,186.8800048828125
2024-09-18,186.42999267578125
2024-09-19,189.8699951171875
2024-09-20,191.60000610351562
2024-09-23,193.8800048828125
2024-09-24,193.9600067138672
2024-09-25,192.52999877929688
2024-09-26,191.16000366210938
2024-09-27,187.97000122070312
2024-09-30,186.3300018310547
2024-10-01,185.1300048828125
2024-10-02,184.75999450683594
2024-10-03,181.9600067138672
2024-10-04,186.50999450683594
2024-10-07,180.8000030517578
2024-10-08,182.72000122070312
2024-10-09,185.1699981689453
2024-10-10,186.64999389648438
2024-10-11,188.82000732421875
2024-10-14,187.5399932861328
2024-10-15,187.69000244140625
2024-10-16,186.88999938964844
2024-10-17,187.52999877929688
2024-10-18,188.99000549316406
2024-10-21,189.07000732421875
2024-10-22,189.6999969482422
2024-10-23,184.7100067138672
2024-10-24,186.3800048828125
2024-10-25,187.8300018310547
2024-10-28,188.38999938964844
2024-10-29,190.8300018310547
2024-10-30,192.72999572753906
2024-10-31,186.39999389648438
2024-11-01,197.92999267578125
2024-11-04,195.77999877929688
2024-11-05,199.5
2024-11-06,207.08999633789062
2024-11-07,210.0500030517578
2024-11-08,208.17999267578125
2024-11-11,206.83999633789062
2024-11-12,208.91000366210938
2024-11-13,214.10000610351562
2024-11-14,211.47999572753906
2024-11-15,202.61000061035156
2024-11-18,201.6999969482422
2024-11-19,204.61000061035156
2024-11-20,202.8800048828125
2024-11-21,198.3800048828125
2024-11-22,197.1199951171875
2024-11-25,201.4499969482422
2024-11-26,207.86000061035156
2024-11-27,205.74000549316406
2024-11-29,207.88999938964844
2024-12-02,210.7100067138672
2024-12-03,213.44000244140625
2024-12-04,218.16000366210938
2024-12-05,220.5500030517578
2024-12-06,227.02999877929688
2024-12-09,226.08999633789062
2024-12-10,225.0399932861328
2024-12-11,230.25999450683594
2024-12-12,228.97000122070312
2024-12-13,227.4600067138672
2024-12-16,232.92999267578125
2024-12-17,231.14999389648438
2024-12-18,220.52000427246094
2024-12-19,223.2899932861328
2024-12-20,224.9199981689453
2024-12-23,225.05999755859375
2024-12-24,229.0500030517578
2024-12-26,227.0500030517578
2024-12-27,223.75
2024-12-30,221.3000030517578
2024-12-31,219.38999938964844
