Date,GOOG
2018-01-02,52.88806915283203
2018-01-03,53.756134033203125
2018-01-04,53.950801849365234
2018-01-05,54.73691940307617
2018-01-08,54.97081756591797
2018-01-09,54.937049865722656
2018-01-10,54.75579071044922
2018-01-11,54.900306701660156
2018-01-12,55.73161315917969
2018-01-16,55.706783294677734
2018-01-17,56.21430969238281
2018-01-18,56.105552673339844
2018-01-19,56.488929748535156
2018-01-22,57.39771270751953
2018-01-23,58.10090255737305
2018-01-24,57.81634521484375
2018-01-25,58.12076187133789
2018-01-26,58.39240646362305
2018-01-29,58.379493713378906
2018-01-30,57.78903579711914
2018-01-31,58.09941101074219
2018-02-01,57.9881706237793
2018-02-02,55.217132568359375
2018-02-05,52.43119812011719
2018-02-06,53.66276931762695
2018-02-07,52.072654724121094
2018-02-08,49.73564147949219
2018-02-09,51.53632354736328
2018-02-12,52.239505767822266
2018-02-13,52.24745559692383
2018-02-14,53.12147903442383
2018-02-15,54.10573959350586
2018-02-16,54.367950439453125
2018-02-20,54.74834442138672
2018-02-21,55.1893310546875
2018-02-22,54.9554328918457
2018-02-23,55.956573486328125
2018-02-26,56.79881286621094
2018-02-27,55.53446578979492
2018-02-28,54.86106872558594
2018-03-01,53.1125373840332
2018-03-02,53.579341888427734
2018-03-05,54.17576217651367
2018-03-06,54.380863189697266
2018-03-07,55.10490417480469
2018-03-08,55.91734313964844
2018-03-09,57.6077766418457
2018-03-12,57.82925796508789
2018-03-13,56.521705627441406
2018-03-14,57.083858489990234
2018-03-15,57.08832931518555
2018-03-16,56.400535583496094
2018-03-19,54.61724090576172
2018-03-20,54.51245880126953
2018-03-21,54.173274993896484
2018-03-22,52.09748077392578
2018-03-23,50.73133087158203
2018-03-26,52.30258560180664
2018-03-27,49.913429260253906
2018-03-28,49.88661193847656
2018-03-29,51.23885726928711
2018-04-02,49.981468200683594
2018-04-03,50.326107025146484
2018-04-04,50.90861892700195
2018-04-05,51.04121398925781
2018-04-06,50.00977325439453
2018-04-09,50.42741012573242
2018-04-10,51.23141098022461
2018-04-11,50.651878356933594
2018-04-12,51.27461624145508
2018-04-13,51.11371612548828
2018-04-16,51.5462532043457
2018-04-17,53.342960357666016
2018-04-18,53.23966979980469
2018-04-19,54.01535415649414
2018-04-20,53.28337097167969
2018-04-23,53.009742736816406
2018-04-24,50.65237045288086
2018-04-25,50.71196365356445
2018-04-26,51.64855194091797
2018-04-27,51.15245056152344
2018-04-30,50.520774841308594
2018-05-01,51.51298141479492
2018-05-02,50.87088394165039
2018-05-03,50.838104248046875
2018-05-04,52.05427932739258
2018-05-07,52.381038665771484
2018-05-08,52.33734130859375
2018-05-09,53.77003860473633
2018-05-10,54.50550079345703
2018-05-11,54.53976821899414
2018-05-14,54.6361083984375
2018-05-15,53.59473419189453
2018-05-16,53.72087860107422
2018-05-17,53.562957763671875
2018-05-18,52.95561218261719
2018-05-21,53.612117767333984
2018-05-22,53.12296676635742
2018-05-23,53.617584228515625
2018-05-24,53.59523391723633
2018-05-25,53.41745376586914
2018-05-29,52.655662536621094
2018-05-30,53.02711486816406
2018-05-31,53.88078308105469
2018-06-01,55.59455108642578
2018-06-04,56.57733154296875
2018-06-05,56.595699310302734
2018-06-06,56.45764923095703
2018-06-07,55.81106948852539
2018-06-08,55.66259002685547
2018-06-11,56.11548614501953
2018-06-12,56.57881546020508
2018-06-13,56.353858947753906
2018-06-14,57.2144660949707
2018-06-15,57.22141647338867
2018-06-18,58.27421188354492
2018-06-19,58.00605010986328
2018-06-20,58.094444274902344
2018-06-21,57.48957824707031
2018-06-22,57.381324768066406
2018-06-25,55.85824966430664
2018-06-26,55.54290771484375
2018-06-27,54.82382583618164
2018-06-28,55.33234405517578
2018-06-29,55.40336227416992
2018-07-02,55.98985290527344
2018-07-03,54.76969528198242
2018-07-05,55.8314323425293
2018-07-06,56.62102508544922
2018-07-09,57.3103141784668
2018-07-10,57.25022506713867
2018-07-11,57.302860260009766
2018-07-12,58.77180862426758
2018-07-13,59.0369987487793
2018-07-16,58.790679931640625
2018-07-17,59.53260040283203
2018-07-18,59.38758850097656
2018-07-19,58.94462966918945
2018-07-20,58.84282302856445
2018-07-23,59.865333557128906
2018-07-24,61.979854583740234
2018-07-25,62.75554656982422
2018-07-26,62.9854736328125
2018-07-27,61.504112243652344
2018-07-30,60.57248306274414
2018-07-31,60.4493293762207
2018-08-01,60.58589172363281
2018-08-02,60.89080810546875
2018-08-03,60.76963806152344
2018-08-06,60.8222770690918
2018-08-07,61.688846588134766
2018-08-08,61.85719299316406
2018-08-09,62.0305061340332
2018-08-10,61.45991516113281
2018-08-13,61.33079528808594
2018-08-14,61.682891845703125
2018-08-15,60.306312561035156
2018-08-16,59.914493560791016
2018-08-17,59.639869689941406
2018-08-20,59.978057861328125
2018-08-21,59.672645568847656
2018-08-22,59.956199645996094
2018-08-23,59.8593635559082
2018-08-24,60.61768341064453
2018-08-27,61.66897964477539
2018-08-28,61.13911056518555
2018-08-29,62.04043960571289
2018-08-30,61.5349006652832
2018-08-31,60.495513916015625
2018-09-04,59.44321823120117
2018-09-05,58.9207878112793
2018-09-06,58.17389678955078
2018-09-07,57.84564971923828
2018-09-10,57.836204528808594
2018-09-11,58.467891693115234
2018-09-12,57.74582290649414
2018-09-13,58.36708068847656
2018-09-14,58.228031158447266
2018-09-17,57.409629821777344
2018-09-18,57.6663703918457
2018-09-19,58.15652084350586
2018-09-20,58.940155029296875
2018-09-21,57.90821838378906
2018-09-24,58.26974105834961
2018-09-25,58.82991027832031
2018-09-26,58.62332534790039
2018-09-27,59.326019287109375
2018-09-28,59.267913818359375
2018-10-01,59.35928726196289
2018-10-02,59.597660064697266
2018-10-03,59.73868942260742
2018-10-04,58.012508392333984
2018-10-05,57.47419357299805
2018-10-08,57.058040618896484
2018-10-09,56.55398941040039
2018-10-10,53.69356155395508
2018-10-11,53.599205017089844
2018-10-12,55.12675094604492
2018-10-15,54.24131393432617
2018-10-16,55.682945251464844
2018-10-17,55.40534973144531
2018-10-18,54.02876281738281
2018-10-19,54.450382232666016
2018-10-22,54.683780670166016
2018-10-23,54.809425354003906
2018-10-24,52.17843246459961
2018-10-25,54.406185150146484
2018-10-26,53.20937728881836
2018-10-29,50.657344818115234
2018-10-30,51.45835876464844
2018-10-31,53.47257614135742
2018-11-01,53.136375427246094
2018-11-02,52.53002166748047
2018-11-05,51.65104293823242
2018-11-06,52.43169403076172
2018-11-07,54.29792404174805
2018-11-08,53.75215530395508
2018-11-09,52.94518280029297
2018-11-12,51.57853698730469
2018-11-13,51.45041275024414
2018-11-14,51.82832336425781
2018-11-15,52.87367248535156
2018-11-16,52.713768005371094
2018-11-19,50.65336608886719
2018-11-20,50.93940734863281
2018-11-21,51.52788543701172
2018-11-23,50.846046447753906
2018-11-26,52.07463836669922
2018-11-27,51.865570068359375
2018-11-28,53.942359924316406
2018-11-29,54.0451545715332
2018-11-30,54.349571228027344
2018-12-03,54.94549560546875
2018-12-04,52.18389129638672
2018-12-06,53.073307037353516
2018-12-07,51.47673416137695
2018-12-10,51.62422180175781
2018-12-11,52.23007583618164
2018-12-12,52.8225212097168
2018-12-13,52.734127044677734
2018-12-14,51.7508544921875
2018-12-17,50.48104476928711
2018-12-18,51.08590316772461
2018-12-19,50.80284118652344
2018-12-20,50.12746047973633
2018-12-21,48.64411926269531
2018-12-24,48.479244232177734
2018-12-26,51.6197509765625
2018-12-27,51.8392448425293
2018-12-28,51.50156021118164
2018-12-31,51.42856216430664
2019-01-02,51.93708038330078
2019-01-03,50.457706451416016
2019-01-04,53.171634674072266
2019-01-07,53.05642318725586
2019-01-08,53.448238372802734
2019-01-09,53.3677864074707
2019-01-10,53.15276336669922
2019-01-11,52.50022506713867
2019-01-14,51.87947463989258
2019-01-15,53.49143600463867
2019-01-16,53.68114471435547
2019-01-17,54.124610900878906
2019-01-18,54.53976821899414
2019-01-22,53.16219711303711
2019-01-23,53.41298294067383
2019-01-24,53.330047607421875
2019-01-25,54.17873764038086
2019-01-28,53.140350341796875
2019-01-29,52.67055892944336
2019-01-30,54.08290100097656
2019-01-31,55.43911361694336
2019-02-01,55.16002655029297
2019-02-04,56.255027770996094
2019-02-05,56.91004943847656
2019-02-06,55.382503509521484
2019-02-07,54.56211853027344
2019-02-08,54.380863189697266
2019-02-11,54.37837600708008
2019-02-12,55.687416076660156
2019-02-13,55.62732696533203
2019-02-14,55.70231246948242
2019-02-15,55.304039001464844
2019-02-19,55.547874450683594
2019-02-20,55.31148910522461
2019-02-21,54.4757080078125
2019-02-22,55.14115524291992
2019-02-25,55.09298324584961
2019-02-26,55.37753677368164
2019-02-27,55.42322540283203
2019-02-28,55.61540985107422
2019-03-01,56.661746978759766
2019-03-04,56.99993133544922
2019-03-05,57.70659637451172
2019-03-06,57.499515533447266
2019-03-07,56.77646255493164
2019-03-08,56.72779846191406
2019-03-11,58.388427734375
2019-03-12,59.25450134277344
2019-03-13,59.26046371459961
2019-03-14,58.87460708618164
2019-03-15,58.82047653198242
2019-03-18,58.810543060302734
2019-03-19,59.53508377075195
2019-03-20,60.78254699707031
2019-03-21,61.158477783203125
2019-03-22,59.865333557128906
2019-03-25,59.244571685791016
2019-03-26,58.82842254638672
2019-03-27,58.25236511230469
2019-03-28,58.027400970458984
2019-03-29,58.26676559448242
2019-04-01,59.315589904785156
2019-04-02,59.61653137207031
2019-04-03,59.88618469238281
2019-04-04,60.337100982666016
2019-04-05,59.947261810302734
2019-04-08,59.78289031982422
2019-04-09,59.455631256103516
2019-04-10,59.699459075927734
2019-04-11,59.821624755859375
2019-04-12,60.47962188720703
2019-04-15,60.64002990722656
2019-04-16,60.93946838378906
2019-04-17,61.396846771240234
2019-04-18,61.39833450317383
2019-04-22,62.01759719848633
2019-04-23,62.79776382446289
2019-04-24,62.373165130615234
2019-04-25,62.74313735961914
2019-04-26,63.17666244506836
2019-04-29,63.941429138183594
2019-04-30,59.02010726928711
2019-05-01,58.00703811645508
2019-05-02,57.73540496826172
2019-05-03,58.86715316772461
2019-05-06,59.065303802490234
2019-05-07,58.30600357055664
2019-05-08,57.917152404785156
2019-05-09,57.723976135253906
2019-05-10,57.817840576171875
2019-05-13,56.216796875
2019-05-14,55.6412353515625
2019-05-15,57.81486129760742
2019-05-16,58.54833984375
2019-05-17,57.720008850097656
2019-05-20,56.55548095703125
2019-05-21,57.0908088684082
2019-05-22,57.17970657348633
2019-05-23,56.65082550048828
2019-05-24,56.28830337524414
2019-05-28,56.32207489013672
2019-05-29,55.44358825683594
2019-05-30,55.517581939697266
2019-05-31,54.80644607543945
2019-06-03,51.4593505859375
2019-06-04,52.29463577270508
2019-06-05,51.75681686401367
2019-06-06,51.86209487915039
2019-06-07,52.93971633911133
2019-06-10,53.6518440246582
2019-06-11,53.56940841674805
2019-06-12,53.48548889160156
2019-06-13,54.0684928894043
2019-06-14,53.898658752441406
2019-06-17,54.25373077392578
2019-06-18,54.80495834350586
2019-06-19,54.74189376831055
2019-06-20,55.19329833984375
2019-06-21,55.712745666503906
2019-06-24,55.396907806396484
2019-06-25,53.94831466674805
2019-06-26,53.623050689697266
2019-06-27,53.43482971191406
2019-06-28,53.67816925048828
2019-07-01,54.52437973022461
2019-07-02,55.184852600097656
2019-07-03,55.697845458984375
2019-07-05,56.194942474365234
2019-07-08,55.43812561035156
2019-07-09,55.8592414855957
2019-07-10,56.63642120361328
2019-07-11,56.8216552734375
2019-07-12,56.855918884277344
2019-07-15,57.12607192993164
2019-07-16,57.28697204589844
2019-07-17,56.92792892456055
2019-07-18,56.92693328857422
2019-07-19,56.12094497680664
2019-07-22,56.51674270629883
2019-07-23,56.92097473144531
2019-07-24,56.50383377075195
2019-07-25,56.221256256103516
2019-07-26,62.0955696105957
2019-07-29,61.5493049621582
2019-07-30,60.84064865112305
2019-07-31,60.420528411865234
2019-08-01,60.039634704589844
2019-08-02,59.29374313354492
2019-08-05,57.22439956665039
2019-08-06,58.09990692138672
2019-08-07,58.300537109375
2019-08-08,59.830570220947266
2019-08-09,58.996768951416016
2019-08-12,58.33628845214844
2019-08-13,59.45662307739258
2019-08-14,57.81883239746094
2019-08-15,57.9663200378418
2019-08-16,58.47980880737305
2019-08-19,59.515220642089844
2019-08-20,58.73257827758789
2019-08-21,59.15766906738281
2019-08-22,59.07225799560547
2019-08-23,57.17325210571289
2019-08-26,58.04726028442383
2019-08-27,57.99512481689453
2019-08-28,58.153045654296875
2019-08-29,59.237125396728516
2019-08-30,59.00123596191406
2019-09-03,58.022438049316406
2019-09-04,58.669010162353516
2019-09-05,60.15732955932617
2019-09-06,59.83702087402344
2019-09-09,59.81120300292969
2019-09-10,59.89015579223633
2019-09-11,60.593841552734375
2019-09-12,61.293060302734375
2019-09-13,61.5567512512207
2019-09-16,61.14655303955078
2019-09-17,61.03978729248047
2019-09-18,61.201683044433594
2019-09-19,61.5145378112793
2019-09-20,61.07852554321289
2019-09-23,61.28213119506836
2019-09-24,60.52382278442383
2019-09-25,61.90238571166992
2019-09-26,61.64762878417969
2019-09-27,60.838172912597656
2019-09-30,60.535736083984375
2019-10-01,59.845462799072266
2019-10-02,58.43163299560547
2019-10-03,58.987831115722656
2019-10-04,60.03914260864258
2019-10-07,59.97358322143555
2019-10-08,59.052391052246094
2019-10-09,59.70691680908203
2019-10-10,60.02274703979492
2019-10-11,60.35944366455078
2019-10-14,60.4433708190918
2019-10-15,61.72808074951172
2019-10-16,61.75936508178711
2019-10-17,62.227657318115234
2019-10-18,61.85123825073242
2019-10-21,61.884010314941406
2019-10-22,61.7176513671875
2019-10-23,62.52859878540039
2019-10-24,62.620967864990234
2019-10-25,62.82656478881836
2019-10-28,64.06160736083984
2019-10-29,62.70191192626953
2019-10-30,62.635868072509766
2019-10-31,62.5772705078125
2019-11-01,63.2541389465332
2019-11-04,64.129638671875
2019-11-05,64.16242218017578
2019-11-06,64.15099334716797
2019-11-07,64.99820709228516
2019-11-08,65.12284088134766
2019-11-11,64.51798248291016
2019-11-12,64.49861145019531
2019-11-13,64.45889282226562
2019-11-14,65.12731170654297
2019-11-15,66.28986358642578
2019-11-18,65.58617401123047
2019-11-19,65.32595825195312
2019-11-20,64.70967102050781
2019-11-21,64.62523651123047
2019-11-22,64.32678985595703
2019-11-25,64.89044952392578
2019-11-26,65.23110961914062
2019-11-27,65.20328521728516
2019-11-29,64.80451965332031
2019-12-02,64.0576400756836
2019-12-03,64.32382202148438
2019-12-04,65.57823181152344
2019-12-05,65.95515441894531
2019-12-06,66.57540893554688
2019-12-09,66.7214126586914
2019-12-10,66.77604675292969
2019-12-11,66.79391479492188
2019-12-12,67.05462646484375
2019-12-13,66.93345642089844
2019-12-16,67.59591674804688
2019-12-17,67.29547882080078
2019-12-18,67.17132568359375
2019-12-19,67.34115600585938
2019-12-20,67.02085876464844
2019-12-23,66.9836196899414
2019-12-24,66.7214126586914
2019-12-26,67.55768585205078
2019-12-27,67.13507843017578
2019-12-30,66.35292053222656
2019-12-31,66.3966293334961
2020-01-02,67.90381622314453
2020-01-03,67.57059478759766
2020-01-06,69.23670196533203
2020-01-07,69.19348907470703
2020-01-08,69.73876953125
2020-01-09,70.50898742675781
2020-01-10,71.0006332397461
2020-01-13,71.4723892211914
2020-01-14,71.05772399902344
2020-01-15,71.47090911865234
2020-01-16,72.09165954589844
2020-01-17,73.51641082763672
2020-01-21,73.71554565429688
2020-01-22,73.79251861572266
2020-01-23,73.82727813720703
2020-01-24,72.8370590209961
2020-01-27,71.20770263671875
2020-01-28,72.13436889648438
2020-01-29,72.43579864501953
2020-01-30,72.2972412109375
2020-01-31,71.2240982055664
2020-02-03,73.79202270507812
2020-02-04,71.86173248291016
2020-02-05,71.91934204101562
2020-02-06,73.30982971191406
2020-02-07,73.45879364013672
2020-02-10,74.9212875366211
2020-02-11,74.92675018310547
2020-02-12,75.39752960205078
2020-02-13,75.21825408935547
2020-02-14,75.52020263671875
2020-02-18,75.46704864501953
2020-02-19,75.81566619873047
2020-02-20,75.3915786743164
2020-02-21,73.75081634521484
2020-02-24,70.59638214111328
2020-02-25,68.95065307617188
2020-02-26,69.18553924560547
2020-02-27,65.4565658569336
2020-02-28,66.51133728027344
2020-03-02,68.98343658447266
2020-03-03,66.6136474609375
2020-03-04,68.85480499267578
2020-03-05,65.50373840332031
2020-03-06,64.479248046875
2020-03-09,60.364906311035156
2020-03-10,63.58437728881836
2020-03-11,60.35745620727539
2020-03-12,55.366607666015625
2020-03-13,60.571990966796875
2020-03-16,53.84800338745117
2020-03-17,55.60945129394531
2020-03-18,54.46726989746094
2020-03-19,55.38548278808594
2020-03-20,53.251590728759766
2020-03-23,52.471920013427734
2020-03-24,56.33746337890625
2020-03-25,54.74983215332031
2020-03-26,57.692691802978516
2020-03-27,55.15803527832031
2020-03-30,56.951271057128906
2020-03-31,57.74533462524414
2020-04-01,54.905269622802734
2020-04-02,55.661094665527344
2020-04-03,54.520904541015625
2020-04-06,58.9426383972168
2020-04-07,58.92228317260742
2020-04-08,60.10270690917969
2020-04-09,60.160804748535156
2020-04-13,60.464229583740234
2020-04-14,63.0301628112793
2020-04-15,62.694461822509766
2020-04-16,62.7441291809082
2020-04-17,63.72640609741211
2020-04-20,62.90005874633789
2020-04-21,60.40364456176758
2020-04-22,62.7312126159668
2020-04-23,63.38176345825195
2020-04-24,63.53074645996094
2020-04-27,63.360408782958984
2020-04-28,61.264251708984375
2020-04-29,66.61810302734375
2020-04-30,66.97467041015625
2020-05-01,65.58171081542969
2020-05-04,65.88909912109375
2020-05-05,67.09634399414062
2020-05-06,66.90713500976562
2020-05-07,68.16154479980469
2020-05-08,68.9466781616211
2020-05-11,69.68612670898438
2020-05-12,68.31947326660156
2020-05-13,67.00794982910156
2020-05-14,67.34564208984375
2020-05-15,68.19283294677734
2020-05-18,68.7266845703125
2020-05-19,68.20748901367188
2020-05-20,69.85794830322266
2020-05-21,69.66327667236328
2020-05-22,70.04167938232422
2020-05-26,70.36943054199219
2020-05-27,70.41015625
2020-05-28,70.35504913330078
2020-05-29,70.96039581298828
2020-06-01,71.10440826416016
2020-06-02,71.4719009399414
2020-06-03,71.33087158203125
2020-06-04,70.12908172607422
2020-06-05,71.43067932128906
2020-06-08,71.8388900756836
2020-06-09,72.31314849853516
2020-06-10,72.79434967041016
2020-06-11,69.71492004394531
2020-06-12,70.17874145507812
2020-06-15,70.50997161865234
2020-06-16,71.64571380615234
2020-06-17,72.06285858154297
2020-06-18,71.30999755859375
2020-06-19,71.09944152832031
2020-06-22,72.09961700439453
2020-06-23,72.72283935546875
2020-06-24,71.11186218261719
2020-06-25,71.57667541503906
2020-06-26,67.53285217285156
2020-06-29,69.27442932128906
2020-06-30,70.20010375976562
2020-07-01,71.41329193115234
2020-07-02,72.73722839355469
2020-07-06,74.2767105102539
2020-07-07,73.7542724609375
2020-07-08,74.2916030883789
2020-07-09,75.0360107421875
2020-07-10,76.56305694580078
2020-07-13,75.05338287353516
2020-07-14,75.51224517822266
2020-07-15,75.1676025390625
2020-07-16,75.38412475585938
2020-07-17,75.26245880126953
2020-07-20,77.75391387939453
2020-07-21,77.39138793945312
2020-07-22,77.89147186279297
2020-07-23,75.26890563964844
2020-07-24,75.0797119140625
2020-07-27,75.98998260498047
2020-07-28,74.50713348388672
2020-07-29,75.58377075195312
2020-07-30,76.05207061767578
2020-07-31,73.64403533935547
2020-08-03,73.221435546875
2020-08-04,72.7506332397461
2020-08-05,73.1797103881836
2020-08-06,74.49520111083984
2020-08-07,74.21661376953125
2020-08-10,74.29656982421875
2020-08-11,73.51292419433594
2020-08-12,74.8189926147461
2020-08-13,75.4064712524414
2020-08-14,74.87411499023438
2020-08-17,75.38313293457031
2020-08-18,77.40032958984375
2020-08-19,76.8505859375
2020-08-20,78.54996490478516
2020-08-21,78.48391723632812
2020-08-24,78.87027740478516
2020-08-25,79.86447143554688
2020-08-26,82.05745697021484
2020-08-27,81.16109466552734
2020-08-28,81.66166687011719
2020-08-31,81.15363311767578
2020-09-01,82.47113037109375
2020-09-02,85.82666778564453
2020-09-03,81.53404235839844
2020-09-04,79.01129913330078
2020-09-08,76.09873962402344
2020-09-09,77.31888580322266
2020-09-10,76.08036804199219
2020-09-11,75.51920318603516
2020-09-14,75.44767761230469
2020-09-15,76.54815673828125
2020-09-16,75.52813720703125
2020-09-17,74.26824951171875
2020-09-18,72.50333404541016
2020-09-21,71.0716323852539
2020-09-22,72.77498626708984
2020-09-23,70.2795639038086
2020-09-24,70.92910766601562
2020-09-25,71.75695037841797
2020-09-28,72.72830963134766
2020-09-29,72.96717071533203
2020-09-30,72.98057556152344
2020-10-01,73.99812316894531
2020-10-02,72.42536163330078
2020-10-05,73.7959976196289
2020-10-06,72.17805480957031
2020-10-07,72.51823425292969
2020-10-08,73.79153442382812
2020-10-09,75.2460708618164
2020-10-12,77.92424011230469
2020-10-13,78.04988098144531
2020-10-14,77.8711166381836
2020-10-15,77.42665100097656
2020-10-16,78.11592864990234
2020-10-19,76.20896911621094
2020-10-20,77.26774597167969
2020-10-21,79.12403869628906
2020-10-22,80.2175521850586
2020-10-23,81.4923324584961
2020-10-26,78.98200225830078
2020-10-27,79.66780853271484
2020-10-28,75.31559753417969
2020-10-29,77.82939910888672
2020-10-30,80.4996109008789
2020-11-02,80.74891662597656
2020-11-03,81.94969940185547
2020-11-04,86.86207580566406
2020-11-05,87.56924438476562
2020-11-06,87.4887924194336
2020-11-09,87.55086517333984
2020-11-10,86.42804718017578
2020-11-11,87.03985595703125
2020-11-12,86.89733123779297
2020-11-13,88.24711608886719
2020-11-16,88.46361541748047
2020-11-17,87.90595245361328
2020-11-18,86.74537658691406
2020-11-19,87.59654998779297
2020-11-20,86.51744079589844
2020-11-23,86.15342712402344
2020-11-24,87.84286499023438
2020-11-25,87.9695053100586
2020-11-27,89.05010986328125
2020-11-30,87.43863677978516
2020-12-01,89.29393768310547
2020-12-02,90.77629852294922
2020-12-03,90.71768951416016
2020-12-04,90.77826690673828
2020-12-07,90.35568237304688
2020-12-08,90.30948638916016
2020-12-09,88.60018157958984
2020-12-10,88.16316986083984
2020-12-11,88.48299407958984
2020-12-14,87.40485382080078
2020-12-15,87.78773498535156
2020-12-16,87.55086517333984
2020-12-17,86.80099487304688
2020-12-18,85.96224212646484
2020-12-21,86.37738800048828
2020-12-22,85.58930206298828
2020-12-23,86.0302734375
2020-12-24,86.35157012939453
2020-12-28,88.20092010498047
2020-12-29,87.33831787109375
2020-12-30,86.38484191894531
2020-12-31,86.99864959716797
2021-01-04,85.8246841430664
2021-01-05,86.4543685913086
2021-01-06,86.1747817993164
2021-01-07,88.75513458251953
2021-01-08,89.746337890625
2021-01-11,87.735595703125
2021-01-12,86.73395538330078
2021-01-13,87.12378692626953
2021-01-14,86.41761779785156
2021-01-15,86.219482421875
2021-01-19,88.93441009521484
2021-01-20,93.70376586914062
2021-01-21,93.91978454589844
2021-01-22,94.40644836425781
2021-01-25,94.32451629638672
2021-01-26,95.21044158935547
2021-01-27,90.91732025146484
2021-01-28,92.5223388671875
2021-01-29,91.16315460205078
2021-02-01,94.42134094238281
2021-02-02,95.720458984375
2021-02-03,102.80001831054688
2021-02-04,102.41763305664062
2021-02-05,104.18701171875
2021-02-08,103.93424224853516
2021-02-09,103.46744537353516
2021-02-10,104.05691528320312
2021-02-11,104.08224487304688
2021-02-12,104.49044799804688
2021-02-16,105.37389373779297
2021-02-17,105.69221496582031
2021-02-18,105.14048767089844
2021-02-19,104.34294891357422
2021-02-22,102.54228210449219
2021-02-23,102.83924865722656
2021-02-24,104.04647827148438
2021-02-25,100.8776626586914
2021-02-26,101.15079498291016
2021-03-01,103.36813354492188
2021-03-02,103.08655548095703
2021-03-03,100.6467514038086
2021-03-04,101.75814056396484
2021-03-05,104.71044158935547
2021-03-08,100.52061462402344
2021-03-09,101.93741607666016
2021-03-10,102.0531234741211
2021-03-11,105.01982116699219
2021-03-12,102.3952865600586
2021-03-15,102.62222290039062
2021-03-16,103.91488647460938
2021-03-17,103.84337615966797
2021-03-18,101.11901092529297
2021-03-19,101.46563720703125
2021-03-22,101.23670196533203
2021-03-23,101.95033264160156
2021-03-24,101.55801391601562
2021-03-25,101.52325439453125
2021-03-26,101.08573913574219
2021-03-29,102.09880828857422
2021-03-30,102.07844543457031
2021-03-31,102.72850799560547
2021-04-01,106.16100311279297
2021-04-05,110.52117156982422
2021-04-06,110.48145294189453
2021-04-07,111.719482421875
2021-04-08,112.50211334228516
2021-04-09,113.51717376708984
2021-04-12,111.9732437133789
2021-04-13,112.59300231933594
2021-04-14,111.9757080078125
2021-04-15,114.0525131225586
2021-04-16,114.10713958740234
2021-04-19,114.33755493164062
2021-04-20,113.90204620361328
2021-04-21,113.88516235351562
2021-04-22,112.62528228759766
2021-04-23,114.97816467285156
2021-04-26,115.54627990722656
2021-04-27,114.57195281982422
2021-04-28,118.18671417236328
2021-04-29,120.6687240600586
2021-04-30,119.68694305419922
2021-05-03,118.94452667236328
2021-05-04,116.91244506835938
2021-05-05,117.03608703613281
2021-05-06,118.25823211669922
2021-05-07,119.11933898925781
2021-05-10,116.28721618652344
2021-05-11,114.65341186523438
2021-05-12,111.19308471679688
2021-05-13,112.32980346679688
2021-05-14,115.02088928222656
2021-05-17,115.28160858154297
2021-05-18,114.38871002197266
2021-05-19,114.65090942382812
2021-05-20,117.0038070678711
2021-05-21,116.45804595947266
2021-05-24,119.51563262939453
2021-05-25,119.63481140136719
2021-05-26,120.8494873046875
2021-05-27,119.30904388427734
2021-05-28,119.75845336914062
2021-06-01,120.66475677490234
2021-06-02,120.24115753173828
2021-06-03,119.413330078125
2021-06-04,121.75479888916016
2021-06-07,122.46642303466797
2021-06-08,123.29873657226562
2021-06-09,123.72333526611328
2021-06-10,125.22306060791016
2021-06-11,124.8421630859375
2021-06-14,125.49321746826172
2021-06-15,125.17637634277344
2021-06-16,124.8421630859375
2021-06-17,125.51209259033203
2021-06-18,124.71404266357422
2021-06-21,125.59552764892578
2021-06-22,126.13631439208984
2021-06-23,125.60198974609375
2021-06-24,126.41688537597656
2021-06-25,126.13185119628906
2021-06-28,125.9575424194336
2021-06-29,125.1619873046875
2021-06-30,124.46426391601562
2021-07-01,125.50960540771484
2021-07-02,127.84412384033203
2021-07-06,128.88897705078125
2021-07-07,129.19338989257812
2021-07-08,128.29901123046875
2021-07-09,128.69381713867188
2021-07-12,129.6765899658203
2021-07-13,130.1041717529297
2021-07-14,131.18478393554688
2021-07-15,130.37429809570312
2021-07-16,130.9493865966797
2021-07-19,128.37548828125
2021-07-20,130.21043395996094
2021-07-21,131.69923400878906
2021-07-22,132.42230224609375
2021-07-23,136.8792724609375
2021-07-26,138.6953582763672
2021-07-27,135.86672973632812
2021-07-28,135.45455932617188
2021-07-29,135.6124725341797
2021-07-30,134.30194091796875
2021-08-02,135.06520080566406
2021-08-03,135.35374450683594
2021-08-04,135.1039581298828
2021-08-05,136.00926208496094
2021-08-06,136.10458374023438
2021-08-09,137.0640411376953
2021-08-10,137.1578826904297
2021-08-11,136.75364685058594
2021-08-12,137.4488983154297
2021-08-13,137.46530151367188
2021-08-16,137.97181701660156
2021-08-17,136.3673095703125
2021-08-18,135.6417694091797
2021-08-19,135.98294067382812
2021-08-20,137.49607849121094
2021-08-23,140.14048767089844
2021-08-24,141.43064880371094
2021-08-25,141.97840881347656
2021-08-26,141.15701293945312
2021-08-27,143.5680389404297
2021-08-30,144.4807891845703
2021-08-31,144.47332763671875
2021-09-01,144.85072326660156
2021-09-02,143.23875427246094
2021-09-03,143.79100036621094
2021-09-07,144.52993774414062
2021-09-08,143.8987579345703
2021-09-09,143.92855834960938
2021-09-10,140.95639038085938
2021-09-13,142.48988342285156
2021-09-14,142.43130493164062
2021-09-15,144.21905517578125
2021-09-16,143.39222717285156
2021-09-17,140.50201416015625
2021-09-20,138.07212829589844
2021-09-21,138.69735717773438
2021-09-22,139.98057556152344
2021-09-23,140.862548828125
2021-09-24,141.66355895996094
2021-09-27,140.53924560546875
2021-09-28,135.25840759277344
2021-09-29,133.60670471191406
2021-09-30,132.35972595214844
2021-10-01,135.5349884033203
2021-10-04,132.8558349609375
2021-10-05,135.25144958496094
2021-10-06,136.42044067382812
2021-10-07,138.239501953125
2021-10-08,139.10409545898438
2021-10-11,137.90379333496094
2021-10-12,135.78379821777344
2021-10-13,136.96273803710938
2021-10-14,140.45086669921875
2021-10-15,140.71206665039062
2021-10-18,141.98883056640625
2021-10-19,142.84449768066406
2021-10-20,141.447021484375
2021-10-21,141.81004333496094
2021-10-22,137.68280029296875
2021-10-25,137.82980346679688
2021-10-26,138.72267150878906
2021-10-27,145.43228149414062
2021-10-28,145.1358184814453
2021-10-29,147.26275634765625
2021-11-01,142.79681396484375
2021-11-02,144.87159729003906
2021-11-03,145.7923126220703
2021-11-04,147.6724395751953
2021-11-05,148.22665405273438
2021-11-08,148.33639526367188
2021-11-09,148.23410034179688
2021-11-10,145.6294403076172
2021-11-11,145.7506103515625
2021-11-12,148.62838745117188
2021-11-15,148.37265014648438
2021-11-16,148.06277465820312
2021-11-17,148.04888916015625
2021-11-18,149.6846923828125
2021-11-19,148.93331909179688
2021-11-22,146.07884216308594
2021-11-23,145.75953674316406
2021-11-24,145.7202911376953
2021-11-26,141.83535766601562
2021-11-29,145.12091064453125
2021-11-30,141.48379516601562
2021-12-01,140.6554718017578
2021-12-02,142.79928588867188
2021-12-03,141.55181884765625
2021-12-06,142.81915283203125
2021-12-07,147.03033447265625
2021-12-08,147.70968627929688
2021-12-09,147.099365234375
2021-12-10,147.6645050048828
2021-12-13,145.70738220214844
2021-12-14,143.9851837158203
2021-12-15,146.36688232421875
2021-12-16,143.8540802001953
2021-12-17,141.83241271972656
2021-12-20,141.43362426757812
2021-12-21,143.24026489257812
2021-12-22,145.9502410888672
2021-12-23,146.1424102783203
2021-12-27,147.05764770507812
2021-12-28,145.45262145996094
2021-12-29,145.50875854492188
2021-12-30,145.01016235351562
2021-12-31,143.69613647460938
2022-01-03,144.0884552001953
2022-01-04,143.43495178222656
2022-01-05,136.71791076660156
2022-01-06,136.61610412597656
2022-01-07,136.0733184814453
2022-01-10,137.6321563720703
2022-01-11,139.0658416748047
2022-01-12,140.68524169921875
2022-01-13,138.18536376953125
2022-01-14,138.83642578125
2022-01-18,135.36415100097656
2022-01-19,134.73001098632812
2022-01-20,132.59910583496094
2022-01-21,129.20779418945312
2022-01-24,129.4858856201172
2022-01-25,125.87410736083984
2022-01-26,128.36160278320312
2022-01-27,128.24339294433594
2022-01-28,132.38356018066406
2022-01-31,134.77618408203125
2022-02-01,136.94137573242188
2022-02-02,147.03033447265625
2022-02-03,141.68093872070312
2022-02-04,142.04396057128906
2022-02-07,137.9936981201172
2022-02-08,138.26678466796875
2022-02-09,140.49159240722656
2022-02-10,137.66046142578125
2022-02-11,133.21836853027344
2022-02-14,134.3804168701172
2022-02-15,135.4982452392578
2022-02-16,136.5530242919922
2022-02-17,131.40924072265625
2022-02-18,129.5807342529297
2022-02-22,128.52297973632812
2022-02-23,126.71783447265625
2022-02-24,131.77174377441406
2022-02-25,133.605224609375
2022-02-28,133.97418212890625
2022-03-01,133.256103515625
2022-03-02,133.8356170654297
2022-03-03,133.3951416015625
2022-03-04,131.2239990234375
2022-03-07,125.60494995117188
2022-03-08,126.41342163085938
2022-03-09,132.9561309814453
2022-03-10,131.7801971435547
2022-03-11,129.58868408203125
2022-03-14,125.87956237792969
2022-03-15,128.77923583984375
2022-03-16,132.78182983398438
2022-03-17,133.6856689453125
2022-03-18,135.87168884277344
2022-03-21,135.55087280273438
2022-03-22,139.32406616210938
2022-03-23,137.56211853027344
2022-03-24,140.35153198242188
2022-03-25,140.55963134765625
2022-03-28,140.98519897460938
2022-03-29,142.27635192871094
2022-03-30,141.6749725341797
2022-03-31,138.70034790039062
2022-04-01,139.7436981201172
2022-04-04,142.66619873046875
2022-04-05,140.10423278808594
2022-04-06,136.24365234375
2022-04-07,135.53746032714844
2022-04-08,133.0996551513672
2022-04-11,128.914306640625
2022-04-12,127.50196838378906
2022-04-13,129.40049743652344
2022-04-14,126.38809204101562
2022-04-18,127.09127807617188
2022-04-19,129.643798828125
2022-04-20,127.37384796142578
2022-04-21,124.08833312988281
2022-04-22,118.801025390625
2022-04-25,122.41230773925781
2022-04-26,118.6937484741211
2022-04-27,114.23873138427734
2022-04-28,118.59989929199219
2022-04-29,114.18510437011719
2022-05-02,116.36071014404297
2022-05-03,117.32659912109375
2022-05-04,121.74188995361328
2022-05-05,115.95299530029297
2022-05-06,114.8739013671875
2022-05-09,112.31538391113281
2022-05-10,113.80569458007812
2022-05-11,113.18643951416016
2022-05-12,112.39187622070312
2022-05-13,115.72357940673828
2022-05-16,114.01229858398438
2022-05-17,115.9083023071289
2022-05-18,111.63704681396484
2022-05-19,109.99278259277344
2022-05-20,108.57003784179688
2022-05-23,110.90753173828125
2022-05-24,105.2060546875
2022-05-25,105.12013244628906
2022-05-26,107.55994415283203
2022-05-27,112.03233337402344
2022-05-31,113.26390075683594
2022-06-01,113.36123657226562
2022-06-02,116.94571685791016
2022-06-03,113.78533935546875
2022-06-06,116.21519470214844
2022-06-07,116.43272399902344
2022-06-08,116.44115447998047
2022-06-09,114.13692474365234
2022-06-10,110.67015075683594
2022-06-13,106.15008544921875
2022-06-14,106.4654312133789
2022-06-15,109.64019775390625
2022-06-16,105.91122436523438
2022-06-17,107.13236999511719
2022-06-21,111.25365447998047
2022-06-22,111.27252960205078
2022-06-23,111.91861724853516
2022-06-24,117.7323226928711
2022-06-27,115.82984924316406
2022-06-28,111.80638885498047
2022-06-29,111.49351501464844
2022-06-30,108.6291275024414
2022-07-01,108.33960723876953
2022-07-05,113.1129379272461
2022-07-06,114.430419921875
2022-07-07,118.49510192871094
2022-07-08,119.35173797607422
2022-07-11,115.73052978515625
2022-07-12,114.06890106201172
2022-07-13,111.42449188232422
2022-07-14,110.68257141113281
2022-07-15,112.00054931640625
2022-07-18,109.16297912597656
2022-07-19,113.84095764160156
2022-07-20,113.92041015625
2022-07-21,114.25810241699219
2022-07-22,107.62350463867188
2022-07-25,107.47452545166016
2022-07-26,104.72335815429688
2022-07-27,112.82789611816406
2022-07-28,113.81116485595703
2022-07-29,115.84722137451172
2022-08-01,114.69511413574219
2022-08-02,115.11225128173828
2022-08-03,117.9726791381836
2022-08-04,118.06206512451172
2022-08-05,117.41648864746094
2022-08-08,117.3370361328125
2022-08-09,116.70137786865234
2022-08-10,119.8299789428711
2022-08-11,119.005615234375
2022-08-12,121.81639099121094
2022-08-15,122.04481506347656
2022-08-16,121.67733764648438
2022-08-17,119.5022201538086
2022-08-18,120.0385513305664
2022-08-19,117.31716918945312
2022-08-22,114.28790283203125
2022-08-23,113.98993682861328
2022-08-24,113.92041015625
2022-08-25,116.9000244140625
2022-08-26,110.54351806640625
2022-08-29,109.59004211425781
2022-08-30,109.16297912597656
2022-08-31,108.40813446044922
2022-09-01,109.79861450195312
2022-09-02,107.94133758544922
2022-09-06,106.7494888305664
2022-09-07,109.72909545898438
2022-09-08,108.67630004882812
2022-09-09,111.02025604248047
2022-09-12,111.10964965820312
2022-09-13,104.59423065185547
2022-09-14,105.15043640136719
2022-09-15,103.19381713867188
2022-09-16,102.92565155029297
2022-09-19,103.14415740966797
2022-09-20,101.13788604736328
2022-09-21,99.33026123046875
2022-09-22,99.8864517211914
2022-09-23,98.49596405029297
2022-09-26,98.13841247558594
2022-09-27,97.42330932617188
2022-09-28,100.05529022216797
2022-09-29,97.42330932617188
2022-09-30,95.49649810791016
2022-10-03,98.62509155273438
2022-10-04,101.71395111083984
2022-10-05,101.52523040771484
2022-10-06,101.54509735107422
2022-10-07,98.89324951171875
2022-10-10,98.03909301757812
2022-10-11,97.38359069824219
2022-10-12,97.63186645507812
2022-10-13,99.03230285644531
2022-10-14,96.51949310302734
2022-10-17,100.09501647949219
2022-10-18,100.70088195800781
2022-10-19,99.60835266113281
2022-10-20,99.84671783447266
2022-10-21,100.79026794433594
2022-10-24,102.27013397216797
2022-10-25,104.2168197631836
2022-10-26,94.17552185058594
2022-10-27,91.97061920166016
2022-10-28,95.92356872558594
2022-10-31,94.0166244506836
2022-11-01,89.88489532470703
2022-11-02,86.47820281982422
2022-11-03,82.92253875732422
2022-11-04,86.11071014404297
2022-11-07,88.04747009277344
2022-11-08,88.30570983886719
2022-11-09,86.80596923828125
2022-11-10,93.52994537353516
2022-11-11,96.07256317138672
2022-11-14,95.37730407714844
2022-11-15,98.04903411865234
2022-11-16,98.31718444824219
2022-11-17,97.83052825927734
2022-11-18,97.13528442382812
2022-11-21,95.17867279052734
2022-11-22,96.6684799194336
2022-11-23,98.14834594726562
2022-11-25,96.93663024902344
2022-11-28,95.5958251953125
2022-11-29,94.79132080078125
2022-11-30,100.7604751586914
2022-12-01,100.59162902832031
2022-12-02,100.14468383789062
2022-12-05,99.19120788574219
2022-12-06,96.64859771728516
2022-12-07,94.50328826904297
2022-12-08,93.31143951416016
2022-12-09,92.43742370605469
2022-12-12,92.92408752441406
2022-12-13,95.19852447509766
2022-12-14,94.66218566894531
2022-12-15,90.58013916015625
2022-12-16,90.24243927001953
2022-12-19,88.5440673828125
2022-12-20,89.02081298828125
2022-12-21,89.63658905029297
2022-12-22,87.66011810302734
2022-12-23,89.1995849609375
2022-12-27,87.33236694335938
2022-12-28,85.87235260009766
2022-12-29,88.34542846679688
2022-12-30,88.12693786621094
2023-01-03,89.09032440185547
2023-01-04,88.10706329345703
2023-01-05,86.18023681640625
2023-01-06,87.560791015625
2023-01-09,88.19644165039062
2023-01-10,88.63346099853516
2023-01-11,91.6329345703125
2023-01-12,91.28530883789062
2023-01-13,92.16926574707031
2023-01-17,91.53361511230469
2023-01-18,91.15619659423828
2023-01-19,93.27171325683594
2023-01-20,98.605224609375
2023-01-23,100.5220947265625
2023-01-24,98.53569030761719
2023-01-25,96.07256317138672
2023-01-26,98.48603820800781
2023-01-27,100.02549743652344
2023-01-30,97.28424835205078
2023-01-31,99.19120788574219
2023-02-01,100.7406005859375
2023-02-02,108.06051635742188
2023-02-03,104.50484466552734
2023-02-06,102.76673889160156
2023-02-07,107.3056869506836
2023-02-08,99.32032012939453
2023-02-09,94.8111801147461
2023-02-10,94.21526336669922
2023-02-13,94.35430908203125
2023-02-14,94.30464172363281
2023-02-15,96.44003295898438
2023-02-16,95.1290054321289
2023-02-17,93.94709014892578
2023-02-21,91.42436981201172
2023-02-22,91.17607116699219
2023-02-23,90.45101928710938
2023-02-24,88.74270629882812
2023-02-27,89.48760986328125
2023-02-28,89.6862564086914
2023-03-01,89.89482116699219
2023-03-02,91.6825942993164
2023-03-03,93.38096618652344
2023-03-06,94.93036651611328
2023-03-07,93.52994537353516
2023-03-08,94.0066909790039
2023-03-09,92.03022003173828
2023-03-10,90.39142608642578
2023-03-13,91.03701782226562
2023-03-14,93.60940551757812
2023-03-15,95.8937759399414
2023-03-16,100.38304901123047
2023-03-17,101.76359558105469
2023-03-20,101.23719787597656
2023-03-21,105.12062072753906
2023-03-22,103.51163482666016
2023-03-23,105.53778839111328
2023-03-24,105.3391342163086
2023-03-27,102.3595199584961
2023-03-28,100.67108154296875
2023-03-29,101.2074203491211
2023-03-30,100.63135528564453
2023-03-31,103.29313659667969
2023-04-03,104.19696807861328
2023-04-04,104.40553283691406
2023-04-05,104.23668670654297
2023-04-06,108.15983581542969
2023-04-10,106.22309112548828
2023-04-11,105.39873504638672
2023-04-12,104.50484466552734
2023-04-13,107.45466613769531
2023-04-14,108.71602630615234
2023-04-17,105.69668579101562
2023-04-18,104.40553283691406
2023-04-19,104.30620574951172
2023-04-20,105.18022918701172
2023-04-21,105.19015502929688
2023-04-24,106.05422973632812
2023-04-25,103.89899444580078
2023-04-26,103.74007415771484
2023-04-27,107.6334457397461
2023-04-28,107.48445892333984
2023-05-01,106.97792053222656
2023-05-02,105.25968933105469
2023-05-03,105.39873504638672
2023-05-04,104.49491119384766
2023-05-05,105.49308013916016
2023-05-08,107.50431060791016
2023-05-09,107.20636749267578
2023-05-10,111.5168685913086
2023-05-11,116.10546112060547
2023-05-12,117.11852264404297
2023-05-15,116.16505432128906
2023-05-16,119.2737808227539
2023-05-17,120.65432739257812
2023-05-18,122.68045806884766
2023-05-19,122.41230773925781
2023-05-22,125.01449584960938
2023-05-23,122.45204162597656
2023-05-24,120.81324005126953
2023-05-25,123.50482177734375
2023-05-26,124.57748413085938
2023-05-30,123.79286193847656
2023-05-31,122.531494140625
2023-06-01,123.52468872070312
2023-06-02,124.37884521484375
2023-06-05,125.76931762695312
2023-06-06,127.04063415527344
2023-06-07,122.10442352294922
2023-06-08,121.83624267578125
2023-06-09,122.0348892211914
2023-06-12,123.50482177734375
2023-06-13,123.58427429199219
2023-06-14,123.53461456298828
2023-06-15,124.9350357055664
2023-06-16,123.21678161621094
2023-06-20,123.00822448730469
2023-06-21,120.43583679199219
2023-06-22,123.02808380126953
2023-06-23,122.1838607788086
2023-06-26,118.28057098388672
2023-06-27,118.20111846923828
2023-06-28,120.2570571899414
2023-06-29,119.19432830810547
2023-06-30,120.1478042602539
2023-07-03,119.7405776977539
2023-07-05,121.79651641845703
2023-07-06,120.10807037353516
2023-07-07,119.32342529296875
2023-07-10,116.07566833496094
2023-07-11,116.90995025634766
2023-07-12,118.8069839477539
2023-07-13,123.98155975341797
2023-07-14,124.84564971923828
2023-07-17,124.20999908447266
2023-07-18,123.23665618896484
2023-07-19,121.94548034667969
2023-07-20,118.71757507324219
2023-07-21,119.49227905273438
2023-07-24,121.05159759521484
2023-07-25,121.95542907714844
2023-07-26,128.7787322998047
2023-07-27,128.9873046875
2023-07-28,132.10595703125
2023-07-31,132.20530700683594
2023-08-01,130.9935760498047
2023-08-02,127.7656478881836
2023-08-03,127.89480590820312
2023-08-04,127.66635131835938
2023-08-07,131.04322814941406
2023-08-08,130.9439239501953
2023-08-09,129.265380859375
2023-08-10,129.32501220703125
2023-08-11,129.28526306152344
2023-08-14,130.93399047851562
2023-08-15,129.38458251953125
2023-08-16,128.23248291015625
2023-08-17,129.57330322265625
2023-08-18,127.23927307128906
2023-08-21,128.0537109375
2023-08-22,128.8085174560547
2023-08-23,132.3046112060547
2023-08-24,129.5335693359375
2023-08-25,129.80174255371094
2023-08-28,130.89425659179688
2023-08-29,134.56910705566406
2023-08-30,135.9993133544922
2023-08-31,136.41647338867188
2023-09-01,135.87020874023438
2023-09-05,135.78082275390625
2023-09-06,134.4499053955078
2023-09-07,135.2742919921875
2023-09-08,136.26748657226562
2023-09-11,136.8038330078125
2023-09-12,135.14517211914062
2023-09-13,136.5654296875
2023-09-14,138.0453338623047
2023-09-15,137.36001586914062
2023-09-18,138.01553344726562
2023-09-19,137.88641357421875
2023-09-20,133.67523193359375
2023-09-21,130.46717834472656
2023-09-22,130.35792541503906
2023-09-25,131.2716827392578
2023-09-26,128.5701446533203
2023-09-27,130.56651306152344
2023-09-28,132.22515869140625
2023-09-29,130.95384216308594
2023-10-02,134.25128173828125
2023-10-03,132.39398193359375
2023-10-04,135.34381103515625
2023-10-05,135.06570434570312
2023-10-06,137.78707885742188
2023-10-09,138.55184936523438
2023-10-10,138.25387573242188
2023-10-11,140.73690795898438
2023-10-12,139.3364715576172
2023-10-13,137.63812255859375
2023-10-16,139.53509521484375
2023-10-17,140.03170776367188
2023-10-18,138.3333282470703
2023-10-19,138.03538513183594
2023-10-20,135.8106231689453
2023-10-23,136.96273803710938
2023-10-24,139.16763305664062
2023-10-25,125.80906677246094
2023-10-26,122.60099792480469
2023-10-27,122.561279296875
2023-10-30,124.89530181884766
2023-10-31,124.4483642578125
2023-11-01,126.70294189453125
2023-11-02,127.7060775756836
2023-11-03,129.48390197753906
2023-11-06,130.55657958984375
2023-11-07,131.50009155273438
2023-11-08,132.354248046875
2023-11-09,130.79495239257812
2023-11-10,133.14881896972656
2023-11-13,132.73167419433594
2023-11-14,134.50950622558594
2023-11-15,135.45306396484375
2023-11-16,137.7572784423828
2023-11-17,136.00926208496094
2023-11-20,136.98257446289062
2023-11-21,137.67784118652344
2023-11-22,139.0683135986328
2023-11-24,137.28054809570312
2023-11-27,137.11172485351562
2023-11-28,137.67784118652344
2023-11-29,135.47291564941406
2023-11-30,133.009765625
2023-12-01,132.41387939453125
2023-12-04,129.7421417236328
2023-12-05,131.4901885986328
2023-12-06,130.5366973876953
2023-12-07,137.5089874267578
2023-12-08,135.71127319335938
2023-12-11,133.78445434570312
2023-12-12,132.73167419433594
2023-12-13,133.0594482421875
2023-12-14,132.29469299316406
2023-12-15,132.93031311035156
2023-12-18,136.25753784179688
2023-12-19,137.161376953125
2023-12-20,138.7107696533203
2023-12-21,140.8362274169922
2023-12-22,141.74998474121094
2023-12-26,141.8492889404297
2023-12-27,140.4786834716797
2023-12-28,140.3197479248047
2023-12-29,139.97215270996094
2024-01-02,138.61143493652344
2024-01-03,139.406005859375
2024-01-04,137.1017608642578
2024-01-05,136.45620727539062
2024-01-08,139.5748291015625
2024-01-09,141.59104919433594
2024-01-10,142.8226318359375
2024-01-11,142.69349670410156
2024-01-12,143.2596435546875
2024-01-16,143.10072326660156
2024-01-17,141.91880798339844
2024-01-18,144.00454711914062
2024-01-19,146.9642791748047
2024-01-22,146.70603942871094
2024-01-23,147.66943359375
2024-01-24,149.328125
2024-01-25,152.5957489013672
2024-01-26,152.74473571777344
2024-01-29,153.78759765625
2024-01-30,152.00978088378906
2024-01-31,140.8362274169922
2024-02-01,141.7400665283203
2024-02-02,142.5644073486328
2024-02-05,143.94496154785156
2024-02-06,144.4216766357422
2024-02-07,145.6830596923828
2024-02-08,146.2194061279297
2024-02-09,149.19898986816406
2024-02-12,147.7191162109375
2024-02-13,145.3751678466797
2024-02-14,146.13995361328125
2024-02-15,142.961669921875
2024-02-16,140.79647827148438
2024-02-20,141.2334747314453
2024-02-21,142.8623504638672
2024-02-22,144.33230590820312
2024-02-23,144.30250549316406
2024-02-26,137.8069610595703
2024-02-27,139.14776611328125
2024-02-28,136.4959259033203
2024-02-29,138.82994079589844
2024-03-01,137.14151000976562
2024-03-04,133.28785705566406
2024-03-05,132.87074279785156
2024-03-06,131.65902709960938
2024-03-07,134.32081604003906
2024-03-08,135.3636474609375
2024-03-11,137.99566650390625
2024-03-12,138.6710205078125
2024-03-13,139.813232421875
2024-03-14,143.35894775390625
2024-03-15,141.20372009277344
2024-03-18,147.4708251953125
2024-03-19,146.91464233398438
2024-03-20,148.66265869140625
2024-03-21,147.72906494140625
2024-03-22,150.7384796142578
2024-03-25,150.12266540527344
2024-03-26,150.66893005371094
2024-03-27,150.90728759765625
2024-03-28,151.22511291503906
2024-04-01,155.43630981445312
2024-04-02,154.81057739257812
2024-04-03,155.3071746826172
2024-04-04,150.90728759765625
2024-04-05,152.8937225341797
2024-04-08,155.07875061035156
2024-04-09,157.06515502929688
2024-04-10,156.5884246826172
2024-04-11,159.6971435546875
2024-04-12,158.1080322265625
2024-04-15,155.26747131347656
2024-04-16,154.93971252441406
2024-04-17,155.813720703125
2024-04-18,156.38980102539062
2024-04-19,154.66160583496094
2024-04-22,156.87643432617188
2024-04-23,158.8330535888672
2024-04-24,160.00506591796875
2024-04-25,156.87643432617188
2024-04-26,172.50946044921875
2024-04-29,166.75881958007812
2024-04-30,163.52098083496094
2024-05-01,164.4446563720703
2024-05-02,167.3150177001953
2024-05-03,167.84141540527344
2024-05-06,168.6757049560547
2024-05-07,171.80430603027344
2024-05-08,169.99667358398438
2024-05-09,170.413818359375
2024-05-10,169.13258361816406
2024-05-13,169.73843383789062
2024-05-14,170.7614288330078
2024-05-15,172.69818115234375
2024-05-16,174.23765563964844
2024-05-17,176.08499145507812
2024-05-20,177.24703979492188
2024-05-21,178.3197021484375
2024-05-22,176.7901611328125
2024-05-23,173.87017822265625
2024-05-24,175.1315460205078
2024-05-28,176.81004333496094
2024-05-29,176.19424438476562
2024-05-30,172.38035583496094
2024-05-31,172.77764892578125
2024-06-03,173.23452758789062
2024-06-04,173.939697265625
2024-06-05,175.8665008544922
2024-06-06,177.13780212402344
2024-06-07,174.75411987304688
2024-06-10,175.6291046142578
2024-06-11,177.18028259277344
2024-06-12,178.54249572753906
2024-06-13,175.73849487304688
2024-06-14,177.35926818847656
2024-06-17,177.76693725585938
2024-06-18,175.4501495361328
2024-06-20,176.7030029296875
2024-06-21,179.23854064941406
2024-06-24,179.76553344726562
2024-06-25,184.52841186523438
2024-06-26,184.319580078125
2024-06-27,185.80116271972656
2024-06-28,182.38064575195312
2024-07-01,183.444580078125
2024-07-02,185.5525665283203
2024-07-03,186.328125
2024-07-05,190.87225341796875
2024-07-08,189.40065002441406
2024-07-09,189.36087036132812
2024-07-10,191.5682830810547
2024-07-11,186.2386474609375
2024-07-12,185.72161865234375
2024-07-15,187.1236114501953
2024-07-16,184.4488525390625
2024-07-17,181.58518981933594
2024-07-18,178.20445251464844
2024-07-19,178.37347412109375
2024-07-22,182.31105041503906
2024-07-23,182.55963134765625
2024-07-24,173.3819122314453
2024-07-25,168.20143127441406
2024-07-26,167.7241668701172
2024-07-29,170.16029357910156
2024-07-30,170.88616943359375
2024-07-31,172.16883850097656
2024-08-01,171.47279357910156
2024-08-02,167.44577026367188
2024-08-05,159.729736328125
2024-08-06,159.63027954101562
2024-08-07,159.839111328125
2024-08-08,162.91159057617188
2024-08-09,164.4528045654297
2024-08-12,163.02098083496094
2024-08-13,164.98974609375
2024-08-14,161.1118621826172
2024-08-15,162.24539184570312
2024-08-16,163.80648803710938
2024-08-19,167.44577026367188
2024-08-20,168.00259399414062
2024-08-21,166.6801300048828
2024-08-22,164.55226135253906
2024-08-23,166.4812469482422
2024-08-26,166.97840881347656
2024-08-27,165.43722534179688
2024-08-28,163.56784057617188
2024-08-29,162.47409057617188
2024-08-30,164.1743927001953
2024-09-03,157.7112274169922
2024-09-04,156.91575622558594
2024-09-05,157.70127868652344
2024-09-06,151.26795959472656
2024-09-09,148.88833618164062
2024-09-10,149.35630798339844
2024-09-11,151.4869842529297
2024-09-12,154.8622283935547
2024-09-13,157.6798858642578
2024-09-16,158.2971954345703
2024-09-17,159.58155822753906
2024-09-18,160.1092529296875
2024-09-19,162.52867126464844
2024-09-20,163.9225616455078
2024-09-23,162.35940551757812
2024-09-24,162.9269256591797
2024-09-25,162.27975463867188
2024-09-26,163.11610412597656
2024-09-27,164.56973266601562
2024-09-30,166.4614715576172
2024-10-01,167.68609619140625
2024-10-02,166.58094787597656
2024-10-03,166.4813690185547
2024-10-04,167.8254852294922
2024-10-07,163.67364501953125
2024-10-08,164.97793579101562
2024-10-09,162.3494415283203
2024-10-10,162.4689178466797
2024-10-11,163.8031005859375
2024-10-14,165.6251220703125
2024-10-15,166.17271423339844
2024-10-16,166.01341247558594
2024-10-17,163.79312133789062
2024-10-18,164.33078002929688
2024-10-21,165.0775146484375
2024-10-22,166.0930633544922
2024-10-23,163.7632598876953
2024-10-24,163.81304931640625
2024-10-25,166.26231384277344
2024-10-28,167.60643005371094
2024-10-29,170.3942413330078
2024-10-30,175.3724365234375
2024-10-31,171.93748474121094
2024-11-01,171.89764404296875
2024-11-04,169.9362335205078
2024-11-05,170.66305541992188
2024-11-06,177.55288696289062
2024-11-07,181.48568725585938
2024-11-08,179.0762481689453
2024-11-11,181.17706298828125
2024-11-12,182.52117919921875
2024-11-13,179.70350646972656
2024-11-14,176.57717895507812
2024-11-15,173.13226318359375
2024-11-18,176.02957153320312
2024-11-19,178.7974395751953
2024-11-20,176.55726623535156
2024-11-21,168.5025177001953
2024-11-22,165.84417724609375
2024-11-25,168.69168090820312
2024-11-26,169.87649536132812
2024-11-27,170.07562255859375
2024-11-29,169.7470703125
2024-12-02,172.22622680664062
2024-12-03,172.2660675048828
2024-12-04,175.32266235351562
2024-12-05,173.55043029785156
2024-12-06,175.72093200683594
2024-12-09,176.52830505371094
2024-12-10,185.92787170410156
2024-12-11,196.07501220703125
2024-12-12,193.00494384765625
2024-12-13,190.76222229003906
2024-12-16,197.52032470703125
2024-12-17,196.48367309570312
2024-12-18,189.5361785888672
2024-12-19,189.08763122558594
2024-12-20,192.3371124267578
2024-12-23,195.35733032226562
2024-12-24,196.9322509765625
2024-12-26,196.46376037597656
2024-12-27,193.4136199951172
2024-12-30,192.06797790527344
2024-12-31,189.82525634765625
