Date,JNJ
2018-01-02,112.06001281738281
2018-01-03,113.13047790527344
2018-01-04,113.1224365234375
2018-01-05,114.05606079101562
2018-01-08,114.20092010498047
2018-01-09,116.0118637084961
2018-01-10,115.87506103515625
2018-01-11,116.53498840332031
2018-01-12,117.31570434570312
2018-01-16,118.20105743408203
2018-01-17,118.29765319824219
2018-01-18,118.24935913085938
2018-01-19,118.60350036621094
2018-01-22,119.23126983642578
2018-01-23,114.15266418457031
2018-01-24,114.34584045410156
2018-01-25,116.2210922241211
2018-01-26,116.96965026855469
2018-01-29,115.6416244506836
2018-01-30,114.63555145263672
2018-01-31,111.22297668457031
2018-02-01,112.69585418701172
2018-02-02,110.8125
2018-02-05,104.9450912475586
2018-02-06,106.10408020019531
2018-02-07,105.77409362792969
2018-02-08,101.70152282714844
2018-02-09,104.2529296875
2018-02-12,104.84852600097656
2018-02-13,104.59903717041016
2018-02-14,104.36559295654297
2018-02-15,105.62118530273438
2018-02-16,107.16651153564453
2018-02-20,105.33142852783203
2018-02-21,104.55875396728516
2018-02-22,104.55875396728516
2018-02-23,106.25700378417969
2018-02-26,106.9779281616211
2018-02-27,106.6539306640625
2018-02-28,105.20402526855469
2018-03-01,103.09796905517578
2018-03-02,104.34540557861328
2018-03-05,105.1310806274414
2018-03-06,103.85939025878906
2018-03-07,104.52357482910156
2018-03-08,106.96981811523438
2018-03-09,108.37924194335938
2018-03-12,107.43151092529297
2018-03-13,108.82475280761719
2018-03-14,107.1804428100586
2018-03-15,107.77983093261719
2018-03-16,108.28202056884766
2018-03-19,105.49562072753906
2018-03-20,106.28132629394531
2018-03-21,106.2651138305664
2018-03-22,103.17897033691406
2018-03-23,101.33216857910156
2018-03-26,103.18707275390625
2018-03-27,103.04129028320312
2018-03-28,103.23567962646484
2018-03-29,103.80265045166016
2018-04-02,100.8947525024414
2018-04-03,103.96469116210938
2018-04-04,105.63330078125
2018-04-05,105.87631225585938
2018-04-06,103.76219940185547
2018-04-09,104.8800048828125
2018-04-10,105.50369262695312
2018-04-11,105.00150299072266
2018-04-12,105.6495132446289
2018-04-13,105.80341339111328
2018-04-16,106.726806640625
2018-04-17,105.73858642578125
2018-04-18,103.45438385009766
2018-04-19,103.31668853759766
2018-04-20,102.59577178955078
2018-04-23,102.73348236083984
2018-04-24,102.21505737304688
2018-04-25,102.67678833007812
2018-04-26,103.68928527832031
2018-04-27,103.89989471435547
2018-04-30,102.45807647705078
2018-05-01,102.06926727294922
2018-05-02,100.0361557006836
2018-05-03,99.65542602539062
2018-05-04,100.59505462646484
2018-05-07,100.10904693603516
2018-05-08,99.31523895263672
2018-05-09,100.04425811767578
2018-05-10,101.53465270996094
2018-05-11,103.06558990478516
2018-05-14,102.10975646972656
2018-05-15,101.35645294189453
2018-05-16,101.53465270996094
2018-05-17,100.31963348388672
2018-05-18,100.63555145263672
2018-05-21,100.21434783935547
2018-05-22,99.5582275390625
2018-05-23,99.9956283569336
2018-05-24,99.02364349365234
2018-05-25,99.12154388427734
2018-05-29,97.43240356445312
2018-05-30,98.71353912353516
2018-05-31,97.61192321777344
2018-06-01,98.9501724243164
2018-06-04,99.51322937011719
2018-06-05,99.12971496582031
2018-06-06,100.19869995117188
2018-06-07,100.63932800292969
2018-06-08,101.23503875732422
2018-06-11,100.09259796142578
2018-06-12,99.99468994140625
2018-06-13,100.068115234375
2018-06-14,99.88858032226562
2018-06-15,100.05181121826172
2018-06-18,98.99913787841797
2018-06-19,100.01917266845703
2018-06-20,99.58668518066406
2018-06-21,99.105224609375
2018-06-22,100.23947143554688
2018-06-25,100.03549194335938
2018-06-26,99.83964538574219
2018-06-27,99.23577880859375
2018-06-28,99.55403900146484
2018-06-29,99.01545715332031
2018-07-02,99.21128845214844
2018-07-03,100.1334228515625
2018-07-05,102.0020751953125
2018-07-06,102.61408996582031
2018-07-09,102.8589096069336
2018-07-10,103.94420623779297
2018-07-11,103.01396179199219
2018-07-12,104.25428771972656
2018-07-13,102.76097869873047
2018-07-16,101.74913787841797
2018-07-17,105.35592651367188
2018-07-18,104.28693389892578
2018-07-19,102.76914978027344
2018-07-20,102.69570922851562
2018-07-23,103.33220672607422
2018-07-24,105.55992889404297
2018-07-25,104.9560775756836
2018-07-26,106.3106689453125
2018-07-27,107.34700012207031
2018-07-30,107.85295104980469
2018-07-31,108.1385498046875
2018-08-01,108.23643493652344
2018-08-02,107.10218811035156
2018-08-03,107.67340087890625
2018-08-06,107.73052978515625
2018-08-07,107.27354431152344
2018-08-08,107.03692626953125
2018-08-09,107.06139373779297
2018-08-10,106.69418334960938
2018-08-13,106.26171112060547
2018-08-14,105.67415618896484
2018-08-15,106.43305206298828
2018-08-16,108.10590362548828
2018-08-17,109.72974395751953
2018-08-20,111.69637298583984
2018-08-21,110.44786071777344
2018-08-22,109.8440170288086
2018-08-23,110.25201416015625
2018-08-24,110.93746185302734
2018-08-27,110.8306884765625
2018-08-28,110.33783721923828
2018-08-29,110.7813949584961
2018-08-30,110.8553237915039
2018-08-31,110.6417465209961
2018-09-04,109.84495544433594
2018-09-05,111.60285949707031
2018-09-06,112.43252563476562
2018-09-07,112.80218505859375
2018-09-10,112.7118148803711
2018-09-11,113.77970886230469
2018-09-12,114.47795867919922
2018-09-13,114.91333770751953
2018-09-14,114.584716796875
2018-09-17,114.97083282470703
2018-09-18,115.4472427368164
2018-09-19,115.38153076171875
2018-09-20,116.63017272949219
2018-09-21,117.36946105957031
2018-09-24,115.3897476196289
2018-09-25,113.88648986816406
2018-09-26,113.49217224121094
2018-09-27,113.54148864746094
2018-09-28,113.5003890991211
2018-10-01,114.74906158447266
2018-10-02,115.39795684814453
2018-10-03,114.20685577392578
2018-10-04,114.4697265625
2018-10-05,114.26436614990234
2018-10-08,114.50257873535156
2018-10-09,114.34650421142578
2018-10-10,113.13895416259766
2018-10-11,109.94351959228516
2018-10-12,109.96815490722656
2018-10-15,110.03386688232422
2018-10-16,112.1778793334961
2018-10-17,114.56009674072266
2018-10-18,114.59293365478516
2018-10-19,114.22331237792969
2018-10-22,113.91935729980469
2018-10-23,114.12467956542969
2018-10-24,112.9253921508789
2018-10-25,113.74687194824219
2018-10-26,112.5146713256836
2018-10-29,112.99112701416016
2018-10-30,115.61978149414062
2018-10-31,114.9954605102539
2018-11-01,115.67723083496094
2018-11-02,115.56226348876953
2018-11-05,116.81086730957031
2018-11-06,117.11479949951172
2018-11-07,118.90559387207031
2018-11-08,119.35740661621094
2018-11-09,119.39024353027344
2018-11-12,119.62025451660156
2018-11-13,118.84807586669922
2018-11-14,118.49486541748047
2018-11-15,118.7001953125
2018-11-16,119.9242172241211
2018-11-19,121.3534927368164
2018-11-20,120.30206298828125
2018-11-21,116.63838195800781
2018-11-23,116.83551788330078
2018-11-26,116.86858367919922
2018-11-27,118.39795684814453
2018-11-28,121.05989074707031
2018-11-29,120.57217407226562
2018-11-30,121.44017028808594
2018-12-03,120.8697280883789
2018-12-04,120.72097778320312
2018-12-06,120.62177276611328
2018-12-07,120.22490692138672
2018-12-10,120.08439636230469
2018-12-11,121.1094970703125
2018-12-12,121.60549926757812
2018-12-13,122.21726989746094
2018-12-14,109.94922637939453
2018-12-17,106.7582015991211
2018-12-18,107.81636810302734
2018-12-19,105.4933853149414
2018-12-20,106.03900909423828
2018-12-21,105.89019012451172
2018-12-24,101.55008697509766
2018-12-26,104.7493667602539
2018-12-27,105.32805633544922
2018-12-28,105.21234130859375
2018-12-31,106.68379974365234
2019-01-02,105.60913848876953
2019-01-03,103.93096160888672
2019-01-04,105.67525482177734
2019-01-07,104.99737548828125
2019-01-08,107.43611145019531
2019-01-09,106.58462524414062
2019-01-10,107.22943115234375
2019-01-11,107.26250457763672
2019-01-14,106.04727935791016
2019-01-15,106.94009399414062
2019-01-16,105.84886169433594
2019-01-17,106.71688079833984
2019-01-18,108.03959655761719
2019-01-22,106.47713470458984
2019-01-23,106.47713470458984
2019-01-24,105.01390838623047
2019-01-25,106.00593566894531
2019-01-28,106.63420104980469
2019-01-29,107.74198913574219
2019-01-30,108.82493591308594
2019-01-31,110.01538848876953
2019-02-01,110.9412612915039
2019-02-04,109.85002899169922
2019-02-05,109.85002899169922
2019-02-06,109.94922637939453
2019-02-07,109.16389465332031
2019-02-08,109.45323181152344
2019-02-11,109.12254333496094
2019-02-12,110.90818786621094
2019-02-13,111.14791870117188
2019-02-14,111.03218841552734
2019-02-15,112.7434310913086
2019-02-19,112.17301940917969
2019-02-20,112.71864318847656
2019-02-21,111.94981384277344
2019-02-22,112.92528533935547
2019-02-25,113.34137725830078
2019-02-26,113.26651000976562
2019-02-27,113.06675720214844
2019-02-28,113.70755767822266
2019-03-01,115.13056945800781
2019-03-04,115.23870849609375
2019-03-05,115.48006439208984
2019-03-06,115.74639129638672
2019-03-07,115.03904724121094
2019-03-08,114.88922882080078
2019-03-11,115.30530548095703
2019-03-12,115.8212661743164
2019-03-13,116.01264190673828
2019-03-14,114.8559341430664
2019-03-15,114.50642395019531
2019-03-18,114.1485824584961
2019-03-19,115.20543670654297
2019-03-20,114.24845886230469
2019-03-21,114.92249298095703
2019-03-22,113.9322280883789
2019-03-25,113.68257141113281
2019-03-26,115.31364440917969
2019-03-27,115.42179107666016
2019-03-28,115.57160186767578
2019-03-29,116.3288803100586
2019-04-01,115.65479278564453
2019-04-02,114.59796905517578
2019-04-03,114.1485824584961
2019-04-04,112.817138671875
2019-04-05,113.32473754882812
2019-04-08,113.29144287109375
2019-04-09,112.817138671875
2019-04-10,112.825439453125
2019-04-11,112.51753234863281
2019-04-12,113.1583251953125
2019-04-15,113.60769653320312
2019-04-16,114.8559341430664
2019-04-17,115.27201080322266
2019-04-18,114.4398422241211
2019-04-22,114.69782257080078
2019-04-23,116.42036437988281
2019-04-24,115.83790588378906
2019-04-25,116.21240234375
2019-04-26,116.82817840576172
2019-04-29,116.37047576904297
2019-04-30,117.5022201538086
2019-05-01,118.12635040283203
2019-05-02,117.56879425048828
2019-05-03,118.17628479003906
2019-05-06,118.24287414550781
2019-05-07,116.47867584228516
2019-05-08,116.3288803100586
2019-05-09,115.44679260253906
2019-05-10,115.71305847167969
2019-05-13,114.17356872558594
2019-05-14,113.85735321044922
2019-05-15,113.9322280883789
2019-05-16,115.0140380859375
2019-05-17,115.346923828125
2019-05-20,115.18878173828125
2019-05-21,114.93916320800781
2019-05-22,115.47173309326172
2019-05-23,116.3288803100586
2019-05-24,116.33726501464844
2019-05-28,114.84585571289062
2019-05-29,110.03651428222656
2019-05-30,110.6900405883789
2019-05-31,109.88569641113281
2019-06-03,110.12869262695312
2019-06-04,112.0473861694336
2019-06-05,112.59200286865234
2019-06-06,114.51905822753906
2019-06-07,116.08590698242188
2019-06-10,116.47970581054688
2019-06-11,117.11647033691406
2019-06-12,118.70838165283203
2019-06-13,117.89568328857422
2019-06-14,117.37617492675781
2019-06-17,116.8315658569336
2019-06-18,117.49351501464844
2019-06-19,117.67781829833984
2019-06-20,119.15248107910156
2019-06-21,119.05194091796875
2019-06-24,119.86466217041016
2019-06-25,120.85334777832031
2019-06-26,118.85084533691406
2019-06-27,117.87895202636719
2019-06-28,116.69754791259766
2019-07-01,116.76453399658203
2019-07-02,117.32592010498047
2019-07-03,119.09378814697266
2019-07-05,117.77838134765625
2019-07-08,118.11351013183594
2019-07-09,118.482177734375
2019-07-10,118.31459045410156
2019-07-11,117.39297485351562
2019-07-12,112.52497863769531
2019-07-15,112.86849975585938
2019-07-16,111.01683044433594
2019-07-17,110.48060607910156
2019-07-18,110.65653228759766
2019-07-19,109.18190002441406
2019-07-22,107.78266906738281
2019-07-23,107.9502182006836
2019-07-24,108.73783111572266
2019-07-25,109.86054992675781
2019-07-26,109.53379821777344
2019-07-29,111.45250701904297
2019-07-30,110.66490936279297
2019-07-31,109.10649108886719
2019-08-01,109.1651382446289
2019-08-02,109.81869506835938
2019-08-05,109.05621337890625
2019-08-06,109.56732177734375
2019-08-07,109.0981216430664
2019-08-08,110.32977294921875
2019-08-09,110.63138580322266
2019-08-12,110.53923034667969
2019-08-13,111.78764343261719
2019-08-14,109.14000701904297
2019-08-15,109.37459564208984
2019-08-16,110.06165313720703
2019-08-19,110.807373046875
2019-08-20,109.42489624023438
2019-08-21,110.20406341552734
2019-08-22,109.98623657226562
2019-08-23,107.02021026611328
2019-08-26,107.88124084472656
2019-08-27,109.43447875976562
2019-08-28,108.62405395507812
2019-08-29,108.2526626586914
2019-08-30,108.35395050048828
2019-09-03,108.67472839355469
2019-09-04,108.7760238647461
2019-09-05,108.53966522216797
2019-09-06,108.22734069824219
2019-09-09,107.16372680664062
2019-09-10,109.3584976196289
2019-09-11,110.72599792480469
2019-09-12,110.10132598876953
2019-09-13,110.39678955078125
2019-09-16,109.35005187988281
2019-09-17,109.45979309082031
2019-09-18,110.0844497680664
2019-09-19,109.83120727539062
2019-09-20,111.13115692138672
2019-09-23,111.20716094970703
2019-09-24,111.04676818847656
2019-09-25,110.57406616210938
2019-09-26,108.7676010131836
2019-09-27,108.55655670166016
2019-09-30,109.21495819091797
2019-10-01,109.72990417480469
2019-10-02,111.42662811279297
2019-10-03,110.74287414550781
2019-10-04,112.82793426513672
2019-10-07,112.40583801269531
2019-10-08,111.29157257080078
2019-10-09,109.07991790771484
2019-10-10,108.94483947753906
2019-10-11,110.86104583740234
2019-10-14,110.34614562988281
2019-10-15,112.13568878173828
2019-10-16,114.10255432128906
2019-10-17,114.94672393798828
2019-10-18,107.79682922363281
2019-10-21,108.06694030761719
2019-10-22,109.06302642822266
2019-10-23,109.65392303466797
2019-10-24,107.62798309326172
2019-10-25,108.34550476074219
2019-10-28,109.04615783691406
2019-10-29,108.99549865722656
2019-10-30,112.13568878173828
2019-10-31,111.46038818359375
2019-11-01,110.75130462646484
2019-11-04,109.93250274658203
2019-11-05,110.09290313720703
2019-11-06,110.54875183105469
2019-11-07,110.9454574584961
2019-11-08,112.2707748413086
2019-11-11,111.40972900390625
2019-11-12,110.8779525756836
2019-11-13,110.8104019165039
2019-11-14,110.54875183105469
2019-11-15,113.90840911865234
2019-11-18,113.81554412841797
2019-11-19,113.80712127685547
2019-11-20,114.75254821777344
2019-11-21,115.17463684082031
2019-11-22,116.55059051513672
2019-11-25,116.6015625
2019-11-26,116.59307098388672
2019-11-27,117.08607482910156
2019-11-29,116.86505889892578
2019-12-02,116.75455474853516
2019-12-03,116.58456420898438
2019-12-04,118.47156524658203
2019-12-05,118.62452697753906
2019-12-06,119.321533203125
2019-12-09,119.42353820800781
2019-12-10,118.99004364013672
2019-12-11,119.8315200805664
2019-12-12,120.13752746582031
2019-12-13,120.17152404785156
2019-12-16,120.51998901367188
2019-12-17,122.02448272705078
2019-12-18,121.71001434326172
2019-12-19,123.54600524902344
2019-12-20,124.14945220947266
2019-12-23,124.47247314453125
2019-12-24,124.03898620605469
2019-12-26,123.9540023803711
2019-12-27,123.88597869873047
2019-12-30,123.50350189208984
2019-12-31,123.98797607421875
2020-01-02,124.0729751586914
2020-01-03,122.6364974975586
2020-01-06,122.48348999023438
2020-01-07,123.2314682006836
2020-01-08,123.21451568603516
2020-01-09,123.58001708984375
2020-01-10,123.29946899414062
2020-01-13,123.84345245361328
2020-01-14,124.54049682617188
2020-01-15,124.95698547363281
2020-01-16,125.96842956542969
2020-01-17,126.79296875
2020-01-21,126.87796783447266
2020-01-22,126.01094055175781
2020-01-23,126.24894714355469
2020-01-24,126.07044219970703
2020-01-27,126.4359130859375
2020-01-28,127.0734634399414
2020-01-29,127.95746612548828
2020-01-30,127.80445861816406
2020-01-31,126.53795623779297
2020-02-03,127.64293670654297
2020-02-04,128.85842895507812
2020-02-05,130.889892578125
2020-02-06,130.49887084960938
2020-02-07,129.1049346923828
2020-02-10,129.0794219970703
2020-02-11,129.18992614746094
2020-02-12,128.4249267578125
2020-02-13,127.5749282836914
2020-02-14,127.60892486572266
2020-02-18,126.76741790771484
2020-02-19,126.59744262695312
2020-02-20,126.11290740966797
2020-02-21,127.43895721435547
2020-02-24,124.81283569335938
2020-02-25,123.7350082397461
2020-02-26,122.90525817871094
2020-02-27,119.00460052490234
2020-02-28,115.03548431396484
2020-03-02,119.77447509765625
2020-03-03,115.98500061035156
2020-03-04,122.73417663574219
2020-03-05,121.47671508789062
2020-03-06,121.49386596679688
2020-03-09,116.71212005615234
2020-03-10,121.16020965576172
2020-03-11,112.74301147460938
2020-03-12,107.27693939208984
2020-03-13,114.87295532226562
2020-03-16,108.74821472167969
2020-03-17,116.84040069580078
2020-03-18,115.44610595703125
2020-03-19,108.67977905273438
2020-03-20,102.55506134033203
2020-03-23,95.07023620605469
2020-03-24,101.94772338867188
2020-03-25,102.13591003417969
2020-03-26,108.26920318603516
2020-03-27,105.35226440429688
2020-03-30,113.77800750732422
2020-03-31,112.16986846923828
2020-04-01,110.18531799316406
2020-04-02,113.89778137207031
2020-04-03,114.77027130126953
2020-04-06,119.55206298828125
2020-04-07,117.6017074584961
2020-04-08,122.54595947265625
2020-04-09,120.80948638916016
2020-04-13,119.56063079833984
2020-04-14,124.91547393798828
2020-04-15,126.30982208251953
2020-04-16,128.02915954589844
2020-04-17,130.03936767578125
2020-04-20,129.73997497558594
2020-04-21,128.03770446777344
2020-04-22,130.86912536621094
2020-04-23,133.0247344970703
2020-04-24,132.46873474121094
2020-04-27,131.9811553955078
2020-04-28,129.50047302246094
2020-04-29,128.5167694091797
2020-04-30,128.34564208984375
2020-05-01,126.84871673583984
2020-05-04,126.83158111572266
2020-05-05,127.8837661743164
2020-05-06,126.66907501220703
2020-05-07,126.24990844726562
2020-05-08,127.199462890625
2020-05-11,127.55013275146484
2020-05-12,125.8649673461914
2020-05-13,125.85643005371094
2020-05-14,126.29270935058594
2020-05-15,128.68785095214844
2020-05-18,128.75625610351562
2020-05-19,127.4731674194336
2020-05-20,126.32685852050781
2020-05-21,125.49715423583984
2020-05-22,124.35157012939453
2020-05-26,124.51522064208984
2020-05-27,124.79947662353516
2020-05-28,126.59107208251953
2020-05-29,128.1242218017578
2020-06-01,126.78056335449219
2020-06-02,127.69358825683594
2020-06-03,128.03810119628906
2020-06-04,126.38433837890625
2020-06-05,126.87532806396484
2020-06-08,126.41876983642578
2020-06-09,125.72110748291016
2020-06-10,127.30596160888672
2020-06-11,121.33689880371094
2020-06-12,122.43942260742188
2020-06-15,121.6641845703125
2020-06-16,124.4291000366211
2020-06-17,124.05010986328125
2020-06-18,123.5246810913086
2020-06-19,123.88646697998047
2020-06-22,123.50747680664062
2020-06-23,123.05097961425781
2020-06-24,120.4324722290039
2020-06-25,120.30326843261719
2020-06-26,118.70120239257812
2020-06-29,119.76061248779297
2020-06-30,121.13020324707031
2020-07-01,120.91480255126953
2020-07-02,121.42303466796875
2020-07-06,123.15431213378906
2020-07-07,123.0423583984375
2020-07-08,123.40412139892578
2020-07-09,122.73228454589844
2020-07-10,122.62889099121094
2020-07-13,125.07510375976562
2020-07-14,127.40936279296875
2020-07-15,127.70220184326172
2020-07-16,128.554931640625
2020-07-17,128.6410675048828
2020-07-20,128.85635375976562
2020-07-21,128.97695922851562
2020-07-22,129.20953369140625
2020-07-23,128.86502075195312
2020-07-24,127.58158874511719
2020-07-27,126.77192687988281
2020-07-28,126.4704818725586
2020-07-29,126.22066497802734
2020-07-30,126.47908020019531
2020-07-31,125.54883575439453
2020-08-03,126.91834259033203
2020-08-04,126.80642700195312
2020-08-05,127.82278442382812
2020-08-06,127.09064483642578
2020-08-07,127.99504089355469
2020-08-10,127.50408172607422
2020-08-11,126.59107208251953
2020-08-12,128.90809631347656
2020-08-13,127.47822570800781
2020-08-14,127.68494415283203
2020-08-17,128.3309783935547
2020-08-18,129.27847290039062
2020-08-19,129.53683471679688
2020-08-20,130.4240264892578
2020-08-21,131.57821655273438
2020-08-24,131.92501831054688
2020-08-25,131.84701538085938
2020-08-26,132.0550994873047
2020-08-27,132.6447296142578
2020-08-28,133.21694946289062
2020-08-31,133.01754760742188
2020-09-01,131.3787841796875
2020-09-02,133.38172912597656
2020-09-03,129.67063903808594
2020-09-04,128.83828735351562
2020-09-08,127.6850357055664
2020-09-09,129.80075073242188
2020-09-10,127.3816146850586
2020-09-11,128.13592529296875
2020-09-14,128.6301727294922
2020-09-15,129.09841918945312
2020-09-16,128.6735382080078
2020-09-17,127.60701751708984
2020-09-18,129.34982299804688
2020-09-21,125.81219482421875
2020-09-22,125.04049682617188
2020-09-23,125.23990631103516
2020-09-24,125.43934631347656
2020-09-25,126.29776000976562
2020-09-28,127.55500030517578
2020-09-29,127.51163482666016
2020-09-30,129.08973693847656
2020-10-01,127.73707580566406
2020-10-02,126.8006820678711
2020-10-05,128.526123046875
2020-10-06,126.8179931640625
2020-10-07,128.22265625
2020-10-08,129.09841918945312
2020-10-09,130.90191650390625
2020-10-12,131.65625
2020-10-13,128.63882446289062
2020-10-14,128.41339111328125
2020-10-15,127.62438201904297
2020-10-16,128.41339111328125
2020-10-19,125.13584899902344
2020-10-20,125.33531188964844
2020-10-21,124.79769134521484
2020-10-22,125.79483795166016
2020-10-23,125.93360137939453
2020-10-26,124.83236694335938
2020-10-27,124.12139129638672
2020-10-28,119.96814727783203
2020-10-29,118.95365905761719
2020-10-30,118.8843002319336
2020-11-02,120.25424194335938
2020-11-03,120.0895004272461
2020-11-04,120.869873046875
2020-11-05,121.18201446533203
2020-11-06,123.34103393554688
2020-11-09,126.66191101074219
2020-11-10,128.5695037841797
2020-11-11,128.1532745361328
2020-11-12,128.58682250976562
2020-11-13,129.97413635253906
2020-11-16,130.7978515625
2020-11-17,129.49725341796875
2020-11-18,127.7804183959961
2020-11-19,127.58099365234375
2020-11-20,126.90472412109375
2020-11-23,125.61250305175781
2020-11-24,125.61250305175781
2020-11-25,125.44660186767578
2020-11-27,125.72599029541016
2020-11-30,126.31974029541016
2020-12-01,128.7382354736328
2020-12-02,129.34063720703125
2020-12-03,130.09152221679688
2020-12-04,131.20030212402344
2020-12-07,130.0653076171875
2020-12-08,132.31787109375
2020-12-09,133.6711883544922
2020-12-10,132.9290771484375
2020-12-11,133.5402374267578
2020-12-14,130.1526336669922
2020-12-15,131.4622802734375
2020-12-16,130.67645263671875
2020-12-17,134.1251983642578
2020-12-18,134.90225219726562
2020-12-21,133.60133361816406
2020-12-22,133.3394317626953
2020-12-23,132.65841674804688
2020-12-24,133.12115478515625
2020-12-28,133.7498016357422
2020-12-29,134.57919311523438
2020-12-30,136.24681091308594
2020-12-31,137.4080352783203
2021-01-04,136.6396942138672
2021-01-05,138.24624633789062
2021-01-06,139.54714965820312
2021-01-07,140.01861572265625
2021-01-08,139.7305145263672
2021-01-11,139.1455078125
2021-01-12,138.0628662109375
2021-01-13,137.85336303710938
2021-01-14,140.26307678222656
2021-01-15,139.95748901367188
2021-01-19,142.12277221679688
2021-01-20,141.77354431152344
2021-01-21,141.2060546875
2021-01-22,142.7950439453125
2021-01-25,144.91671752929688
2021-01-26,148.84561157226562
2021-01-27,146.57559204101562
2021-01-28,147.6931610107422
2021-01-29,142.42835998535156
2021-02-01,142.06166076660156
2021-02-02,140.7869415283203
2021-02-03,140.1321258544922
2021-02-04,141.43304443359375
2021-02-05,143.58087158203125
2021-02-08,143.99118041992188
2021-02-09,145.169921875
2021-02-10,145.64138793945312
2021-02-11,144.98655700683594
2021-02-12,145.44053649902344
2021-02-16,144.12220764160156
2021-02-17,144.63729858398438
2021-02-18,144.70718383789062
2021-02-19,142.29739379882812
2021-02-22,142.2095489501953
2021-02-23,140.9532470703125
2021-02-24,142.8420867919922
2021-02-25,142.991455078125
2021-02-26,139.2137451171875
2021-03-01,139.9692840576172
2021-03-02,139.70574951171875
2021-03-03,137.2457733154297
2021-03-04,134.47840881347656
2021-03-05,137.14035034179688
2021-03-08,138.282470703125
2021-03-09,138.5460205078125
2021-03-10,139.81991577148438
2021-03-11,139.81109619140625
2021-03-12,140.2152862548828
2021-03-15,140.9357147216797
2021-03-16,141.7703094482422
2021-03-17,141.24317932128906
2021-03-18,140.9795684814453
2021-03-19,140.60182189941406
2021-03-22,141.0059356689453
2021-03-23,140.87416076660156
2021-03-24,142.2446746826172
2021-03-25,142.2974090576172
2021-03-26,144.89788818359375
2021-03-29,145.87307739257812
2021-03-30,144.96820068359375
2021-03-31,144.38832092285156
2021-04-01,143.052978515625
2021-04-05,143.580078125
2021-04-06,143.54495239257812
2021-04-07,143.7382049560547
2021-04-08,143.17591857910156
2021-04-09,141.66485595703125
2021-04-12,142.0074920654297
2021-04-13,140.10980224609375
2021-04-14,140.49636840820312
2021-04-15,140.90931701660156
2021-04-16,142.53465270996094
2021-04-19,142.92994689941406
2021-04-20,146.25962829589844
2021-04-21,146.3562774658203
2021-04-22,145.1175079345703
2021-04-23,145.4162139892578
2021-04-26,144.186279296875
2021-04-27,143.3604278564453
2021-04-28,142.30621337890625
2021-04-29,144.2565460205078
2021-04-30,142.96507263183594
2021-05-03,145.1439208984375
2021-05-04,147.3929443359375
2021-05-05,146.77798461914062
2021-05-06,147.3666229248047
2021-05-07,148.03427124023438
2021-05-10,149.58929443359375
2021-05-11,148.36813354492188
2021-05-12,147.77072143554688
2021-05-13,149.3169708251953
2021-05-14,149.54537963867188
2021-05-17,149.69471740722656
2021-05-18,149.74745178222656
2021-05-19,149.42237854003906
2021-05-20,150.29214477539062
2021-05-21,150.1954803466797
2021-05-24,150.7700958251953
2021-05-25,150.3546142578125
2021-05-26,149.46177673339844
2021-05-27,149.23190307617188
2021-05-28,149.62086486816406
2021-06-01,146.33230590820312
2021-06-02,146.92462158203125
2021-06-03,146.78317260742188
2021-06-04,146.72128295898438
2021-06-07,145.7223358154297
2021-06-08,144.44049072265625
2021-06-09,146.38536071777344
2021-06-10,147.70254516601562
2021-06-11,145.82839965820312
2021-06-14,146.19085693359375
2021-06-15,145.41293334960938
2021-06-16,145.35986328125
2021-06-17,146.05825805664062
2021-06-18,143.19406127929688
2021-06-21,144.8383026123047
2021-06-22,144.64381408691406
2021-06-23,143.76864624023438
2021-06-24,144.42279052734375
2021-06-25,145.16537475585938
2021-06-28,144.99745178222656
2021-06-29,145.00625610351562
2021-06-30,145.63394165039062
2021-07-01,146.7124481201172
2021-07-02,149.38218688964844
2021-07-06,148.48934936523438
2021-07-07,149.76231384277344
2021-07-08,149.47061157226562
2021-07-09,150.06288146972656
2021-07-12,149.82420349121094
2021-07-13,149.63856506347656
2021-07-14,150.65518188476562
2021-07-15,148.84291076660156
2021-07-16,148.60426330566406
2021-07-19,147.52574157714844
2021-07-20,148.91363525390625
2021-07-21,149.8330535888672
2021-07-22,150.26622009277344
2021-07-23,151.86627197265625
2021-07-26,151.93704223632812
2021-07-27,152.6353759765625
2021-07-28,152.2110595703125
2021-07-29,152.2110595703125
2021-07-30,152.22872924804688
2021-08-02,152.2906036376953
2021-08-03,154.1647186279297
2021-08-04,153.25424194335938
2021-08-05,153.54592895507812
2021-08-06,153.033203125
2021-08-09,153.5636444091797
2021-08-10,153.61666870117188
2021-08-11,153.6431884765625
2021-08-12,154.88082885742188
2021-08-13,155.8090362548828
2021-08-16,157.2146453857422
2021-08-17,158.65560913085938
2021-08-18,156.64002990722656
2021-08-19,157.85997009277344
2021-08-20,158.62908935546875
2021-08-23,157.94435119628906
2021-08-24,155.97010803222656
2021-08-25,154.93856811523438
2021-08-26,154.11154174804688
2021-08-27,153.7825164794922
2021-08-30,154.43167114257812
2021-08-31,153.96035766601562
2021-09-01,154.50282287597656
2021-09-02,155.56103515625
2021-09-03,155.65887451171875
2021-09-07,153.24008178710938
2021-09-08,152.8665313720703
2021-09-09,149.46060180664062
2021-09-10,148.48243713378906
2021-09-13,147.4419708251953
2021-09-14,146.55270385742188
2021-09-15,147.10403442382812
2021-09-16,146.92617797851562
2021-09-17,146.50823974609375
2021-09-20,145.67233276367188
2021-09-21,146.31260681152344
2021-09-22,145.77902221679688
2021-09-23,146.60606384277344
2021-09-24,146.16140747070312
2021-09-27,145.1031494140625
2021-09-28,144.7830047607422
2021-09-29,145.85906982421875
2021-09-30,143.6180877685547
2021-10-01,142.70213317871094
2021-10-04,141.5904998779297
2021-10-05,141.9106903076172
2021-10-06,142.20416259765625
2021-10-07,143.47579956054688
2021-10-08,143.11117553710938
2021-10-11,142.5064697265625
2021-10-12,140.2299346923828
2021-10-13,141.57275390625
2021-10-14,142.3820037841797
2021-10-15,143.4402313232422
2021-10-18,142.390869140625
2021-10-19,145.7256622314453
2021-10-20,145.64564514160156
2021-10-21,145.30772399902344
2021-10-22,145.59228515625
2021-10-25,145.91241455078125
2021-10-26,147.39752197265625
2021-10-27,145.61004638671875
2021-10-28,144.818603515625
2021-10-29,144.8452911376953
2021-11-01,144.9697723388672
2021-11-02,147.2552032470703
2021-11-03,146.78387451171875
2021-11-04,146.37486267089844
2021-11-05,145.33438110351562
2021-11-08,144.8363800048828
2021-11-09,144.5162353515625
2021-11-10,146.0813751220703
2021-11-11,145.00537109375
2021-11-12,146.7394561767578
2021-11-15,145.41441345214844
2021-11-16,144.65850830078125
2021-11-17,145.20098876953125
2021-11-18,144.41842651367188
2021-11-19,144.85415649414062
2021-11-22,142.94760131835938
2021-11-23,143.83377075195312
2021-11-24,143.4309539794922
2021-11-26,142.5000762939453
2021-11-29,142.99237060546875
2021-11-30,139.57305908203125
2021-12-01,141.49754333496094
2021-12-02,140.61138916015625
2021-12-03,142.66114807128906
2021-12-06,145.84774780273438
2021-12-07,146.22366333007812
2021-12-08,147.10084533691406
2021-12-09,148.4972381591797
2021-12-10,148.13023376464844
2021-12-13,150.77975463867188
2021-12-14,152.42672729492188
2021-12-15,153.18756103515625
2021-12-16,154.8614044189453
2021-12-17,150.5828094482422
2021-12-20,150.15318298339844
2021-12-21,149.66978454589844
2021-12-22,150.31427001953125
2021-12-23,150.60072326660156
2021-12-27,151.8717803955078
2021-12-28,152.48046875
2021-12-29,153.5545654296875
2021-12-30,154.23483276367188
2021-12-31,153.12489318847656
2022-01-03,153.54559326171875
2022-01-04,153.13385009765625
2022-01-05,154.15426635742188
2022-01-06,153.62619018554688
2022-01-07,155.70278930664062
2022-01-10,154.93299865722656
2022-01-11,153.2860107421875
2022-01-12,151.9791717529297
2022-01-13,151.05723571777344
2022-01-14,150.23374938964844
2022-01-18,149.57135009765625
2022-01-19,149.10589599609375
2022-01-20,147.91543579101562
2022-01-21,147.5752716064453
2022-01-24,145.8745880126953
2022-01-25,150.04576110839844
2022-01-26,150.71710205078125
2022-01-27,152.6952362060547
2022-01-28,153.76937866210938
2022-01-31,154.21690368652344
2022-02-01,152.95486450195312
2022-02-02,154.64659118652344
2022-02-03,154.6376190185547
2022-02-04,153.62619018554688
2022-02-07,153.115966796875
2022-02-08,153.5187530517578
2022-02-09,153.5008544921875
2022-02-10,151.64796447753906
2022-02-11,150.1173858642578
2022-02-14,148.2287139892578
2022-02-15,149.7593231201172
2022-02-16,149.66978454589844
2022-02-17,148.75680541992188
2022-02-18,147.1623077392578
2022-02-22,145.16241455078125
2022-02-23,145.23451232910156
2022-02-24,142.4598846435547
2022-02-25,149.5405731201172
2022-02-28,148.2523193359375
2022-03-01,147.7388458251953
2022-03-02,149.5765380859375
2022-03-03,151.774658203125
2022-03-04,152.6754913330078
2022-03-07,155.13482666015625
2022-03-08,151.9908447265625
2022-03-09,152.56739807128906
2022-03-10,152.83766174316406
2022-03-11,152.55838012695312
2022-03-14,154.6663818359375
2022-03-15,158.6751251220703
2022-03-16,157.21578979492188
2022-03-17,159.2697296142578
2022-03-18,157.50404357910156
2022-03-21,158.3958740234375
2022-03-22,157.64817810058594
2022-03-23,157.05361938476562
2022-03-24,157.86439514160156
2022-03-25,159.37779235839844
2022-03-28,160.19757080078125
2022-03-29,160.11647033691406
2022-03-30,161.78305053710938
2022-03-31,159.65707397460938
2022-04-01,160.52188110351562
2022-04-04,158.972412109375
2022-04-05,159.99937438964844
2022-04-06,164.1612548828125
2022-04-07,163.7378692626953
2022-04-08,164.0621795654297
2022-04-11,162.00828552246094
2022-04-12,162.06231689453125
2022-04-13,162.74697875976562
2022-04-14,162.06231689453125
2022-04-18,160.04443359375
2022-04-19,164.92703247070312
2022-04-20,165.65670776367188
2022-04-21,165.17926025390625
2022-04-22,163.53970336914062
2022-04-25,167.56649780273438
2022-04-26,166.3683624267578
2022-04-27,164.044189453125
2022-04-28,165.26934814453125
2022-04-29,162.5668182373047
2022-05-02,160.92726135253906
2022-05-03,160.61195373535156
2022-05-04,162.33258056640625
2022-05-05,159.23362731933594
2022-05-06,158.88233947753906
2022-05-09,159.74713134765625
2022-05-10,159.53091430664062
2022-05-11,158.6661376953125
2022-05-12,160.23358154296875
2022-05-13,159.3147430419922
2022-05-16,160.4228057861328
2022-05-17,161.0894012451172
2022-05-18,158.0985870361328
2022-05-19,156.6932830810547
2022-05-20,159.43186950683594
2022-05-23,162.6866912841797
2022-05-24,164.4636688232422
2022-05-25,162.84988403320312
2022-05-26,162.70480346679688
2022-05-27,164.18260192871094
2022-05-31,162.76829528808594
2022-06-01,161.11819458007812
2022-06-02,160.61048889160156
2022-06-03,159.94863891601562
2022-06-06,159.9304962158203
2022-06-07,161.6893768310547
2022-06-08,160.72833251953125
2022-06-09,157.4916534423828
2022-06-10,156.43997192382812
2022-06-13,154.86239624023438
2022-06-14,152.4870147705078
2022-06-15,154.1189422607422
2022-06-16,154.2005615234375
2022-06-17,153.63845825195312
2022-06-21,156.85699462890625
2022-06-22,159.33213806152344
2022-06-23,162.88613891601562
2022-06-24,165.2705841064453
2022-06-27,165.11642456054688
2022-06-28,160.4200897216797
2022-06-29,160.4654083251953
2022-06-30,160.9368896484375
2022-07-01,162.75921630859375
2022-07-05,161.50804138183594
2022-07-06,161.65310668945312
2022-07-07,161.8344268798828
2022-07-08,161.6349639892578
2022-07-11,161.69845581054688
2022-07-12,159.43186950683594
2022-07-13,159.0601043701172
2022-07-14,159.27772521972656
2022-07-15,161.5896453857422
2022-07-18,157.9630889892578
2022-07-19,155.66026306152344
2022-07-20,154.7717742919922
2022-07-21,155.31568908691406
2022-07-22,156.05007934570312
2022-07-25,156.3583984375
2022-07-26,157.46444702148438
2022-07-27,157.02928161621094
2022-07-28,157.93592834472656
2022-07-29,158.22604370117188
2022-08-01,157.67295837402344
2022-08-02,156.775390625
2022-08-03,158.28948974609375
2022-08-04,155.7509002685547
2022-08-05,155.1343994140625
2022-08-08,154.3093719482422
2022-08-09,154.2912139892578
2022-08-10,154.7354736328125
2022-08-11,151.53504943847656
2022-08-12,149.8668670654297
2022-08-15,150.5830841064453
2022-08-16,151.9249267578125
2022-08-17,151.93397521972656
2022-08-18,151.1995849609375
2022-08-19,153.50244140625
2022-08-22,152.96395874023438
2022-08-23,151.6313934326172
2022-08-24,151.12936401367188
2022-08-25,152.5441131591797
2022-08-26,149.93368530273438
2022-08-29,148.7745361328125
2022-08-30,148.2542724609375
2022-08-31,147.25938415527344
2022-09-01,150.91030883789062
2022-09-02,148.53721618652344
2022-09-06,148.93881225585938
2022-09-07,149.75115966796875
2022-09-08,150.95594787597656
2022-09-09,151.248046875
2022-09-12,151.18411254882812
2022-09-13,147.25027465820312
2022-09-14,150.2896728515625
2022-09-15,150.67300415039062
2022-09-16,152.97308349609375
2022-09-19,151.7682647705078
2022-09-20,150.57261657714844
2022-09-21,149.03012084960938
2022-09-22,151.67701721191406
2022-09-23,152.1698760986328
2022-09-26,151.2388916015625
2022-09-27,150.5452117919922
2022-09-28,151.84127807617188
2022-09-29,150.1710205078125
2022-09-30,149.1031036376953
2022-10-03,148.9570770263672
2022-10-04,151.1658477783203
2022-10-05,150.7003936767578
2022-10-06,147.7796630859375
2022-10-07,146.2189178466797
2022-10-10,146.4105682373047
2022-10-11,148.52810668945312
2022-10-12,148.49159240722656
2022-10-13,150.7368927001953
2022-10-14,150.1071014404297
2022-10-17,152.05120849609375
2022-10-18,151.5218505859375
2022-10-19,150.31703186035156
2022-10-20,150.7003936767578
2022-10-21,153.9862060546875
2022-10-24,156.05810546875
2022-10-25,155.81167602539062
2022-10-26,157.18075561523438
2022-10-27,157.27200317382812
2022-10-28,159.6085968017578
2022-10-31,158.7871856689453
2022-11-01,157.9839630126953
2022-11-02,155.5561065673828
2022-11-03,155.82081604003906
2022-11-04,156.51446533203125
2022-11-07,157.883544921875
2022-11-08,158.66848754882812
2022-11-09,157.3997802734375
2022-11-10,159.24349975585938
2022-11-11,154.47909545898438
2022-11-14,156.9069366455078
2022-11-15,157.3450469970703
2022-11-16,158.32168579101562
2022-11-17,159.59947204589844
2022-11-18,160.82252502441406
2022-11-21,161.6492919921875
2022-11-22,162.43014526367188
2022-11-23,162.60464477539062
2022-11-25,162.81594848632812
2022-11-28,162.8986053466797
2022-11-29,161.75950622558594
2022-11-30,163.5141143798828
2022-12-01,164.19386291503906
2022-12-02,164.3224639892578
2022-12-05,164.2305908203125
2022-12-06,161.76870727539062
2022-12-07,162.75164794921875
2022-12-08,162.7791748046875
2022-12-09,161.43801879882812
2022-12-12,163.36709594726562
2022-12-13,164.62562561035156
2022-12-14,165.130859375
2022-12-15,163.0456085205078
2022-12-16,161.3737030029297
2022-12-19,161.1991424560547
2022-12-20,161.3737030029297
2022-12-21,163.2201385498047
2022-12-22,162.62301635742188
2022-12-23,163.036376953125
2022-12-27,162.99046325683594
2022-12-28,162.28314208984375
2022-12-29,163.10989379882812
2022-12-30,162.27394104003906
2023-01-03,163.6885986328125
2023-01-04,165.4707489013672
2023-01-05,164.24896240234375
2023-01-06,165.58096313476562
2023-01-09,161.291015625
2023-01-10,160.90521240234375
2023-01-11,160.6479949951172
2023-01-12,159.839599609375
2023-01-13,159.3159942626953
2023-01-17,158.3330535888672
2023-01-18,155.9446563720703
2023-01-19,155.7333984375
2023-01-20,155.00767517089844
2023-01-23,154.61265563964844
2023-01-24,154.61265563964844
2023-01-25,155.71499633789062
2023-01-26,155.14549255371094
2023-01-27,154.5391845703125
2023-01-30,148.81619262695312
2023-01-31,150.12062072753906
2023-02-01,151.49851989746094
2023-02-02,152.06809997558594
2023-02-03,151.2137908935547
2023-02-06,150.0655059814453
2023-02-07,150.10226440429688
2023-02-08,150.29518127441406
2023-02-09,148.26499938964844
2023-02-10,148.9539794921875
2023-02-13,149.50515747070312
2023-02-14,148.8529052734375
2023-02-15,146.40020751953125
2023-02-16,145.3621826171875
2023-02-17,148.39691162109375
2023-02-21,146.18563842773438
2023-02-22,145.98207092285156
2023-02-23,145.93580627441406
2023-02-24,144.3074493408203
2023-02-27,143.9928741455078
2023-02-28,141.800048828125
2023-03-01,141.16163635253906
2023-03-02,141.05062866210938
2023-03-03,142.50323486328125
2023-03-06,143.92811584472656
2023-03-07,142.56797790527344
2023-03-08,141.5225067138672
2023-03-09,139.93109130859375
2023-03-10,140.27345275878906
2023-03-13,141.61502075195312
2023-03-14,142.41073608398438
2023-03-15,142.80859375
2023-03-16,142.51246643066406
2023-03-17,140.98587036132812
2023-03-20,142.38294982910156
2023-03-21,142.38294982910156
2023-03-22,139.75531005859375
2023-03-23,139.829345703125
2023-03-24,141.23565673828125
2023-03-27,141.83709716796875
2023-03-28,140.46774291992188
2023-03-29,141.84632873535156
2023-03-30,141.95733642578125
2023-03-31,143.40994262695312
2023-04-03,145.12161254882812
2023-04-04,146.6389923095703
2023-04-05,153.22662353515625
2023-04-06,152.80099487304688
2023-04-10,152.03306579589844
2023-04-11,151.98683166503906
2023-04-12,151.66297912597656
2023-04-13,153.689208984375
2023-04-14,153.4393768310547
2023-04-17,153.28211975097656
2023-04-18,148.97055053710938
2023-04-19,150.3769073486328
2023-04-20,151.348388671875
2023-04-21,150.52496337890625
2023-04-24,151.44090270996094
2023-04-25,152.8287353515625
2023-04-26,150.46017456054688
2023-04-27,150.811767578125
2023-04-28,151.45941162109375
2023-05-01,151.3668975830078
2023-05-02,152.68997192382812
2023-05-03,150.69151306152344
2023-05-04,150.0068359375
2023-05-05,150.5156707763672
2023-05-08,150.17335510253906
2023-05-09,149.00758361816406
2023-05-10,149.5626983642578
2023-05-11,148.95205688476562
2023-05-12,148.7577667236328
2023-05-15,147.61973571777344
2023-05-16,147.42543029785156
2023-05-17,147.10162353515625
2023-05-18,146.62973022460938
2023-05-19,147.02760314941406
2023-05-22,146.2351837158203
2023-05-23,146.1792755126953
2023-05-24,146.0394744873047
2023-05-25,143.94200134277344
2023-05-26,143.88607788085938
2023-05-30,143.90467834472656
2023-05-31,144.54788208007812
2023-06-01,144.06317138671875
2023-06-02,146.3284149169922
2023-06-05,147.58689880371094
2023-06-06,147.4563751220703
2023-06-07,147.7733612060547
2023-06-08,149.39537048339844
2023-06-09,149.16232299804688
2023-06-12,149.0597686767578
2023-06-13,149.8428497314453
2023-06-14,150.6072540283203
2023-06-15,152.63014221191406
2023-06-16,153.0962371826172
2023-06-20,153.00303649902344
2023-06-21,152.7699737548828
2023-06-22,154.39199829101562
2023-06-23,154.2615203857422
2023-06-26,152.53692626953125
2023-06-27,152.21998596191406
2023-06-28,151.912353515625
2023-06-29,152.97508239746094
2023-06-30,154.29881286621094
2023-07-03,152.27589416503906
2023-07-05,151.77249145507812
2023-07-06,150.64454650878906
2023-07-07,148.453857421875
2023-07-10,148.69622802734375
2023-07-11,147.87591552734375
2023-07-12,147.3631591796875
2023-07-13,148.04371643066406
2023-07-14,149.0318145751953
2023-07-17,148.28607177734375
2023-07-18,148.27674865722656
2023-07-19,147.9784393310547
2023-07-20,156.96490478515625
2023-07-21,158.6521759033203
2023-07-24,159.4818572998047
2023-07-25,160.70306396484375
2023-07-26,161.01068115234375
2023-07-27,161.91490173339844
2023-07-28,162.65135192871094
2023-07-31,156.1725311279297
2023-08-01,157.4403076171875
2023-08-02,158.3911590576172
2023-08-03,159.0717010498047
2023-08-04,157.58013916015625
2023-08-07,161.36492919921875
2023-08-08,161.4394989013672
2023-08-09,161.33697509765625
2023-08-10,160.4979705810547
2023-08-11,162.06410217285156
2023-08-14,161.68186950683594
2023-08-15,161.2157745361328
2023-08-16,160.70306396484375
2023-08-17,162.2132110595703
2023-08-18,160.7962646484375
2023-08-21,156.00474548339844
2023-08-22,154.76490783691406
2023-08-23,153.3759002685547
2023-08-24,153.89793395996094
2023-08-25,156.1045379638672
2023-08-28,154.2641143798828
2023-08-29,154.2829132080078
2023-08-30,153.73829650878906
2023-08-31,151.8134002685547
2023-09-01,150.68663024902344
2023-09-05,150.87445068359375
2023-09-06,148.3673858642578
2023-09-07,150.2641143798828
2023-09-08,150.76177978515625
2023-09-11,152.73361206054688
2023-09-12,153.5974578857422
2023-09-13,153.98245239257812
2023-09-14,153.7477264404297
2023-09-15,151.59744262695312
2023-09-18,152.55523681640625
2023-09-19,152.30169677734375
2023-09-20,152.96836853027344
2023-09-21,151.79464721679688
2023-09-22,150.70542907714844
2023-09-25,150.48007202148438
2023-09-26,149.3157501220703
2023-09-27,147.52230834960938
2023-09-28,147.3063507080078
2023-09-29,146.2452850341797
2023-10-02,145.68190002441406
2023-10-03,145.86032104492188
2023-10-04,146.02932739257812
2023-10-05,147.5504608154297
2023-10-06,148.0199737548828
2023-10-09,148.86502075195312
2023-10-10,148.69601440429688
2023-10-11,146.64906311035156
2023-10-12,146.78988647460938
2023-10-13,147.2781524658203
2023-10-16,147.91668701171875
2023-10-17,146.56455993652344
2023-10-18,143.4095916748047
2023-10-19,143.02462768554688
2023-10-20,143.66311645507812
2023-10-23,142.15139770507812
2023-10-24,142.0010986328125
2023-10-25,142.3203887939453
2023-10-26,139.90721130371094
2023-10-27,136.71470642089844
2023-10-30,138.05743408203125
2023-10-31,139.28749084472656
2023-11-01,139.61614990234375
2023-11-02,141.07156372070312
2023-11-03,142.1044158935547
2023-11-06,142.44244384765625
2023-11-07,141.69126892089844
2023-11-08,141.1748504638672
2023-11-09,138.4236297607422
2023-11-10,138.26402282714844
2023-11-13,138.62081909179688
2023-11-14,138.6490020751953
2023-11-15,139.71942138671875
2023-11-16,140.94009399414062
2023-11-17,140.6490020751953
2023-11-20,141.888916015625
2023-11-21,143.03416442871094
2023-11-22,142.75021362304688
2023-11-24,144.34033203125
2023-11-27,143.18560791015625
2023-11-28,143.51687622070312
2023-11-29,143.97120666503906
2023-11-30,146.38475036621094
2023-12-01,149.9057159423828
2023-12-04,150.3789825439453
2023-12-05,150.06661987304688
2023-12-06,148.23988342285156
2023-12-07,147.0851593017578
2023-12-08,146.1575927734375
2023-12-11,146.7633514404297
2023-12-12,146.7728271484375
2023-12-13,147.4542999267578
2023-12-14,148.47650146484375
2023-12-15,146.85801696777344
2023-12-18,147.12303161621094
2023-12-19,148.0884552001953
2023-12-20,145.0691375732422
2023-12-21,146.5551300048828
2023-12-22,147.14198303222656
2023-12-26,147.78558349609375
2023-12-27,147.98434448242188
2023-12-28,148.20201110839844
2023-12-29,148.35348510742188
2024-01-02,151.41064453125
2024-01-03,152.35714721679688
2024-01-04,152.0353240966797
2024-01-05,152.50857543945312
2024-01-08,152.88717651367188
2024-01-09,152.98182678222656
2024-01-10,153.208984375
2024-01-11,152.52749633789062
2024-01-12,153.70115661621094
2024-01-16,151.9312286376953
2024-01-17,151.8460235595703
2024-01-18,152.5843048095703
2024-01-19,153.02914428710938
2024-01-22,153.77688598632812
2024-01-23,151.2592010498047
2024-01-24,150.45469665527344
2024-01-25,151.0225830078125
2024-01-26,150.96578979492188
2024-01-29,150.83328247070312
2024-01-30,150.27487182617188
2024-01-31,150.3979034423828
2024-02-01,149.8867950439453
2024-02-02,148.23043823242188
2024-02-05,147.46376037597656
2024-02-06,149.6028594970703
2024-02-07,149.52711486816406
2024-02-08,148.0316619873047
2024-02-09,148.3723907470703
2024-02-12,149.40408325195312
2024-02-13,148.09791564941406
2024-02-14,147.40701293945312
2024-02-15,149.4703369140625
2024-02-16,149.2986602783203
2024-02-20,150.54800415039062
2024-02-21,151.33001708984375
2024-02-22,153.01800537109375
2024-02-23,154.3436737060547
2024-02-26,153.34228515625
2024-02-27,153.5234832763672
2024-02-28,154.06707763671875
2024-02-29,153.90496826171875
2024-03-01,154.61068725585938
2024-03-04,152.436279296875
2024-03-05,152.5602569580078
2024-03-06,151.9594268798828
2024-03-07,151.51119995117188
2024-03-08,152.13108825683594
2024-03-11,153.7618865966797
2024-03-12,155.2019500732422
2024-03-13,153.63792419433594
2024-03-14,151.83546447753906
2024-03-15,150.85317993164062
2024-03-18,149.49893188476562
2024-03-19,148.97442626953125
2024-03-20,148.5452423095703
2024-03-21,148.53570556640625
2024-03-22,148.03981018066406
2024-03-25,148.0302734375
2024-03-26,148.55479431152344
2024-03-27,150.6433563232422
2024-03-28,150.86270141601562
2024-04-01,150.47169494628906
2024-04-02,150.4239959716797
2024-04-03,147.11473083496094
2024-04-04,145.43626403808594
2024-04-05,145.33135986328125
2024-04-08,144.5684051513672
2024-04-09,145.23597717285156
2024-04-10,143.2427978515625
2024-04-11,141.89808654785156
2024-04-12,140.6869354248047
2024-04-15,140.7537078857422
2024-04-16,137.75914001464844
2024-04-17,138.0643310546875
2024-04-18,138.98939514160156
2024-04-19,141.0588836669922
2024-04-22,142.21279907226562
2024-04-23,142.6324462890625
2024-04-24,141.650146484375
2024-04-25,140.01937866210938
2024-04-26,139.370849609375
2024-04-29,140.01937866210938
2024-04-30,137.8926544189453
2024-05-01,144.17739868164062
2024-05-02,142.97576904296875
2024-05-03,142.35589599609375
2024-05-06,141.69784545898438
2024-05-07,141.83135986328125
2024-05-08,142.0507049560547
2024-05-09,142.9090118408203
2024-05-10,142.9662322998047
2024-05-13,144.21556091308594
2024-05-14,144.3681640625
2024-05-15,145.59840393066406
2024-05-16,147.1338348388672
2024-05-17,147.47714233398438
2024-05-20,145.42938232421875
2024-05-21,145.40052795410156
2024-05-22,147.5732879638672
2024-05-23,143.9199981689453
2024-05-24,141.29541015625
2024-05-28,138.805419921875
2024-05-29,138.8630828857422
2024-05-30,139.67066955566406
2024-05-31,141.00698852539062
2024-06-03,142.03565979003906
2024-06-04,142.09335327148438
2024-06-05,140.33401489257812
2024-06-06,140.76661682128906
2024-06-07,141.40115356445312
2024-06-10,141.44923400878906
2024-06-11,141.09352111816406
2024-06-12,139.79563903808594
2024-06-13,139.83409118652344
2024-06-14,139.92062377929688
2024-06-17,140.3147735595703
2024-06-18,140.02635192871094
2024-06-20,142.0741424560547
2024-06-21,143.00668334960938
2024-06-24,143.3623809814453
2024-06-25,141.50692749023438
2024-06-26,141.15121459960938
2024-06-27,140.17059326171875
2024-06-28,140.51669311523438
2024-07-01,140.78587341308594
2024-07-02,140.39170837402344
2024-07-03,140.0648193359375
2024-07-05,140.82431030273438
2024-07-08,139.86293029785156
2024-07-09,141.37232971191406
2024-07-10,143.66041564941406
2024-07-11,143.9199981689453
2024-07-12,144.0930633544922
2024-07-15,143.477783203125
2024-07-16,145.17942810058594
2024-07-17,150.53436279296875
2024-07-18,149.4191436767578
2024-07-19,148.71734619140625
2024-07-22,148.28469848632812
2024-07-23,146.46768188476562
2024-07-24,150.2459259033203
2024-07-25,153.47621154785156
2024-07-26,154.43759155273438
2024-07-29,152.43789672851562
2024-07-30,155.1009521484375
2024-07-31,151.7553253173828
2024-08-01,154.55296325683594
2024-08-02,157.80245971679688
2024-08-05,155.02406311035156
2024-08-06,152.83209228515625
2024-08-07,152.7647705078125
2024-08-08,154.0338134765625
2024-08-09,154.41836547851562
2024-08-12,153.70693969726562
2024-08-13,152.2744598388672
2024-08-14,152.36099243164062
2024-08-15,152.94744873046875
2024-08-16,153.23585510253906
2024-08-19,153.4666290283203
2024-08-20,153.9761199951172
2024-08-21,155.1970977783203
2024-08-22,156.0815887451172
2024-08-23,157.7928466796875
2024-08-26,158.2543182373047
2024-08-27,157.8474578857422
2024-08-28,158.787109375
2024-08-29,159.08737182617188
2024-08-30,160.6663360595703
2024-09-03,161.92564392089844
2024-09-04,162.119384765625
2024-09-05,159.82359313964844
2024-09-06,159.2327117919922
2024-09-09,161.39285278320312
2024-09-10,162.1387481689453
2024-09-11,159.65892028808594
2024-09-12,159.4845428466797
2024-09-13,160.33700561523438
2024-09-16,161.760986328125
2024-09-17,161.8384552001953
2024-09-18,160.94725036621094
2024-09-19,159.65892028808594
2024-09-20,159.01959228515625
2024-09-23,158.1090087890625
2024-09-24,157.6827850341797
2024-09-25,155.57106018066406
2024-09-26,156.3363037109375
2024-09-27,156.3459930419922
2024-09-30,156.98533630371094
2024-10-01,156.9175262451172
2024-10-02,156.12319946289062
2024-10-03,155.4741973876953
2024-10-04,155.270751953125
2024-10-07,154.5345458984375
2024-10-08,154.68954467773438
2024-10-09,155.61949157714844
2024-10-10,155.48385620117188
2024-10-11,156.4041290283203
2024-10-14,156.5397491455078
2024-10-15,158.9614715576172
2024-10-16,159.1358184814453
2024-10-17,159.3198699951172
2024-10-18,159.9495086669922
2024-10-21,157.73123168945312
2024-10-22,158.33180236816406
2024-10-23,160.6663360595703
2024-10-24,158.544921875
2024-10-25,155.84228515625
2024-10-28,156.5397491455078
2024-10-29,155.0770263671875
2024-10-30,155.58074951171875
2024-10-31,154.854248046875
2024-11-01,155.11578369140625
2024-11-04,153.28497314453125
2024-11-05,153.3915252685547
2024-11-06,152.93624877929688
2024-11-07,151.82223510742188
2024-11-08,150.60169982910156
2024-11-11,150.18516540527344
2024-11-12,147.86032104492188
2024-11-13,148.4415283203125
2024-11-14,147.1144256591797
2024-11-15,149.177734375
2024-11-18,149.92359924316406
2024-11-19,148.20904541015625
2024-11-20,148.3155975341797
2024-11-21,150.63075256347656
2024-11-22,150.3110809326172
2024-11-25,150.9019775390625
2024-11-26,150.8824462890625
2024-11-27,151.7417449951172
2024-11-29,151.36090087890625
2024-12-02,151.15586853027344
2024-12-03,148.7733154296875
2024-12-04,146.92779541015625
2024-12-05,146.00018310546875
2024-12-06,145.79510498046875
2024-12-09,146.0782928466797
2024-12-10,145.71697998046875
2024-12-11,143.18795776367188
2024-12-12,142.79739379882812
2024-12-13,143.16842651367188
2024-12-16,140.46363830566406
2024-12-17,142.96337890625
2024-12-18,141.3424530029297
2024-12-19,140.1999969482422
2024-12-20,141.0690460205078
2024-12-23,141.8502197265625
2024-12-24,142.41656494140625
2024-12-26,142.1529083251953
2024-12-27,141.63539123535156
2024-12-30,139.96563720703125
2024-12-31,141.21551513671875
