Date,JPM
2018-01-02,87.15200805664062
2018-01-03,87.24082946777344
2018-01-04,88.49060821533203
2018-01-05,87.92251586914062
2018-01-08,88.0523681640625
2018-01-09,88.49872589111328
2018-01-10,89.47257995605469
2018-01-11,89.95138549804688
2018-01-12,91.4365005493164
2018-01-16,91.11190032958984
2018-01-17,91.69620513916016
2018-01-18,91.91529846191406
2018-01-19,91.7124252319336
2018-01-22,92.78365325927734
2018-01-23,92.68624877929688
2018-01-24,93.87113189697266
2018-01-25,93.89547729492188
2018-01-26,94.39862060546875
2018-01-29,94.3012466430664
2018-01-30,93.41667175292969
2018-01-31,93.87113189697266
2018-02-01,94.84500122070312
2018-02-02,92.7430648803711
2018-02-05,88.29582214355469
2018-02-06,90.9820327758789
2018-02-07,91.59879302978516
2018-02-08,87.5492172241211
2018-02-09,89.30213165283203
2018-02-12,90.68177795410156
2018-02-13,91.24173736572266
2018-02-14,93.35174560546875
2018-02-15,93.74129486083984
2018-02-16,93.06769561767578
2018-02-20,93.09203338623047
2018-02-21,93.48157501220703
2018-02-22,93.31116485595703
2018-02-23,95.20203399658203
2018-02-26,96.38690185546875
2018-02-27,95.24262237548828
2018-02-28,93.73316955566406
2018-03-01,92.05326843261719
2018-03-02,91.96401977539062
2018-03-05,93.37609100341797
2018-03-06,93.45722961425781
2018-03-07,93.1082763671875
2018-03-08,93.11641693115234
2018-03-09,95.79448699951172
2018-03-12,95.48612213134766
2018-03-13,94.34183502197266
2018-03-14,93.28681945800781
2018-03-15,93.52218627929688
2018-03-16,93.68446350097656
2018-03-19,92.94596099853516
2018-03-20,93.03524017333984
2018-03-21,93.11641693115234
2018-03-22,89.22911834716797
2018-03-23,86.84317016601562
2018-03-26,89.52128601074219
2018-03-27,87.78455352783203
2018-03-28,87.64659881591797
2018-03-29,89.24534606933594
2018-04-02,87.52487182617188
2018-04-03,88.72595977783203
2018-04-04,90.0730972290039
2018-04-05,91.25579833984375
2018-04-06,88.98013305664062
2018-04-09,90.04862976074219
2018-04-10,91.76966857910156
2018-04-11,90.22808837890625
2018-04-12,92.47116088867188
2018-04-13,89.9670639038086
2018-04-16,89.89364624023438
2018-04-17,89.89364624023438
2018-04-18,89.16771697998047
2018-04-19,91.12530517578125
2018-04-20,90.92140197753906
2018-04-23,90.48094177246094
2018-04-24,90.05680084228516
2018-04-25,89.71422576904297
2018-04-26,89.80393981933594
2018-04-27,89.23297882080078
2018-04-30,88.72726440429688
2018-05-01,88.72726440429688
2018-05-02,88.02580261230469
2018-05-03,87.47113037109375
2018-05-04,88.4417953491211
2018-05-07,89.20851135253906
2018-05-08,90.52986145019531
2018-05-09,92.50377655029297
2018-05-10,93.22154998779297
2018-05-11,92.87081146240234
2018-05-14,92.9034423828125
2018-05-15,92.1938247680664
2018-05-16,92.44666290283203
2018-05-17,92.13671875
2018-05-18,90.64404296875
2018-05-21,91.4760513305664
2018-05-22,92.17750549316406
2018-05-23,91.75335693359375
2018-05-24,90.72563171386719
2018-05-25,90.26071166992188
2018-05-29,86.40264892578125
2018-05-30,88.37654113769531
2018-05-31,87.28355407714844
2018-06-01,88.4173355102539
2018-06-04,88.45809173583984
2018-06-05,87.96054077148438
2018-06-06,90.0160140991211
2018-06-07,90.37489318847656
2018-06-08,90.62773895263672
2018-06-11,90.39934539794922
2018-06-12,89.87737274169922
2018-06-13,89.69791412353516
2018-06-14,88.11553955078125
2018-06-15,88.00949096679688
2018-06-18,88.23789978027344
2018-06-19,87.72400665283203
2018-06-20,87.71585083007812
2018-06-21,87.69137573242188
2018-06-22,86.2558364868164
2018-06-25,85.47278594970703
2018-06-26,85.52987670898438
2018-06-27,84.20852661132812
2018-06-28,85.58697509765625
2018-06-29,84.99153137207031
2018-07-02,85.7093276977539
2018-07-03,84.51033782958984
2018-07-05,85.0597915649414
2018-07-06,85.338623046875
2018-07-09,87.97930145263672
2018-07-10,87.43804168701172
2018-07-11,87.24942779541016
2018-07-12,87.62666320800781
2018-07-13,87.2248306274414
2018-07-16,90.68560791015625
2018-07-17,90.61997985839844
2018-07-18,91.46466827392578
2018-07-19,90.11972045898438
2018-07-20,91.25965881347656
2018-07-23,92.957275390625
2018-07-24,93.61333465576172
2018-07-25,94.45800018310547
2018-07-26,94.1873779296875
2018-07-27,95.15509796142578
2018-07-30,95.72915649414062
2018-07-31,94.2694091796875
2018-08-01,94.8516616821289
2018-08-02,95.25350952148438
2018-08-03,96.0243911743164
2018-08-06,96.04900360107422
2018-08-07,96.40161895751953
2018-08-08,96.59842681884766
2018-08-09,95.8521728515625
2018-08-10,94.90907287597656
2018-08-13,93.40010070800781
2018-08-14,94.02335357666016
2018-08-15,93.24429321289062
2018-08-16,94.12177276611328
2018-08-17,94.12177276611328
2018-08-20,93.99877166748047
2018-08-21,94.5728530883789
2018-08-22,94.28578186035156
2018-08-23,94.08898162841797
2018-08-24,94.0479736328125
2018-08-27,95.71278381347656
2018-08-28,95.24530792236328
2018-08-29,94.93367004394531
2018-08-30,94.4662094116211
2018-08-31,93.9659652709961
2018-09-04,94.43341827392578
2018-09-05,93.97415924072266
2018-09-06,93.57232666015625
2018-09-07,93.75273132324219
2018-09-10,93.25248718261719
2018-09-11,93.84294891357422
2018-09-12,92.73582458496094
2018-09-13,93.09666442871094
2018-09-14,93.08026123046875
2018-09-17,93.3591079711914
2018-09-18,93.73635864257812
2018-09-19,96.45903015136719
2018-09-20,97.28732299804688
2018-09-21,96.64767456054688
2018-09-24,95.72095489501953
2018-09-25,95.45033264160156
2018-09-26,94.3268051147461
2018-09-27,93.91675567626953
2018-09-28,92.53901672363281
2018-10-01,93.08026123046875
2018-10-02,93.46570587158203
2018-10-03,94.34321594238281
2018-10-04,95.19380950927734
2018-10-05,94.65702056884766
2018-10-08,95.23511505126953
2018-10-09,94.5744400024414
2018-10-10,92.05565643310547
2018-10-11,89.29737091064453
2018-10-12,88.3228759765625
2018-10-15,87.81912231445312
2018-10-16,89.7020263671875
2018-10-17,90.70127868652344
2018-10-18,89.26432037353516
2018-10-19,89.11567687988281
2018-10-22,87.83563995361328
2018-10-23,86.91896057128906
2018-10-24,85.30033874511719
2018-10-25,86.59687805175781
2018-10-26,85.40768432617188
2018-10-29,86.588623046875
2018-10-30,88.11642456054688
2018-10-31,90.0323486328125
2018-11-01,89.99931335449219
2018-11-02,89.50383758544922
2018-11-05,90.09017181396484
2018-11-06,90.51133728027344
2018-11-07,92.06390380859375
2018-11-08,92.80712890625
2018-11-09,91.90699768066406
2018-11-12,89.97454071044922
2018-11-13,90.5030746459961
2018-11-14,88.6366958618164
2018-11-15,90.89948272705078
2018-11-16,90.83341979980469
2018-11-19,91.52710723876953
2018-11-20,89.5616226196289
2018-11-21,88.89270782470703
2018-11-23,88.07513427734375
2018-11-26,90.23054504394531
2018-11-27,90.61042785644531
2018-11-28,91.61795043945312
2018-11-29,90.89120483398438
2018-11-30,91.82441711425781
2018-12-03,92.69153594970703
2018-12-04,88.55410766601562
2018-12-06,86.8694076538086
2018-12-07,85.30033874511719
2018-12-10,83.70647430419922
2018-12-11,82.8888931274414
2018-12-12,83.4256591796875
2018-12-13,83.5082778930664
2018-12-14,82.82283020019531
2018-12-17,81.7657699584961
2018-12-18,81.37760925292969
2018-12-19,80.34532928466797
2018-12-20,79.65161895751953
2018-12-21,77.76870727539062
2018-12-24,76.09227752685547
2018-12-26,79.24694061279297
2018-12-27,80.13887023925781
2018-12-28,79.96543884277344
2018-12-31,80.61784362792969
2019-01-02,82.01349639892578
2019-01-03,80.84794616699219
2019-01-04,83.82843780517578
2019-01-07,83.88671112060547
2019-01-08,83.72853088378906
2019-01-09,83.58700561523438
2019-01-10,83.57868194580078
2019-01-11,83.17906188964844
2019-01-14,84.03657531738281
2019-01-15,84.65267181396484
2019-01-16,85.33534240722656
2019-01-17,85.68500518798828
2019-01-18,87.07537078857422
2019-01-22,85.7016372680664
2019-01-23,85.48519897460938
2019-01-24,85.53514099121094
2019-01-25,86.0763168334961
2019-01-28,86.48424530029297
2019-01-29,86.72565460205078
2019-01-30,86.92549896240234
2019-01-31,86.16788482666016
2019-02-01,86.48424530029297
2019-02-04,86.79230499267578
2019-02-05,86.40930938720703
2019-02-06,86.36768341064453
2019-02-07,85.23542785644531
2019-02-08,84.3862533569336
2019-02-11,83.98662567138672
2019-02-12,85.41859436035156
2019-02-13,85.82655334472656
2019-02-14,85.26874542236328
2019-02-15,87.87459564208984
2019-02-19,87.5665512084961
2019-02-20,87.99115753173828
2019-02-21,87.80797576904297
2019-02-22,87.41667175292969
2019-02-25,88.3324966430664
2019-02-26,87.65812683105469
2019-02-27,87.5499038696289
2019-02-28,86.88387298583984
2019-03-01,86.9421615600586
2019-03-04,86.7423095703125
2019-03-05,86.67571258544922
2019-03-06,86.3510513305664
2019-03-07,85.72664642333984
2019-03-08,85.75995635986328
2019-03-11,86.87553405761719
2019-03-12,86.61746978759766
2019-03-13,86.90884399414062
2019-03-14,87.69974517822266
2019-03-15,88.70713806152344
2019-03-18,89.2399673461914
2019-03-19,88.91525268554688
2019-03-20,87.01708221435547
2019-03-21,85.64339447021484
2019-03-22,83.05418395996094
2019-03-25,82.36316680908203
2019-03-26,83.1873779296875
2019-03-27,82.90433502197266
2019-03-28,83.8450927734375
2019-03-29,84.27801513671875
2019-04-01,87.11698150634766
2019-04-02,87.53325653076172
2019-04-03,87.70807647705078
2019-04-04,88.55538177490234
2019-04-05,88.34564208984375
2019-04-08,88.6308822631836
2019-04-09,87.9765396118164
2019-04-10,88.37081909179688
2019-04-11,89.11744689941406
2019-04-12,93.29523468017578
2019-04-15,92.22980499267578
2019-04-16,93.20292663574219
2019-04-17,95.887451171875
2019-04-18,95.18276977539062
2019-04-22,95.30020141601562
2019-04-23,95.41765594482422
2019-04-24,95.2582778930664
2019-04-25,95.3086166381836
2019-04-26,96.03008270263672
2019-04-29,97.41429138183594
2019-04-30,97.35554504394531
2019-05-01,96.60891723632812
2019-05-02,96.81864166259766
2019-05-03,97.41429138183594
2019-05-06,96.55017852783203
2019-05-07,94.97303009033203
2019-05-08,94.46968078613281
2019-05-09,94.3941879272461
2019-05-10,94.38581848144531
2019-05-13,91.8187484741211
2019-05-14,92.54859161376953
2019-05-15,92.19625854492188
2019-05-16,93.37911987304688
2019-05-17,92.92610168457031
2019-05-20,93.41265869140625
2019-05-21,93.73147583007812
2019-05-22,92.9680404663086
2019-05-23,91.13922882080078
2019-05-24,92.03687286376953
2019-05-28,91.03855895996094
2019-05-29,90.78688049316406
2019-05-30,89.81375122070312
2019-05-31,88.89093780517578
2019-06-03,89.31039428710938
2019-06-04,92.0620346069336
2019-06-05,92.38920593261719
2019-06-06,92.5905532836914
2019-06-07,91.5754623413086
2019-06-10,92.56538391113281
2019-06-11,92.85060119628906
2019-06-12,91.66775512695312
2019-06-13,91.89424896240234
2019-06-14,92.129150390625
2019-06-17,91.62578582763672
2019-06-18,92.87577819824219
2019-06-19,92.20465087890625
2019-06-20,92.43954467773438
2019-06-21,91.81034851074219
2019-06-24,91.156005859375
2019-06-25,90.4009780883789
2019-06-26,91.0050048828125
2019-06-27,91.3070068359375
2019-06-28,93.79019165039062
2019-07-01,95.3673324584961
2019-07-02,95.468017578125
2019-07-03,95.31593322753906
2019-07-05,95.88196563720703
2019-07-08,95.35816955566406
2019-07-09,95.76370239257812
2019-07-10,95.48491668701172
2019-07-11,96.3973617553711
2019-07-12,97.41116333007812
2019-07-15,96.2283706665039
2019-07-16,97.25910186767578
2019-07-17,96.3044204711914
2019-07-18,96.87889862060547
2019-07-19,95.92422485351562
2019-07-22,96.54096984863281
2019-07-23,98.30671691894531
2019-07-24,98.70377349853516
2019-07-25,97.757568359375
2019-07-26,98.18843078613281
2019-07-29,97.87580871582031
2019-07-30,97.65615844726562
2019-07-31,98.00255584716797
2019-08-01,95.4173355102539
2019-08-02,95.40888214111328
2019-08-05,92.57017517089844
2019-08-06,93.2967300415039
2019-08-07,91.26909637451172
2019-08-08,92.81517791748047
2019-08-09,92.71379089355469
2019-08-12,90.97341918945312
2019-08-13,92.37584686279297
2019-08-14,88.54022979736328
2019-08-15,88.87818145751953
2019-08-16,91.00720977783203
2019-08-19,91.82670593261719
2019-08-20,90.66079711914062
2019-08-21,90.91426086425781
2019-08-22,91.85205841064453
2019-08-23,89.57095336914062
2019-08-26,90.28907012939453
2019-08-27,89.33440399169922
2019-08-28,90.22993469238281
2019-08-29,92.27445983886719
2019-08-30,92.81517791748047
2019-09-03,91.71687316894531
2019-09-04,92.8236312866211
2019-09-05,94.93576049804688
2019-09-06,95.13850402832031
2019-09-09,97.49563598632812
2019-09-10,98.73757934570312
2019-09-11,99.00792694091797
2019-09-12,99.61621856689453
2019-09-13,101.5762710571289
2019-09-16,100.67227935791016
2019-09-17,100.173828125
2019-09-18,101.17919158935547
2019-09-19,100.85813903808594
2019-09-20,100.45262145996094
2019-09-23,100.43571472167969
2019-09-24,99.12621307373047
2019-09-25,99.6922607421875
2019-09-26,98.87275695800781
2019-09-27,99.45570373535156
2019-09-30,99.43035888671875
2019-10-01,97.62237548828125
2019-10-02,95.6792221069336
2019-10-03,95.54296112060547
2019-10-04,97.61238098144531
2019-10-07,97.39949035644531
2019-10-08,95.22785186767578
2019-10-09,95.91766357421875
2019-10-10,97.26322174072266
2019-10-11,98.90684509277344
2019-10-14,99.17084503173828
2019-10-15,102.1600341796875
2019-10-16,101.92157745361328
2019-10-17,102.49214935302734
2019-10-18,102.67098999023438
2019-10-21,105.21734619140625
2019-10-22,106.27335357666016
2019-10-23,106.55437469482422
2019-10-24,106.47770690917969
2019-10-25,107.329345703125
2019-10-28,107.73812103271484
2019-10-29,107.66996002197266
2019-10-30,107.07386016845703
2019-10-31,106.38404083251953
2019-11-01,108.83671569824219
2019-11-04,109.70536041259766
2019-11-05,109.94380950927734
2019-11-06,110.11412048339844
2019-11-07,110.71027374267578
2019-11-08,111.0339126586914
2019-11-11,110.64212036132812
2019-11-12,109.99493408203125
2019-11-13,109.41580963134766
2019-11-14,109.51799774169922
2019-11-15,110.31002044677734
2019-11-18,111.23824310302734
2019-11-19,111.20420837402344
2019-11-20,110.39517211914062
2019-11-21,110.65065002441406
2019-11-22,111.38304138183594
2019-11-25,111.97917175292969
2019-11-26,112.1324691772461
2019-11-27,112.46460723876953
2019-11-29,112.2091064453125
2019-12-02,111.96214294433594
2019-12-03,110.52290344238281
2019-12-04,112.70304870605469
2019-12-05,113.31623077392578
2019-12-06,115.00241088867188
2019-12-09,114.46591186523438
2019-12-10,114.54253387451172
2019-12-11,114.26998901367188
2019-12-12,117.54025268554688
2019-12-13,116.50978088378906
2019-12-16,116.96115112304688
2019-12-17,117.67647552490234
2019-12-18,117.5572509765625
2019-12-19,116.96966552734375
2019-12-20,116.87596893310547
2019-12-23,116.84190368652344
2019-12-24,117.16552734375
2019-12-26,118.40888214111328
2019-12-27,118.49405670166016
2019-12-30,118.05973052978516
2019-12-31,118.7154541015625
2020-01-02,120.15472412109375
2020-01-03,118.5691146850586
2020-01-06,118.4748306274414
2020-01-07,116.46066284179688
2020-01-08,117.36917114257812
2020-01-09,117.79772186279297
2020-01-10,116.62352752685547
2020-01-13,117.59203338623047
2020-01-14,118.96334838867188
2020-01-15,117.18060302734375
2020-01-16,117.63488006591797
2020-01-17,118.4491195678711
2020-01-21,117.28343963623047
2020-01-22,117.14634704589844
2020-01-23,117.02631378173828
2020-01-24,114.12083435058594
2020-01-27,113.160888671875
2020-01-28,115.2178955078125
2020-01-29,115.0464859008789
2020-01-30,116.46923828125
2020-01-31,113.44373321533203
2020-02-03,114.30938720703125
2020-02-04,115.9549789428711
2020-02-05,117.92628479003906
2020-02-06,117.94341278076172
2020-02-07,117.56629943847656
2020-02-10,118.05484771728516
2020-02-11,118.2776870727539
2020-02-12,118.2776870727539
2020-02-13,118.17484283447266
2020-02-14,117.81487274169922
2020-02-18,116.2549819946289
2020-02-19,117.840576171875
2020-02-20,117.840576171875
2020-02-21,116.40067291259766
2020-02-24,113.2723388671875
2020-02-25,108.21552276611328
2020-02-26,108.54120635986328
2020-02-27,104.02438354492188
2020-02-28,99.5160903930664
2020-03-02,104.15292358398438
2020-03-03,100.24462890625
2020-03-04,102.72161102294922
2020-03-05,97.68193817138672
2020-03-06,92.63370513916016
2020-03-09,80.08600616455078
2020-03-10,86.30842590332031
2020-03-11,82.245849609375
2020-03-12,75.46630096435547
2020-03-13,89.05966186523438
2020-03-16,75.73200988769531
2020-03-17,80.36026763916016
2020-03-18,71.90081787109375
2020-03-19,73.10932159423828
2020-03-20,71.56658172607422
2020-03-23,67.73540496826172
2020-03-24,75.79199981689453
2020-03-25,78.62039947509766
2020-03-26,84.09713745117188
2020-03-27,78.10611724853516
2020-03-30,80.13742065429688
2020-03-31,77.16333770751953
2020-04-01,72.30368041992188
2020-04-02,75.00348663330078
2020-04-03,72.78655242919922
2020-04-06,77.4715576171875
2020-04-07,78.49343872070312
2020-04-08,81.6629409790039
2020-04-09,88.98925018310547
2020-04-13,85.03164672851562
2020-04-14,82.7021484375
2020-04-15,78.62332153320312
2020-04-16,75.62701416015625
2020-04-17,82.42503356933594
2020-04-20,79.42003631591797
2020-04-21,77.11649322509766
2020-04-22,77.36763763427734
2020-04-23,77.41092681884766
2020-04-24,78.5540542602539
2020-04-27,81.94007873535156
2020-04-28,82.52027130126953
2020-04-29,84.74588012695312
2020-04-30,82.92730712890625
2020-05-01,80.75365447998047
2020-05-04,79.79241180419922
2020-05-05,79.67118072509766
2020-05-06,78.17298889160156
2020-05-07,78.9870376586914
2020-05-08,80.27735137939453
2020-05-11,77.9132080078125
2020-05-12,75.36719512939453
2020-05-13,72.76924133300781
2020-05-14,75.79154205322266
2020-05-15,74.38861083984375
2020-05-18,78.32889556884766
2020-05-19,76.78743743896484
2020-05-20,79.09095001220703
2020-05-21,78.08639526367188
2020-05-22,77.4802017211914
2020-05-26,82.97925567626953
2020-05-27,87.78550720214844
2020-05-28,86.47786712646484
2020-05-29,84.26958465576172
2020-06-01,85.3866958618164
2020-06-02,85.6724853515625
2020-06-03,90.29688262939453
2020-06-04,92.17610168457031
2020-06-05,96.32416534423828
2020-06-08,98.24667358398438
2020-06-09,95.72664642333984
2020-06-10,91.84700775146484
2020-06-11,84.1829833984375
2020-06-12,86.48652648925781
2020-06-15,87.68159484863281
2020-06-16,88.3830337524414
2020-06-17,86.14878845214844
2020-06-18,85.68114471435547
2020-06-19,84.70256042480469
2020-06-22,83.78462982177734
2020-06-23,84.80648803710938
2020-06-24,81.97469329833984
2020-06-25,84.83248138427734
2020-06-26,80.18211364746094
2020-06-29,80.53716278076172
2020-06-30,81.45510864257812
2020-07-01,80.7623291015625
2020-07-02,81.0246353149414
2020-07-06,83.07081604003906
2020-07-07,80.72733306884766
2020-07-08,81.58428192138672
2020-07-09,79.81793212890625
2020-07-10,84.18133544921875
2020-07-13,85.38805389404297
2020-07-14,85.87772369384766
2020-07-15,87.2068862915039
2020-07-16,87.45170593261719
2020-07-17,85.8340072631836
2020-07-20,85.08202362060547
2020-07-21,86.92705535888672
2020-07-22,86.29747009277344
2020-07-23,86.5510482788086
2020-07-24,85.9389419555664
2020-07-27,84.73222351074219
2020-07-28,85.09949493408203
2020-07-29,87.16314697265625
2020-07-30,84.83715057373047
2020-07-31,84.50487518310547
2020-08-03,84.03269958496094
2020-08-04,83.55177307128906
2020-08-05,85.00330352783203
2020-08-06,85.029541015625
2020-08-07,86.90081024169922
2020-08-10,88.00260925292969
2020-08-11,90.7833023071289
2020-08-12,90.0137939453125
2020-08-13,89.515380859375
2020-08-14,89.55033874511719
2020-08-17,87.18936157226562
2020-08-18,85.97393035888672
2020-08-19,86.175048828125
2020-08-20,85.14321899414062
2020-08-21,85.09949493408203
2020-08-24,87.49541473388672
2020-08-25,87.88017272949219
2020-08-26,86.64723205566406
2020-08-27,89.49787902832031
2020-08-28,89.86512756347656
2020-08-31,87.60912322998047
2020-09-01,87.56539154052734
2020-09-02,88.88578033447266
2020-09-03,88.60595703125
2020-09-04,90.52096557617188
2020-09-08,87.37300872802734
2020-09-09,88.20372772216797
2020-09-10,87.2943115234375
2020-09-11,88.37861633300781
2020-09-14,89.60281372070312
2020-09-15,86.81338500976562
2020-09-16,87.1806411743164
2020-09-17,86.18379211425781
2020-09-18,86.0001449584961
2020-09-21,83.3418960571289
2020-09-22,82.43246459960938
2020-09-23,81.0946044921875
2020-09-24,81.0246353149414
2020-09-25,81.73294067382812
2020-09-28,84.08515930175781
2020-09-29,83.37687683105469
2020-09-30,84.18133544921875
2020-10-01,84.7934341430664
2020-10-02,85.5979232788086
2020-10-05,87.4071273803711
2020-10-06,86.50694274902344
2020-10-07,88.01609802246094
2020-10-08,89.82530975341797
2020-10-09,89.31343078613281
2020-10-12,90.40777587890625
2020-10-13,88.9427719116211
2020-10-14,88.44854736328125
2020-10-15,89.77235412597656
2020-10-16,89.58702087402344
2020-10-19,88.07786560058594
2020-10-20,88.58092498779297
2020-10-21,87.69837188720703
2020-10-22,90.79609680175781
2020-10-23,91.61686706542969
2020-10-26,89.34872436523438
2020-10-27,87.66307830810547
2020-10-28,85.20077514648438
2020-10-29,85.75677490234375
2020-10-30,86.52458953857422
2020-11-02,88.47500610351562
2020-11-03,91.26383972167969
2020-11-04,88.47500610351562
2020-11-05,92.09343719482422
2020-11-06,90.86669921875
2020-11-09,103.16936492919922
2020-11-10,102.833984375
2020-11-11,101.29838562011719
2020-11-12,100.05399322509766
2020-11-13,100.68059539794922
2020-11-16,103.52239227294922
2020-11-17,102.47215270996094
2020-11-18,101.71316528320312
2020-11-19,101.98674774169922
2020-11-20,101.11302947998047
2020-11-23,104.02544403076172
2020-11-24,108.83528900146484
2020-11-25,107.69682312011719
2020-11-27,106.98196411132812
2020-11-30,104.03425598144531
2020-12-01,105.67578887939453
2020-12-02,107.70564270019531
2020-12-03,106.99961853027344
2020-12-04,107.97040557861328
2020-12-07,107.56443786621094
2020-12-08,107.67033386230469
2020-12-09,106.83192443847656
2020-12-10,106.14353942871094
2020-12-11,105.51692962646484
2020-12-14,104.40493774414062
2020-12-15,106.18766784667969
2020-12-16,106.4965591430664
2020-12-17,105.614013671875
2020-12-18,105.09332275390625
2020-12-21,109.03828430175781
2020-12-22,107.37909698486328
2020-12-23,110.3797607421875
2020-12-24,109.89435577392578
2020-12-28,110.61804962158203
2020-12-29,110.32679748535156
2020-12-30,110.63567352294922
2020-12-31,112.14482879638672
2021-01-04,111.08577728271484
2021-01-05,111.69023895263672
2021-01-06,116.93476104736328
2021-01-07,120.7747802734375
2021-01-08,120.90811920166016
2021-01-11,122.71260070800781
2021-01-12,124.6415023803711
2021-01-13,124.75704193115234
2021-01-14,125.4859619140625
2021-01-15,123.23706817626953
2021-01-19,122.70369720458984
2021-01-20,120.86368560791016
2021-01-21,119.85032653808594
2021-01-22,118.9258804321289
2021-01-25,117.44142150878906
2021-01-26,116.96141815185547
2021-01-27,113.65470123291016
2021-01-28,115.6547622680664
2021-01-29,114.37471771240234
2021-02-01,115.21917724609375
2021-02-02,118.76587677001953
2021-02-03,120.12589263916016
2021-02-04,122.89036560058594
2021-02-05,122.6503677368164
2021-02-08,124.57038879394531
2021-02-09,124.07261657714844
2021-02-10,124.1436996459961
2021-02-11,123.79708862304688
2021-02-12,125.55706024169922
2021-02-16,128.57931518554688
2021-02-17,128.97930908203125
2021-02-18,129.41488647460938
2021-02-19,131.57492065429688
2021-02-22,132.8105010986328
2021-02-23,133.8771514892578
2021-02-24,136.23277282714844
2021-02-25,134.3838348388672
2021-02-26,130.8193359375
2021-03-01,133.77940368652344
2021-03-02,133.3437957763672
2021-03-03,135.921630859375
2021-03-04,133.8327178955078
2021-03-05,134.14382934570312
2021-03-08,135.921630859375
2021-03-09,134.96160888671875
2021-03-10,137.89501953125
2021-03-11,137.1750030517578
2021-03-12,138.80166625976562
2021-03-15,138.10830688476562
2021-03-16,136.45497131347656
2021-03-17,137.85940551757812
2021-03-18,140.13502502441406
2021-03-19,137.9038543701172
2021-03-22,134.1971435546875
2021-03-23,132.85498046875
2021-03-24,133.8860321044922
2021-03-25,135.60165405273438
2021-03-26,137.85940551757812
2021-03-29,135.71719360351562
2021-03-30,137.3172149658203
2021-03-31,135.31715393066406
2021-04-01,136.6327667236328
2021-04-05,137.35699462890625
2021-04-06,136.39132690429688
2021-04-07,138.5283203125
2021-04-08,138.69822692871094
2021-04-09,139.73536682128906
2021-04-12,139.44033813476562
2021-04-13,137.77725219726562
2021-04-14,135.2021484375
2021-04-15,136.06051635742188
2021-04-16,137.07089233398438
2021-04-19,136.4897003173828
2021-04-20,133.46751403808594
2021-04-21,134.60304260253906
2021-04-22,131.76866149902344
2021-04-23,134.29014587402344
2021-04-26,134.6209716796875
2021-04-27,135.2379150390625
2021-04-28,136.11415100097656
2021-04-29,138.7607879638672
2021-04-30,137.52691650390625
2021-05-03,137.12452697753906
2021-05-04,139.02008056640625
2021-05-05,140.84413146972656
2021-05-06,143.6785430908203
2021-05-07,144.17031860351562
2021-05-10,144.1524200439453
2021-05-11,141.75613403320312
2021-05-12,140.78155517578125
2021-05-13,144.4027862548828
2021-05-14,146.64703369140625
2021-05-17,147.23719787597656
2021-05-18,145.1627960205078
2021-05-19,144.05409240722656
2021-05-20,143.80374145507812
2021-05-21,145.4400177001953
2021-05-24,146.22682189941406
2021-05-25,144.71575927734375
2021-05-26,144.6978759765625
2021-05-27,146.9510955810547
2021-05-28,146.8527374267578
2021-06-01,148.4711151123047
2021-06-02,148.48004150390625
2021-06-03,148.5784149169922
2021-06-04,148.81979370117188
2021-06-07,148.12240600585938
2021-06-08,147.53225708007812
2021-06-09,145.6903533935547
2021-06-10,143.41921997070312
2021-06-11,143.3208770751953
2021-06-14,140.88882446289062
2021-06-15,138.75186157226562
2021-06-16,139.72647094726562
2021-06-17,135.6938934326172
2021-06-18,132.2604522705078
2021-06-21,134.5047149658203
2021-06-22,134.30799865722656
2021-06-23,135.12167358398438
2021-06-24,136.36453247070312
2021-06-25,137.7415008544922
2021-06-28,137.99185180664062
2021-06-29,137.8219757080078
2021-06-30,139.07374572753906
2021-07-01,140.4507293701172
2021-07-02,140.31581115722656
2021-07-06,137.95973205566406
2021-07-07,138.1215362548828
2021-07-08,135.73846435546875
2021-07-09,140.08200073242188
2021-07-12,142.08740234375
2021-07-13,139.97412109375
2021-07-14,139.4974822998047
2021-07-15,139.80325317382812
2021-07-16,136.6107635498047
2021-07-19,132.1682586669922
2021-07-20,134.63233947753906
2021-07-21,137.465087890625
2021-07-22,135.7294464111328
2021-07-23,135.46865844726562
2021-07-26,136.37693786621094
2021-07-27,136.19711303710938
2021-07-28,136.4219207763672
2021-07-29,137.59097290039062
2021-07-30,136.4938507080078
2021-08-02,135.94529724121094
2021-08-03,137.49208068847656
2021-08-04,136.00823974609375
2021-08-05,137.7258758544922
2021-08-06,141.63775634765625
2021-08-09,141.48489379882812
2021-08-10,143.22052001953125
2021-08-11,144.92919921875
2021-08-12,145.4956817626953
2021-08-13,143.86801147460938
2021-08-16,142.92376708984375
2021-08-17,141.19712829589844
2021-08-18,139.9111328125
2021-08-19,138.7420654296875
2021-08-20,139.13775634765625
2021-08-23,140.91835021972656
2021-08-24,141.79066467285156
2021-08-25,144.71336364746094
2021-08-26,145.45974731445312
2021-08-27,146.62884521484375
2021-08-30,144.2816925048828
2021-08-31,143.84100341796875
2021-09-01,143.63418579101562
2021-09-02,144.2996826171875
2021-09-03,143.4274139404297
2021-09-07,143.17556762695312
2021-09-08,142.53707885742188
2021-09-09,143.15757751464844
2021-09-10,141.51185607910156
2021-09-13,143.7601318359375
2021-09-14,141.2510986328125
2021-09-15,142.23129272460938
2021-09-16,142.16835021972656
2021-09-17,141.79962158203125
2021-09-20,137.55502319335938
2021-09-21,137.572998046875
2021-09-22,140.20791625976562
2021-09-23,144.94712829589844
2021-09-24,146.61981201171875
2021-09-27,150.1630096435547
2021-09-28,149.35365295410156
2021-09-29,149.23672485351562
2021-09-30,147.20436096191406
2021-10-01,150.2979278564453
2021-10-04,150.1360321044922
2021-10-05,152.58778381347656
2021-10-06,152.9134979248047
2021-10-07,153.88153076171875
2021-10-08,153.99911499023438
2021-10-11,150.7603302001953
2021-10-12,149.6022491455078
2021-10-13,145.65774536132812
2021-10-14,147.8923797607422
2021-10-15,150.73313903808594
2021-10-18,150.67884826660156
2021-10-19,152.5063934326172
2021-10-20,154.56005859375
2021-10-21,153.34774780273438
2021-10-22,155.4104461669922
2021-10-25,154.65052795410156
2021-10-26,155.06668090820312
2021-10-27,151.83688354492188
2021-10-28,154.12579345703125
2021-10-29,153.70057678222656
2021-11-01,153.61915588378906
2021-11-02,154.2252960205078
2021-11-03,154.27963256835938
2021-11-04,152.2530517578125
2021-11-05,152.0359344482422
2021-11-08,152.9496307373047
2021-11-09,151.79165649414062
2021-11-10,151.64691162109375
2021-11-11,151.63784790039062
2021-11-12,150.95932006835938
2021-11-15,150.68792724609375
2021-11-16,149.6022491455078
2021-11-17,148.79710388183594
2021-11-18,147.51239013671875
2021-11-19,145.58538818359375
2021-11-22,148.68850708007812
2021-11-23,152.2440185546875
2021-11-24,151.0498046875
2021-11-26,146.49913024902344
2021-11-29,145.86582946777344
2021-11-30,143.69454956054688
2021-12-01,142.84410095214844
2021-12-02,145.84776306152344
2021-12-03,143.20599365234375
2021-12-06,144.89781188964844
2021-12-07,147.07815551757812
2021-12-08,145.39537048339844
2021-12-09,145.1692352294922
2021-12-10,144.59019470214844
2021-12-13,142.87124633789062
2021-12-14,143.9659881591797
2021-12-15,142.8893585205078
2021-12-16,145.12396240234375
2021-12-17,141.82179260253906
2021-12-20,139.27052307128906
2021-12-21,141.21563720703125
2021-12-22,141.76747131347656
2021-12-23,142.27413940429688
2021-12-27,143.08837890625
2021-12-28,143.52261352539062
2021-12-29,143.45022583007812
2021-12-30,143.3778839111328
2021-12-31,143.26025390625
2022-01-03,146.291015625
2022-01-04,151.83688354492188
2022-01-05,149.06100463867188
2022-01-06,150.64462280273438
2022-01-07,152.13723754882812
2022-01-10,152.28286743164062
2022-01-11,152.43759155273438
2022-01-12,153.30223083496094
2022-01-13,153.11106872558594
2022-01-14,143.70033264160156
2022-01-18,137.67526245117188
2022-01-19,135.5455780029297
2022-01-20,134.3897247314453
2022-01-21,132.04156494140625
2022-01-24,131.92324829101562
2022-01-25,133.3612823486328
2022-01-26,134.62635803222656
2022-01-27,132.25088500976562
2022-01-28,133.43411254882812
2022-01-31,135.2452392578125
2022-02-01,137.5660400390625
2022-02-02,136.46481323242188
2022-02-03,135.3362579345703
2022-02-04,138.84934997558594
2022-02-07,139.31349182128906
2022-02-08,141.93467712402344
2022-02-09,142.52626037597656
2022-02-10,141.93467712402344
2022-02-11,140.0871124267578
2022-02-14,138.78561401367188
2022-02-15,140.8152618408203
2022-02-16,141.07009887695312
2022-02-17,137.8208770751953
2022-02-18,138.4670867919922
2022-02-22,138.2213592529297
2022-02-23,135.32713317871094
2022-02-24,131.55918884277344
2022-02-25,134.67184448242188
2022-02-28,129.05633544921875
2022-03-01,124.18714904785156
2022-03-02,126.7628173828125
2022-03-03,125.86181640625
2022-03-04,122.32139587402344
2022-03-07,117.59783172607422
2022-03-08,116.76960754394531
2022-03-09,121.44768524169922
2022-03-10,120.0096664428711
2022-03-11,117.30657958984375
2022-03-14,118.47154998779297
2022-03-15,120.5739517211914
2022-03-16,125.96192169189453
2022-03-17,127.55464935302734
2022-03-18,127.50912475585938
2022-03-21,127.0995864868164
2022-03-22,129.8026580810547
2022-03-23,127.21790313720703
2022-03-24,128.04611206054688
2022-03-25,129.16554260253906
2022-03-28,128.20993041992188
2022-03-29,128.49208068847656
2022-03-30,127.90958404541016
2022-03-31,124.06886291503906
2022-04-01,123.14959716796875
2022-04-04,123.6956787109375
2022-04-05,122.25618743896484
2022-04-06,120.55998992919922
2022-04-07,120.19322204589844
2022-04-08,122.39372253417969
2022-04-11,121.94446563720703
2022-04-12,120.60580444335938
2022-04-13,116.71826934814453
2022-04-14,115.63636016845703
2022-04-18,117.78185272216797
2022-04-19,120.22074127197266
2022-04-20,120.64249420166016
2022-04-21,119.70726776123047
2022-04-22,116.26899719238281
2022-04-25,116.23233032226562
2022-04-26,112.7940444946289
2022-04-27,111.32703399658203
2022-04-28,113.08744812011719
2022-04-29,109.43827819824219
2022-05-02,110.43768310546875
2022-05-03,112.80322265625
2022-05-04,116.53489685058594
2022-05-05,113.61923217773438
2022-05-06,113.43585968017578
2022-05-09,111.73046875
2022-05-10,109.00733947753906
2022-05-11,108.3196792602539
2022-05-12,108.2280044555664
2022-05-13,109.19072723388672
2022-05-16,108.42971801757812
2022-05-17,112.02385711669922
2022-05-18,110.10758209228516
2022-05-19,108.47555541992188
2022-05-20,107.586181640625
2022-05-23,114.24270629882812
2022-05-24,115.85639953613281
2022-05-25,116.66323852539062
2022-05-26,118.68038940429688
2022-05-27,120.35826110839844
2022-05-31,121.23846435546875
2022-06-01,119.111328125
2022-06-02,121.02757263183594
2022-06-03,119.34053802490234
2022-06-06,118.94627380371094
2022-06-07,119.2580337524414
2022-06-08,117.3600845336914
2022-06-09,114.8936996459961
2022-06-10,109.61248016357422
2022-06-13,106.34839630126953
2022-06-14,104.57882690429688
2022-06-15,105.8166275024414
2022-06-16,104.0011978149414
2022-06-17,103.63445281982422
2022-06-21,106.20170593261719
2022-06-22,105.6057357788086
2022-06-23,104.45047760009766
2022-06-24,107.56784057617188
2022-06-27,106.70598602294922
2022-06-28,106.19253540039062
2022-06-29,105.71576690673828
2022-06-30,103.24935913085938
2022-07-01,104.56966400146484
2022-07-05,104.17192077636719
2022-07-06,103.49667358398438
2022-07-07,106.1144027709961
2022-07-08,105.78140258789062
2022-07-11,104.39390563964844
2022-07-12,104.49565887451172
2022-07-13,103.51520538330078
2022-07-14,99.89848327636719
2022-07-15,104.47716522216797
2022-07-18,103.40419006347656
2022-07-19,105.96638488769531
2022-07-20,105.94790649414062
2022-07-21,106.66938018798828
2022-07-22,106.15139770507812
2022-07-25,106.57688903808594
2022-07-26,104.91191864013672
2022-07-27,106.59539031982422
2022-07-28,106.1976318359375
2022-07-29,106.70639038085938
2022-08-01,105.64263916015625
2022-08-02,103.99616241455078
2022-08-03,105.08766174316406
2022-08-04,103.93143463134766
2022-08-05,107.07638549804688
2022-08-08,105.77214813232422
2022-08-09,106.72488403320312
2022-08-10,109.50909423828125
2022-08-11,111.12781524658203
2022-08-12,112.96854400634766
2022-08-15,113.27377319335938
2022-08-16,114.35601806640625
2022-08-17,113.39402770996094
2022-08-18,112.51529693603516
2022-08-19,109.73108673095703
2022-08-22,107.91812896728516
2022-08-23,106.85438537597656
2022-08-24,107.11338806152344
2022-08-25,109.65708923339844
2022-08-26,106.06814575195312
2022-08-29,105.80915069580078
2022-08-30,105.82764434814453
2022-08-31,105.19866180419922
2022-09-01,105.92015075683594
2022-09-02,105.18014526367188
2022-09-06,105.20790100097656
2022-09-07,107.20587921142578
2022-09-08,109.70333099365234
2022-09-09,110.23057556152344
2022-09-12,111.53482055664062
2022-09-13,107.65911865234375
2022-09-14,107.40937805175781
2022-09-15,109.02811431884766
2022-09-16,108.29736328125
2022-09-19,109.29635620117188
2022-09-20,107.14112091064453
2022-09-21,104.05168914794922
2022-09-22,102.8676986694336
2022-09-23,100.95296478271484
2022-09-26,98.77925872802734
2022-09-27,97.9097671508789
2022-09-28,99.88924407958984
2022-09-29,98.19651794433594
2022-09-30,96.66104125976562
2022-10-03,99.64875030517578
2022-10-04,104.3106689453125
2022-10-05,103.02278137207031
2022-10-06,100.92292022705078
2022-10-07,98.90708923339844
2022-10-10,97.98314666748047
2022-10-11,95.1553726196289
2022-10-12,96.69526672363281
2022-10-13,102.07084655761719
2022-10-14,103.7693862915039
2022-10-17,108.12771606445312
2022-10-18,110.9088363647461
2022-10-19,108.73434448242188
2022-10-20,108.37969970703125
2022-10-21,114.0726089477539
2022-10-24,114.21258544921875
2022-10-25,114.51121520996094
2022-10-26,115.82714080810547
2022-10-27,116.284423828125
2022-10-28,117.6656494140625
2022-10-31,117.47900390625
2022-11-01,119.59748840332031
2022-11-02,118.49625396728516
2022-11-03,118.71090698242188
2022-11-04,121.95862579345703
2022-11-07,122.60262298583984
2022-11-08,122.67725372314453
2022-11-09,121.0813980102539
2022-11-10,126.06501007080078
2022-11-11,126.27032470703125
2022-11-14,124.97308349609375
2022-11-15,124.06782531738281
2022-11-16,124.23580169677734
2022-11-17,123.69451904296875
2022-11-18,124.90776062011719
2022-11-21,124.17047882080078
2022-11-22,126.02765655517578
2022-11-23,127.37159729003906
2022-11-25,127.61422729492188
2022-11-28,125.38374328613281
2022-11-29,127.44622802734375
2022-11-30,128.95809936523438
2022-12-01,127.1476058959961
2022-12-02,126.13967895507812
2022-12-05,122.60262298583984
2022-12-06,122.80792236328125
2022-12-07,122.72392272949219
2022-12-08,124.0118408203125
2022-12-09,123.33988189697266
2022-12-12,125.25303649902344
2022-12-13,125.13175201416016
2022-12-14,124.50646209716797
2022-12-15,121.4173583984375
2022-12-16,120.66140747070312
2022-12-19,121.38004302978516
2022-12-20,121.9679946899414
2022-12-21,123.33988189697266
2022-12-22,121.93999481201172
2022-12-23,122.51862335205078
2022-12-27,122.94790649414062
2022-12-28,123.61986541748047
2022-12-29,124.32914733886719
2022-12-30,125.15039825439453
2023-01-03,126.10232543945312
2023-01-04,127.27823638916016
2023-01-05,127.2500228881836
2023-01-06,129.68504333496094
2023-01-09,129.14915466308594
2023-01-10,130.30555725097656
2023-01-11,131.27394104003906
2023-01-12,131.14230346679688
2023-01-13,134.45159912109375
2023-01-17,132.37391662597656
2023-01-18,128.3970489501953
2023-01-19,126.68592834472656
2023-01-20,126.99620819091797
2023-01-23,129.05516052246094
2023-01-24,130.1645050048828
2023-01-25,130.79444885253906
2023-01-26,131.60293579101562
2023-01-27,131.922607421875
2023-01-30,130.80384826660156
2023-01-31,131.5841522216797
2023-02-01,131.23629760742188
2023-02-02,130.62521362304688
2023-02-03,132.64654541015625
2023-02-06,133.42684936523438
2023-02-07,135.05332946777344
2023-02-08,134.10377502441406
2023-02-09,132.01661682128906
2023-02-10,132.59951782226562
2023-02-13,134.0379638671875
2023-02-14,134.63023376464844
2023-02-15,135.19435119628906
2023-02-16,133.33282470703125
2023-02-17,133.72772216796875
2023-02-21,131.27394104003906
2023-02-22,130.26791381835938
2023-02-23,131.31146240234375
2023-02-24,132.49610900878906
2023-02-27,133.65249633789062
2023-02-28,134.77127075195312
2023-03-01,134.01918029785156
2023-03-02,132.62771606445312
2023-03-03,135.06272888183594
2023-03-06,134.27301025390625
2023-03-07,130.32435607910156
2023-03-08,129.5534210205078
2023-03-09,122.53985595703125
2023-03-10,125.65177154541016
2023-03-13,123.39539337158203
2023-03-14,126.56372833251953
2023-03-15,120.58434295654297
2023-03-16,122.92530822753906
2023-03-17,118.28095245361328
2023-03-20,119.53136444091797
2023-03-21,122.73728942871094
2023-03-22,119.56897735595703
2023-03-23,119.24931335449219
2023-03-24,117.43482208251953
2023-03-27,120.80058288574219
2023-03-28,121.167236328125
2023-03-29,121.41166687011719
2023-03-30,121.04500579833984
2023-03-31,122.51165771484375
2023-04-03,122.37064361572266
2023-04-04,120.7347640991211
2023-04-05,120.91478729248047
2023-04-06,120.78214263916016
2023-04-10,121.18009948730469
2023-04-11,121.77706146240234
2023-04-12,121.75808715820312
2023-04-13,122.22239685058594
2023-04-14,131.45138549804688
2023-04-17,132.49368286132812
2023-04-18,133.9812774658203
2023-04-19,133.81072998046875
2023-04-20,133.4222412109375
2023-04-21,133.16641235351562
2023-04-24,133.346435546875
2023-04-25,130.4469757080078
2023-04-26,128.13497924804688
2023-04-27,129.85952758789062
2023-04-28,130.98707580566406
2023-05-01,133.79177856445312
2023-05-02,131.63140869140625
2023-05-03,128.8456573486328
2023-05-04,127.08325958251953
2023-05-05,129.56578063964844
2023-05-08,129.87847900390625
2023-05-09,129.25308227539062
2023-05-10,129.31944274902344
2023-05-11,128.91197204589844
2023-05-12,127.06429290771484
2023-05-15,128.13497924804688
2023-05-16,127.27275848388672
2023-05-17,131.18605041503906
2023-05-18,132.18096923828125
2023-05-19,131.87774658203125
2023-05-22,130.78810119628906
2023-05-23,129.42364501953125
2023-05-24,128.2392120361328
2023-05-25,128.55191040039062
2023-05-26,129.7552947998047
2023-05-30,130.2480010986328
2023-05-31,128.58981323242188
2023-06-01,130.3616943359375
2023-06-02,133.10006713867188
2023-06-05,131.79249572753906
2023-06-06,132.0293731689453
2023-06-07,133.30853271484375
2023-06-08,133.346435546875
2023-06-09,133.61172485351562
2023-06-12,133.60227966308594
2023-06-13,134.56874084472656
2023-06-14,134.0665740966797
2023-06-15,135.58261108398438
2023-06-16,135.7436981201172
2023-06-20,135.05201721191406
2023-06-21,134.85301208496094
2023-06-22,132.25677490234375
2023-06-23,131.56507873535156
2023-06-26,131.88723754882812
2023-06-27,131.89669799804688
2023-06-28,131.31871032714844
2023-06-29,135.90478515625
2023-06-30,137.809326171875
2023-07-03,138.91793823242188
2023-07-05,137.99252319335938
2023-07-06,136.62823486328125
2023-07-07,137.706298828125
2023-07-10,138.4790802001953
2023-07-11,140.64474487304688
2023-07-12,141.3411865234375
2023-07-13,142.02809143066406
2023-07-14,142.88674926757812
2023-07-17,146.33084106445312
2023-07-18,146.59796142578125
2023-07-19,147.16085815429688
2023-07-20,148.97354125976562
2023-07-21,147.82867431640625
2023-07-24,150.73849487304688
2023-07-25,149.6127166748047
2023-07-26,150.50955200195312
2023-07-27,148.84951782226562
2023-07-28,149.6986083984375
2023-07-31,150.70034790039062
2023-08-01,149.9561767578125
2023-08-02,148.2579803466797
2023-08-03,149.1643524169922
2023-08-04,148.84951782226562
2023-08-07,149.5554962158203
2023-08-08,148.7159423828125
2023-08-09,146.72198486328125
2023-08-10,146.5025634765625
2023-08-11,147.3516387939453
2023-08-14,147.656982421875
2023-08-15,143.89804077148438
2023-08-16,143.28746032714844
2023-08-17,141.79913330078125
2023-08-18,142.12351989746094
2023-08-21,142.61004638671875
2023-08-22,139.65252685546875
2023-08-23,140.5970458984375
2023-08-24,140.46347045898438
2023-08-25,140.291748046875
2023-08-28,140.77830505371094
2023-08-29,141.92315673828125
2023-08-30,141.35072326660156
2023-08-31,139.60484313964844
2023-09-01,140.07232666015625
2023-09-05,138.52676391601562
2023-09-06,138.2978057861328
2023-09-07,137.1147918701172
2023-09-08,137.21975708007812
2023-09-11,137.82080078125
2023-09-12,139.61439514160156
2023-09-13,139.68116760253906
2023-09-14,142.39064025878906
2023-09-15,141.97085571289062
2023-09-18,142.26661682128906
2023-09-19,142.08534240722656
2023-09-20,141.48431396484375
2023-09-21,140.3776092529297
2023-09-22,139.0324249267578
2023-09-25,139.7193145751953
2023-09-26,138.2692108154297
2023-09-27,139.08009338378906
2023-09-28,140.8069305419922
2023-09-29,138.35507202148438
2023-10-02,137.16250610351562
2023-10-03,136.15121459960938
2023-10-04,136.7617950439453
2023-10-05,137.3384246826172
2023-10-06,139.4528350830078
2023-10-09,139.13568115234375
2023-10-10,139.98141479492188
2023-10-11,140.46194458007812
2023-10-12,140.13519287109375
2023-10-13,142.23997497558594
2023-10-16,142.09580993652344
2023-10-17,141.78823852539062
2023-10-18,140.23130798339844
2023-10-19,139.6354217529297
2023-10-20,137.38648986816406
2023-10-23,135.5124053955078
2023-10-24,135.67578125
2023-10-25,134.93572998046875
2023-10-26,135.28173828125
2023-10-27,130.4090576171875
2023-10-30,132.07171630859375
2023-10-31,133.6479034423828
2023-11-01,133.5325927734375
2023-11-02,135.91604614257812
2023-11-03,137.43455505371094
2023-11-06,138.47254943847656
2023-11-07,138.4052276611328
2023-11-08,139.0876007080078
2023-11-09,138.6743621826172
2023-11-10,140.73106384277344
2023-11-13,140.10635375976562
2023-11-14,142.662841796875
2023-11-15,143.9122314453125
2023-11-16,145.55569458007812
2023-11-17,146.8723907470703
2023-11-20,147.32406616210938
2023-11-21,147.0165252685547
2023-11-22,147.36253356933594
2023-11-24,147.56434631347656
2023-11-27,147.22796630859375
2023-11-28,147.56434631347656
2023-11-29,148.31399536132812
2023-11-30,150.00550842285156
2023-12-01,150.73590087890625
2023-12-04,151.84117126464844
2023-12-05,151.8219451904297
2023-12-06,150.22653198242188
2023-12-07,150.6878662109375
2023-12-08,152.35052490234375
2023-12-11,152.90797424316406
2023-12-12,154.272705078125
2023-12-13,154.7916717529297
2023-12-14,157.607666015625
2023-12-15,158.79937744140625
2023-12-18,159.76046752929688
2023-12-19,161.89407348632812
2023-12-20,160.06802368164062
2023-12-21,160.9810333251953
2023-12-22,160.88491821289062
2023-12-26,161.83639526367188
2023-12-27,162.8070831298828
2023-12-28,163.6720733642578
2023-12-29,163.47987365722656
2024-01-02,165.38278198242188
2024-01-03,164.66195678710938
2024-01-04,165.75473022460938
2024-01-05,166.58633422851562
2024-01-08,166.34458923339844
2024-01-09,165.0294647216797
2024-01-10,165.3775634765625
2024-01-11,164.6813201904297
2024-01-12,163.4725799560547
2024-01-16,162.44757080078125
2024-01-17,161.57723999023438
2024-01-18,161.89634704589844
2024-01-19,164.69097900390625
2024-01-22,164.4976043701172
2024-01-23,163.41455078125
2024-01-24,164.87472534179688
2024-01-25,167.23422241210938
2024-01-26,166.5959930419922
2024-01-29,167.03114318847656
2024-01-30,170.4543914794922
2024-01-31,168.60739135742188
2024-02-01,167.9981689453125
2024-02-02,168.9651641845703
2024-02-05,168.7427520751953
2024-02-06,169.32296752929688
2024-02-07,169.64205932617188
2024-02-08,169.03285217285156
2024-02-09,169.2359161376953
2024-02-12,169.99017333984375
2024-02-13,168.5106658935547
2024-02-14,170.22227478027344
2024-02-15,173.93557739257812
2024-02-16,173.12330627441406
2024-02-20,173.8002166748047
2024-02-21,174.9315948486328
2024-02-22,177.03001403808594
2024-02-23,177.91966247558594
2024-02-26,177.31044006347656
2024-02-27,177.39747619628906
2024-02-28,178.2967987060547
2024-02-29,179.92137145996094
2024-03-01,179.1767578125
2024-03-04,180.52088928222656
2024-03-05,182.32920837402344
2024-03-06,183.27688598632812
2024-03-07,181.67161560058594
2024-03-08,182.01011657714844
2024-03-11,182.07777404785156
2024-03-12,183.57664489746094
2024-03-13,185.0658416748047
2024-03-14,181.76834106445312
2024-03-15,184.02146911621094
2024-03-18,186.30360412597656
2024-03-19,187.3963165283203
2024-03-20,189.8525390625
2024-03-21,192.492431640625
2024-03-22,190.1329345703125
2024-03-25,188.392333984375
2024-03-26,189.27230834960938
2024-03-27,192.93728637695312
2024-03-28,193.69155883789062
2024-04-01,192.3764190673828
2024-04-02,192.29905700683594
2024-04-03,191.7575225830078
2024-04-04,190.29855346679688
2024-04-05,192.04933166503906
2024-04-08,193.0511474609375
2024-04-09,191.7575225830078
2024-04-10,190.12347412109375
2024-04-11,190.08456420898438
2024-04-12,177.79029846191406
2024-04-15,177.8875732421875
2024-04-16,175.854736328125
2024-04-17,175.15444946289062
2024-04-18,176.2924346923828
2024-04-19,180.7179718017578
2024-04-22,184.229248046875
2024-04-23,186.88455200195312
2024-04-24,187.79884338378906
2024-04-25,188.08091735839844
2024-04-26,188.1976318359375
2024-04-29,187.99339294433594
2024-04-30,186.49549865722656
2024-05-01,186.6122283935547
2024-05-02,186.41769409179688
2024-05-03,185.29913330078125
2024-05-06,186.74838256835938
2024-05-07,186.50521850585938
2024-05-08,190.29855346679688
2024-05-09,192.0979461669922
2024-05-10,193.33323669433594
2024-05-13,193.29429626464844
2024-05-14,195.99827575683594
2024-05-15,196.58184814453125
2024-05-16,196.9320068359375
2024-05-17,199.18853759765625
2024-05-20,190.23045349121094
2024-05-21,194.06272888183594
2024-05-22,192.8857879638672
2024-05-23,191.5338134765625
2024-05-24,195.22015380859375
2024-05-28,194.04324340820312
2024-05-29,192.69126892089844
2024-05-30,193.87791442871094
2024-05-31,197.087646484375
2024-06-03,196.29978942871094
2024-06-04,193.7125701904297
2024-06-05,191.86451721191406
2024-06-06,191.5240936279297
2024-06-07,194.48094177246094
2024-06-10,194.15023803710938
2024-06-11,189.04383850097656
2024-06-12,186.29124450683594
2024-06-13,188.36300659179688
2024-06-14,188.4796905517578
2024-06-17,189.64686584472656
2024-06-18,191.6116180419922
2024-06-20,193.23594665527344
2024-06-21,190.93077087402344
2024-06-24,193.44021606445312
2024-06-25,192.65237426757812
2024-06-26,192.0298614501953
2024-06-27,193.72227478027344
2024-06-28,196.72776794433594
2024-07-01,199.8304901123047
2024-07-02,203.11805725097656
2024-07-03,202.9818878173828
2024-07-05,200.29226684570312
2024-07-08,200.66392517089844
2024-07-09,203.06991577148438
2024-07-10,203.23617553710938
2024-07-11,202.89385986328125
2024-07-12,200.43898010253906
2024-07-15,205.43675231933594
2024-07-16,208.92835998535156
2024-07-17,212.10696411132812
2024-07-18,205.3682861328125
2024-07-19,205.1726837158203
2024-07-22,205.6616973876953
2024-07-23,205.71060180664062
2024-07-24,204.00881958007812
2024-07-25,204.08705139160156
2024-07-26,207.57867431640625
2024-07-29,206.2191925048828
2024-07-30,210.4638671875
2024-07-31,208.12637329101562
2024-08-01,203.39266967773438
2024-08-02,194.76637268066406
2024-08-05,190.61947631835938
2024-08-06,195.94000244140625
2024-08-07,195.99867248535156
2024-08-08,199.57830810546875
2024-08-09,201.2801055908203
2024-08-12,201.6615447998047
2024-08-13,203.3730926513672
2024-08-14,205.62258911132812
2024-08-15,206.90382385253906
2024-08-16,209.2706756591797
2024-08-19,210.7181396484375
2024-08-20,209.80857849121094
2024-08-21,209.8868408203125
2024-08-22,211.8722381591797
2024-08-23,213.5153350830078
2024-08-26,214.35647583007812
2024-08-27,215.34426879882812
2024-08-28,216.42990112304688
2024-08-29,217.32968139648438
2024-08-30,219.86280822753906
2024-09-03,215.46165466308594
2024-09-04,214.512939453125
2024-09-05,212.85028076171875
2024-09-06,207.7938232421875
2024-09-09,212.04827880859375
2024-09-10,201.0453643798828
2024-09-11,202.67868041992188
2024-09-12,202.06251525878906
2024-09-13,199.83261108398438
2024-09-16,203.29486083984375
2024-09-17,204.65432739257812
2024-09-18,202.9720916748047
2024-09-19,205.8572998046875
2024-09-20,206.45391845703125
2024-09-23,206.7962188720703
2024-09-24,206.94293212890625
2024-09-25,205.57369995117188
2024-09-26,205.1726837158203
2024-09-27,205.8768768310547
2024-09-30,206.22897338867188
2024-10-01,202.49285888671875
2024-10-02,202.73736572265625
2024-10-03,200.7226104736328
2024-10-04,207.8470001220703
2024-10-07,207.56161499023438
2024-10-08,207.38449096679688
2024-10-09,210.01185607910156
2024-10-10,209.4411163330078
2024-10-11,218.74020385742188
2024-10-14,217.94314575195312
2024-10-15,218.838623046875
2024-10-16,220.06866455078125
2024-10-17,220.83619689941406
2024-10-18,221.77102661132812
2024-10-21,219.43887329101562
2024-10-22,220.54098510742188
2024-10-23,219.8423309326172
2024-10-24,221.3872528076172
2024-10-25,218.7598876953125
2024-10-28,221.89895629882812
2024-10-29,219.34046936035156
2024-10-30,220.82635498046875
2024-10-31,218.37612915039062
2024-11-01,219.3798370361328
2024-11-04,216.27029418945312
2024-11-05,217.9530029296875
2024-11-06,243.11465454101562
2024-11-07,232.605224609375
2024-11-08,233.1956329345703
2024-11-11,235.46873474121094
2024-11-12,235.7344207763672
2024-11-13,237.30886840820312
2024-11-14,238.0075225830078
2024-11-15,241.39260864257812
2024-11-18,241.11708068847656
2024-11-19,239.2080535888672
2024-11-20,236.9349365234375
2024-11-21,240.85137939453125
2024-11-22,244.58087158203125
2024-11-25,246.29307556152344
2024-11-26,245.97817993164062
2024-11-27,245.80105590820312
2024-11-29,245.732177734375
2024-12-02,242.31759643554688
2024-12-03,240.9104461669922
2024-12-04,239.5131072998047
2024-12-05,241.55987548828125
2024-12-06,243.4098663330078
2024-12-09,239.91656494140625
2024-12-10,238.9817352294922
2024-12-11,239.64102172851562
2024-12-12,237.67295837402344
2024-12-13,236.10836791992188
2024-12-16,235.7541046142578
2024-12-17,234.55360412597656
2024-12-18,226.691162109375
2024-12-19,229.23983764648438
2024-12-20,233.8057403564453
2024-12-23,234.58311462402344
2024-12-24,238.44052124023438
2024-12-26,239.2572479248047
2024-12-27,237.31871032714844
2024-12-30,235.49826049804688
2024-12-31,235.8820343017578
