Date,META
2018-01-02,180.43014526367188
2018-01-03,183.66241455078125
2018-01-04,183.32427978515625
2018-01-05,185.8305206298828
2018-01-08,187.25271606445312
2018-01-09,186.84494018554688
2018-01-10,186.81512451171875
2018-01-11,186.74549865722656
2018-01-12,178.39132690429688
2018-01-16,177.41668701171875
2018-01-17,176.63099670410156
2018-01-18,178.8189697265625
2018-01-19,180.30084228515625
2018-01-22,184.3585968017578
2018-01-23,188.31689453125
2018-01-24,185.5321807861328
2018-01-25,186.45709228515625
2018-01-26,188.9633331298828
2018-01-29,184.96527099609375
2018-01-30,186.0990447998047
2018-01-31,185.8702850341797
2018-02-01,192.03646850585938
2018-02-02,189.24180603027344
2018-02-05,180.27099609375
2018-02-06,184.29893493652344
2018-02-07,179.19691467285156
2018-02-08,170.6438446044922
2018-02-09,175.1491241455078
2018-02-12,175.447509765625
2018-02-13,172.2052764892578
2018-02-14,178.54051208496094
2018-02-15,178.97811889648438
2018-02-16,176.39231872558594
2018-02-20,175.04966735839844
2018-02-21,176.93930053710938
2018-02-22,178.013427734375
2018-02-23,182.2899169921875
2018-02-26,183.92098999023438
2018-02-27,180.4699249267578
2018-02-28,177.34707641601562
2018-03-01,174.98004150390625
2018-03-02,175.65634155273438
2018-03-05,179.41571044921875
2018-03-06,178.79908752441406
2018-03-07,182.70765686035156
2018-03-08,181.34510803222656
2018-03-09,184.2193603515625
2018-03-12,183.75192260742188
2018-03-13,180.8876495361328
2018-03-14,183.18504333496094
2018-03-15,182.85684204101562
2018-03-16,184.0801239013672
2018-03-19,171.6184844970703
2018-03-20,167.23255920410156
2018-03-21,168.46578979492188
2018-03-22,163.99034118652344
2018-03-23,158.5203399658203
2018-03-26,159.1866912841797
2018-03-27,151.38946533203125
2018-03-28,152.19503784179688
2018-03-29,158.91815185546875
2018-04-02,154.54217529296875
2018-04-03,155.25823974609375
2018-04-04,154.25375366210938
2018-04-05,158.47059631347656
2018-04-06,156.34230041503906
2018-04-09,157.06829833984375
2018-04-10,164.13951110839844
2018-04-11,165.4125518798828
2018-04-12,162.9759063720703
2018-04-13,163.6223602294922
2018-04-16,163.93064880371094
2018-04-17,167.73977661132812
2018-04-18,165.45233154296875
2018-04-19,167.18283081054688
2018-04-20,165.37274169921875
2018-04-23,164.93515014648438
2018-04-24,158.8187255859375
2018-04-25,158.8187255859375
2018-04-26,173.2097625732422
2018-04-27,172.6428680419922
2018-04-30,171.06155395507812
2018-05-01,172.91139221191406
2018-05-02,175.10935974121094
2018-05-03,173.07054138183594
2018-05-04,175.64639282226562
2018-05-07,176.99896240234375
2018-05-08,177.9438018798828
2018-05-09,181.66339111328125
2018-05-10,184.51773071289062
2018-05-11,185.96974182128906
2018-05-14,185.62168884277344
2018-05-15,183.31431579589844
2018-05-16,182.20042419433594
2018-05-17,182.7574005126953
2018-05-18,181.6832733154297
2018-05-21,183.4833984375
2018-05-22,182.79718017578125
2018-05-23,185.8802490234375
2018-05-24,184.91554260253906
2018-05-25,183.91102600097656
2018-05-29,184.72657775878906
2018-05-30,186.64605712890625
2018-05-31,190.73362731933594
2018-06-01,192.93157958984375
2018-06-04,192.22544860839844
2018-06-05,191.88729858398438
2018-06-06,190.29603576660156
2018-06-07,187.1532745361328
2018-06-08,188.06826782226562
2018-06-11,190.49493408203125
2018-06-12,191.35023498535156
2018-06-13,191.3601837158203
2018-06-14,195.73617553710938
2018-06-15,194.78143310546875
2018-06-18,197.22799682617188
2018-06-19,196.41246032714844
2018-06-20,200.89785766601562
2018-06-21,200.40060424804688
2018-06-22,200.6392822265625
2018-06-25,195.27870178222656
2018-06-26,197.9142303466797
2018-06-27,194.77146911621094
2018-06-28,195.15933227539062
2018-06-29,193.25975036621094
2018-07-02,196.28318786621094
2018-07-03,191.67843627929688
2018-07-05,197.36721801757812
2018-07-06,202.12112426757812
2018-07-09,203.62290954589844
2018-07-10,202.42945861816406
2018-07-11,201.43490600585938
2018-07-12,205.791015625
2018-07-13,206.1888427734375
2018-07-16,206.0993194580078
2018-07-17,208.84426879882812
2018-07-18,208.21771240234375
2018-07-19,206.95462036132812
2018-07-20,208.79454040527344
2018-07-23,209.75927734375
2018-07-24,213.4987335205078
2018-07-25,216.31329345703125
2018-07-26,175.29827880859375
2018-07-27,173.93576049804688
2018-07-30,170.12667846679688
2018-07-31,171.6383819580078
2018-08-01,170.71343994140625
2018-08-02,175.40768432617188
2018-08-03,176.8100128173828
2018-08-06,184.67686462402344
2018-08-07,182.80711364746094
2018-08-08,184.1696319580078
2018-08-09,182.09103393554688
2018-08-10,179.27645874023438
2018-08-13,179.067626953125
2018-08-14,180.12184143066406
2018-08-15,178.55047607421875
2018-08-16,173.74679565429688
2018-08-17,172.8517303466797
2018-08-20,171.55882263183594
2018-08-21,171.6781768798828
2018-08-22,172.69261169433594
2018-08-23,171.95663452148438
2018-08-24,173.69708251953125
2018-08-27,176.4917755126953
2018-08-28,175.29827880859375
2018-08-29,174.9402618408203
2018-08-30,176.67076110839844
2018-08-31,174.7711944580078
2018-09-04,170.22613525390625
2018-09-05,166.26785278320312
2018-09-06,161.64321899414062
2018-09-07,162.15042114257812
2018-09-10,163.28419494628906
2018-09-11,165.03460693359375
2018-09-12,161.11610412597656
2018-09-13,160.47959899902344
2018-09-14,161.4343719482422
2018-09-17,159.703857421875
2018-09-18,159.42538452148438
2018-09-19,162.17031860351562
2018-09-20,165.1141815185547
2018-09-21,162.04103088378906
2018-09-24,164.5075225830078
2018-09-25,164.01023864746094
2018-09-26,166.03909301757812
2018-09-27,167.91879272460938
2018-09-28,163.56268310546875
2018-10-01,161.5537109375
2018-10-02,158.46067810058594
2018-10-03,161.5437469482422
2018-10-04,157.98330688476562
2018-10-05,156.47158813476562
2018-10-08,156.3920135498047
2018-10-09,157.03848266601562
2018-10-10,150.55404663085938
2018-10-11,152.51332092285156
2018-10-12,152.9011993408203
2018-10-15,152.68238830566406
2018-10-16,157.91368103027344
2018-10-17,158.55018615722656
2018-10-18,154.07473754882812
2018-10-19,153.20948791503906
2018-10-22,153.93548583984375
2018-10-23,153.54763793945312
2018-10-24,145.24317932128906
2018-10-25,150.12640380859375
2018-10-26,144.5768280029297
2018-10-29,141.31472778320312
2018-10-30,145.42218017578125
2018-10-31,150.96180725097656
2018-11-01,150.92202758789062
2018-11-02,149.52969360351562
2018-11-05,147.86878967285156
2018-11-06,149.12188720703125
2018-11-07,150.70323181152344
2018-11-08,147.06320190429688
2018-11-09,144.16908264160156
2018-11-12,140.7777099609375
2018-11-13,141.3843536376953
2018-11-14,143.43310546875
2018-11-15,143.06512451171875
2018-11-16,138.76870727539062
2018-11-19,130.83224487304688
2018-11-20,131.70742797851562
2018-11-21,134.08441162109375
2018-11-23,131.01124572753906
2018-11-26,135.63589477539062
2018-11-27,134.26341247558594
2018-11-28,136.01380920410156
2018-11-29,137.92333984375
2018-11-30,139.8428192138672
2018-12-03,140.3201904296875
2018-12-04,137.17742919921875
2018-12-06,138.86817932128906
2018-12-07,136.6702117919922
2018-12-10,141.0760498046875
2018-12-11,141.3048095703125
2018-12-12,143.71157836914062
2018-12-13,144.2187957763672
2018-12-14,143.2739715576172
2018-12-17,139.42510986328125
2018-12-18,142.8761749267578
2018-12-19,132.51303100585938
2018-12-20,132.67213439941406
2018-12-21,124.26824951171875
2018-12-24,123.38310241699219
2018-12-26,133.44789123535156
2018-12-27,133.78604125976562
2018-12-28,132.47325134277344
2018-12-31,130.374755859375
2019-01-02,134.939697265625
2019-01-03,131.02120971679688
2019-01-04,137.1973114013672
2019-01-07,137.29676818847656
2019-01-08,141.75234985351562
2019-01-09,143.44305419921875
2019-01-10,143.41322326660156
2019-01-11,143.01539611816406
2019-01-14,144.59674072265625
2019-01-15,148.13731384277344
2019-01-16,146.73500061035156
2019-01-17,147.49087524414062
2019-01-18,149.2213592529297
2019-01-22,146.76483154296875
2019-01-23,143.5126953125
2019-01-24,145.03433227539062
2019-01-25,148.1969757080078
2019-01-28,146.66539001464844
2019-01-29,143.40325927734375
2019-01-30,149.59927368164062
2019-01-31,165.78048706054688
2019-02-01,164.8058624267578
2019-02-04,168.3265380859375
2019-02-05,170.22613525390625
2019-02-06,169.55978393554688
2019-02-07,165.47222900390625
2019-02-08,166.4170379638672
2019-02-11,164.8854217529297
2019-02-12,164.13951110839844
2019-02-13,163.17483520507812
2019-02-14,163.05548095703125
2019-02-15,161.61338806152344
2019-02-19,161.40451049804688
2019-02-20,161.6730499267578
2019-02-21,159.1667938232422
2019-02-22,161.00669860839844
2019-02-25,163.72181701660156
2019-02-26,163.23448181152344
2019-02-27,161.92169189453125
2019-02-28,160.56910705566406
2019-03-01,161.39459228515625
2019-03-04,166.45680236816406
2019-03-05,170.32557678222656
2019-03-06,171.56874084472656
2019-03-07,168.2072296142578
2019-03-08,168.67462158203125
2019-03-11,171.1311798095703
2019-03-12,170.98199462890625
2019-03-13,172.42405700683594
2019-03-14,169.2415313720703
2019-03-15,165.0743865966797
2019-03-18,159.59446716308594
2019-03-19,160.68844604492188
2019-03-20,164.53733825683594
2019-03-21,165.17384338378906
2019-03-22,163.4433135986328
2019-03-25,165.38272094726562
2019-03-26,166.76510620117188
2019-03-27,164.96499633789062
2019-03-28,164.64675903320312
2019-03-29,165.78048706054688
2019-04-01,167.77955627441406
2019-04-02,173.24952697753906
2019-04-03,172.59312438964844
2019-04-04,175.0596160888672
2019-04-05,174.76124572753906
2019-04-08,173.97555541992188
2019-04-09,176.61109924316406
2019-04-10,176.8498077392578
2019-04-11,176.54147338867188
2019-04-12,178.12283325195312
2019-04-15,178.6697998046875
2019-04-16,177.89405822753906
2019-04-17,177.8045654296875
2019-04-18,177.3072967529297
2019-04-22,180.45005798339844
2019-04-23,182.7772979736328
2019-04-24,181.5838165283203
2019-04-25,192.20553588867188
2019-04-26,190.44520568847656
2019-04-29,193.71726989746094
2019-04-30,192.3448028564453
2019-05-01,191.97679138183594
2019-05-02,191.47952270507812
2019-05-03,194.40350341796875
2019-05-06,192.82217407226562
2019-05-07,188.73458862304688
2019-05-08,188.50582885742188
2019-05-09,187.62069702148438
2019-05-10,187.31239318847656
2019-05-13,180.54949951171875
2019-05-14,179.74391174316406
2019-05-15,185.25369262695312
2019-05-16,185.96974182128906
2019-05-17,184.28897094726562
2019-05-20,181.72305297851562
2019-05-21,183.8115997314453
2019-05-22,184.30885314941406
2019-05-23,179.88316345214844
2019-05-24,180.07211303710938
2019-05-28,183.30438232421875
2019-05-29,181.19593811035156
2019-05-30,182.011474609375
2019-05-31,176.50169372558594
2019-06-03,163.25436401367188
2019-06-04,166.5861053466797
2019-06-05,167.25241088867188
2019-06-06,167.41156005859375
2019-06-07,172.40419006347656
2019-06-10,173.8661651611328
2019-06-11,177.12828063964844
2019-06-12,174.08494567871094
2019-06-13,176.50169372558594
2019-06-14,180.3406524658203
2019-06-17,187.97872924804688
2019-06-18,187.44168090820312
2019-06-19,186.45709228515625
2019-06-20,188.4958953857422
2019-06-21,190.09710693359375
2019-06-24,191.5491485595703
2019-06-25,187.80967712402344
2019-06-26,186.63609313964844
2019-06-27,188.46604919433594
2019-06-28,191.94696044921875
2019-07-01,191.94696044921875
2019-07-02,193.93605041503906
2019-07-03,196.12403869628906
2019-07-05,195.32839965820312
2019-07-08,194.69190979003906
2019-07-09,198.12307739257812
2019-07-10,201.62387084960938
2019-07-11,200.13206481933594
2019-07-12,203.75221252441406
2019-07-15,202.79742431640625
2019-07-16,202.72781372070312
2019-07-17,200.69895935058594
2019-07-18,199.68450927734375
2019-07-19,197.27772521972656
2019-07-22,201.21612548828125
2019-07-23,201.25588989257812
2019-07-24,203.5433349609375
2019-07-25,199.61489868164062
2019-07-26,198.66014099121094
2019-07-29,194.8709259033203
2019-07-30,195.9649200439453
2019-07-31,193.17025756835938
2019-08-01,191.67843627929688
2019-08-02,187.9886932373047
2019-08-05,180.7384490966797
2019-08-06,183.50326538085938
2019-08-07,184.13978576660156
2019-08-08,189.12245178222656
2019-08-09,186.8250732421875
2019-08-12,184.3585968017578
2019-08-13,187.42176818847656
2019-08-14,178.7294921875
2019-08-15,181.59376525878906
2019-08-16,182.69772338867188
2019-08-19,185.15423583984375
2019-08-20,182.80711364746094
2019-08-21,182.5485382080078
2019-08-22,181.04676818847656
2019-08-23,176.78018188476562
2019-08-26,179.37591552734375
2019-08-27,180.31080627441406
2019-08-28,180.76828002929688
2019-08-29,184.55751037597656
2019-08-30,184.65696716308594
2019-09-03,181.3948516845703
2019-09-04,186.11892700195312
2019-09-05,189.85841369628906
2019-09-06,186.46702575683594
2019-09-09,187.7301025390625
2019-09-10,185.15423583984375
2019-09-11,187.46156311035156
2019-09-12,186.44712829589844
2019-09-13,186.16868591308594
2019-09-16,185.20396423339844
2019-09-17,187.05381774902344
2019-09-18,187.11349487304688
2019-09-19,189.10255432128906
2019-09-20,188.89369201660156
2019-09-23,185.80068969726562
2019-09-24,180.29090881347656
2019-09-25,181.80262756347656
2019-09-26,179.12730407714844
2019-09-27,176.1337432861328
2019-09-30,177.10838317871094
2019-10-01,174.85076904296875
2019-10-02,173.6473388671875
2019-10-03,178.40127563476562
2019-10-04,179.46543884277344
2019-10-07,178.69964599609375
2019-10-08,176.78018188476562
2019-10-09,178.8687286376953
2019-10-10,179.04771423339844
2019-10-11,183.18504333496094
2019-10-14,182.28001403808594
2019-10-15,187.85939025878906
2019-10-16,188.5157928466797
2019-10-17,189.35121154785156
2019-10-18,184.83596801757812
2019-10-21,188.72462463378906
2019-10-22,181.34510803222656
2019-10-23,185.1343536376953
2019-10-24,185.3631134033203
2019-10-25,186.86483764648438
2019-10-28,188.3665771484375
2019-10-29,188.27708435058594
2019-10-30,187.22288513183594
2019-10-31,190.60433959960938
2019-11-01,192.56358337402344
2019-11-04,193.65756225585938
2019-11-05,193.25975036621094
2019-11-06,190.50489807128906
2019-11-07,189.38104248046875
2019-11-08,189.7987518310547
2019-11-11,188.57546997070312
2019-11-12,193.40895080566406
2019-11-13,192.1359405517578
2019-11-14,192.09613037109375
2019-11-15,194.0355224609375
2019-11-18,196.32296752929688
2019-11-19,198.2324676513672
2019-11-20,196.43234252929688
2019-11-21,196.85006713867188
2019-11-22,197.73521423339844
2019-11-25,198.69992065429688
2019-11-26,197.88438415527344
2019-11-27,200.89785766601562
2019-11-29,200.53982543945312
2019-12-02,198.6103973388672
2019-12-03,197.73521423339844
2019-12-04,197.6258087158203
2019-12-05,198.2722625732422
2019-12-06,199.9530487060547
2019-12-09,200.24147033691406
2019-12-10,199.77403259277344
2019-12-11,201.15643310546875
2019-12-12,195.67649841308594
2019-12-13,193.0509033203125
2019-12-16,196.84010314941406
2019-12-17,197.3075408935547
2019-12-18,201.3951416015625
2019-12-19,204.93568420410156
2019-12-20,205.17440795898438
2019-12-23,205.0550537109375
2019-12-24,204.00082397460938
2019-12-26,206.65626525878906
2019-12-27,206.964599609375
2019-12-30,203.2947235107422
2019-12-31,204.13014221191406
2020-01-02,208.63539123535156
2020-01-03,207.53147888183594
2020-01-06,211.44003295898438
2020-01-07,211.8975067138672
2020-01-08,214.04571533203125
2020-01-09,217.1089324951172
2020-01-10,216.87022399902344
2020-01-13,220.69924926757812
2020-01-14,217.86477661132812
2020-01-15,219.94337463378906
2020-01-16,220.55999755859375
2020-01-17,220.92796325683594
2020-01-21,220.23179626464844
2020-01-22,220.11244201660156
2020-01-23,218.56094360351562
2020-01-24,216.7509002685547
2020-01-27,213.69766235351562
2020-01-28,216.60169982910156
2020-01-29,222.01202392578125
2020-01-30,208.38677978515625
2020-01-31,200.808349609375
2020-02-03,203.075927734375
2020-02-04,208.68511962890625
2020-02-05,208.96360778808594
2020-02-06,209.6995849609375
2020-02-07,211.17149353027344
2020-02-10,211.8975067138672
2020-02-11,206.05955505371094
2020-02-12,209.61004638671875
2020-02-13,211.97708129882812
2020-02-14,213.0113983154297
2020-02-18,216.6116485595703
2020-02-19,216.30335998535156
2020-02-20,213.4092254638672
2020-02-21,209.033203125
2020-02-24,199.62484741210938
2020-02-25,195.69639587402344
2020-02-26,196.12403869628906
2020-02-27,188.71470642089844
2020-02-28,191.41986083984375
2020-03-02,195.36819458007812
2020-03-03,184.87574768066406
2020-03-04,190.71371459960938
2020-03-05,184.15968322753906
2020-03-06,180.10194396972656
2020-03-09,168.57518005371094
2020-03-10,177.21775817871094
2020-03-11,169.3111572265625
2020-03-12,153.627197265625
2020-03-13,169.35092163085938
2020-03-16,145.21336364746094
2020-03-17,148.604736328125
2020-03-18,146.1581573486328
2020-03-19,152.29449462890625
2020-03-20,148.91305541992188
2020-03-23,147.2919464111328
2020-03-24,160.10165405273438
2020-03-25,155.3577117919922
2020-03-26,162.4488067626953
2020-03-27,155.93450927734375
2020-03-30,165.04454040527344
2020-03-31,165.88990783691406
2020-04-01,158.72918701171875
2020-04-02,157.32688903808594
2020-04-03,153.33876037597656
2020-04-06,164.64675903320312
2020-04-07,167.90884399414062
2020-04-08,173.32907104492188
2020-04-09,174.23414611816406
2020-04-13,173.83631896972656
2020-04-14,177.19786071777344
2020-04-15,176.00442504882812
2020-04-16,175.2883758544922
2020-04-17,178.2620391845703
2020-04-20,177.26751708984375
2020-04-21,169.86810302734375
2020-04-22,181.28546142578125
2020-04-23,184.11990356445312
2020-04-24,189.03297424316406
2020-04-27,186.47698974609375
2020-04-28,181.91201782226562
2020-04-29,193.13047790527344
2020-04-30,203.59307861328125
2020-05-01,201.16639709472656
2020-05-04,204.1400604248047
2020-05-05,205.94021606445312
2020-05-06,207.33255004882812
2020-05-07,210.10731506347656
2020-05-08,211.19139099121094
2020-05-11,212.01686096191406
2020-05-12,208.95367431640625
2020-05-13,203.98095703125
2020-05-14,205.681640625
2020-05-15,209.7294158935547
2020-05-18,212.02679443359375
2020-05-19,215.69668579101562
2020-05-20,228.71527099609375
2020-05-21,230.12750244140625
2020-05-22,233.6282958984375
2020-05-26,230.93307495117188
2020-05-27,227.88980102539062
2020-05-28,224.22987365722656
2020-05-29,223.86187744140625
2020-06-01,230.64468383789062
2020-06-02,231.45025634765625
2020-06-03,228.90423583984375
2020-06-04,225.05531311035156
2020-06-05,229.51089477539062
2020-06-08,230.137451171875
2020-06-09,237.36778259277344
2020-06-10,235.43836975097656
2020-06-11,223.20545959472656
2020-06-12,227.33282470703125
2020-06-15,231.2314453125
2020-06-16,234.3642578125
2020-06-17,234.24493408203125
2020-06-18,234.65267944335938
2020-06-19,237.48712158203125
2020-06-22,237.91477966308594
2020-06-23,240.91830444335938
2020-06-24,232.7431640625
2020-06-25,234.39410400390625
2020-06-26,214.90103149414062
2020-06-29,219.43617248535156
2020-06-30,225.83108520507812
2020-07-01,236.25387573242188
2020-07-02,232.1464385986328
2020-07-06,238.968994140625
2020-07-07,239.5458221435547
2020-07-08,242.2509765625
2020-07-09,243.16600036621094
2020-07-10,243.7328643798828
2020-07-13,237.69598388671875
2020-07-14,238.42201232910156
2020-07-15,238.968994140625
2020-07-16,239.61544799804688
2020-07-17,240.70945739746094
2020-07-20,244.08094787597656
2020-07-21,240.43096923828125
2020-07-22,238.56124877929688
2020-07-23,231.33090209960938
2020-07-24,229.4512481689453
2020-07-27,232.22601318359375
2020-07-28,228.8644256591797
2020-07-29,232.0171356201172
2020-07-30,233.22055053710938
2020-07-31,252.2859344482422
2020-08-03,250.5852813720703
2020-08-04,248.46690368652344
2020-08-05,247.76075744628906
2020-08-06,263.8326110839844
2020-08-07,266.9753112792969
2020-08-10,261.56500244140625
2020-08-11,254.7325439453125
2020-08-12,258.4720153808594
2020-08-13,259.8742980957031
2020-08-14,259.81463623046875
2020-08-17,259.735107421875
2020-08-18,260.9086608886719
2020-08-19,261.1572265625
2020-08-20,267.5422668457031
2020-08-21,265.5531921386719
2020-08-24,269.9092712402344
2020-08-25,279.287841796875
2020-08-26,302.2518310546875
2020-08-27,291.6201477050781
2020-08-28,292.0577087402344
2020-08-31,291.6002502441406
2020-09-01,293.8280334472656
2020-09-02,300.8494873046875
2020-09-03,289.5315856933594
2020-09-04,281.1873779296875
2020-09-08,269.6805114746094
2020-09-09,272.2265625
2020-09-10,266.62725830078125
2020-09-11,265.15533447265625
2020-09-14,264.6978454589844
2020-09-15,270.9336853027344
2020-09-16,262.0821838378906
2020-09-17,253.42967224121094
2020-09-18,251.15216064453125
2020-09-21,246.79605102539062
2020-09-22,253.36004638671875
2020-09-23,247.6613311767578
2020-09-24,248.1685333251953
2020-09-25,253.42967224121094
2020-09-28,255.4187469482422
2020-09-29,260.36163330078125
2020-09-30,260.4710388183594
2020-10-01,265.1752624511719
2020-10-02,258.521728515625
2020-10-05,263.2060546875
2020-10-06,257.2487487792969
2020-10-07,256.7116394042969
2020-10-08,262.3208923339844
2020-10-09,263.00714111328125
2020-10-12,274.2454833984375
2020-10-13,274.63336181640625
2020-10-14,270.3369140625
2020-10-15,265.2647399902344
2020-10-16,264.47900390625
2020-10-19,259.9737548828125
2020-10-20,266.10015869140625
2020-10-21,277.209228515625
2020-10-22,276.6025085449219
2020-10-23,283.2361755371094
2020-10-26,275.5980224609375
2020-10-27,281.744384765625
2020-10-28,266.2095642089844
2020-10-29,279.2976989746094
2020-10-30,261.67437744140625
2020-11-02,259.9339599609375
2020-11-03,263.85247802734375
2020-11-04,285.81201171875
2020-11-05,293.0721435546875
2020-11-06,291.80914306640625
2020-11-09,277.24896240234375
2020-11-10,270.9435729980469
2020-11-11,274.97149658203125
2020-11-12,273.5791320800781
2020-11-13,275.43896484375
2020-11-16,277.43792724609375
2020-11-17,273.49957275390625
2020-11-18,270.4861145019531
2020-11-19,271.4507751464844
2020-11-20,268.2284851074219
2020-11-23,266.9654541015625
2020-11-24,275.40911865234375
2020-11-25,274.08636474609375
2020-11-27,276.2942199707031
2020-11-30,275.45880126953125
2020-12-01,284.986572265625
2020-12-02,285.95123291015625
2020-12-03,280.31219482421875
2020-12-04,278.1739196777344
2020-12-07,284.0218200683594
2020-12-08,281.8537292480469
2020-12-09,276.40362548828125
2020-12-10,275.60797119140625
2020-12-11,272.05743408203125
2020-12-14,272.6939697265625
2020-12-15,274.04656982421875
2020-12-16,274.1658935546875
2020-12-17,272.982421875
2020-12-18,274.89190673828125
2020-12-21,271.3016052246094
2020-12-22,265.6327209472656
2020-12-23,266.6471862792969
2020-12-24,265.9410400390625
2020-12-28,275.4886474609375
2020-12-29,275.26983642578125
2020-12-30,270.38665771484375
2020-12-31,271.66961669921875
2021-01-04,267.47265625
2021-01-05,269.4915466308594
2021-01-06,261.8733215332031
2021-01-07,267.2737121582031
2021-01-08,266.1100769042969
2021-01-11,255.43865966796875
2021-01-12,249.7200164794922
2021-01-13,250.2670135498047
2021-01-14,244.29974365234375
2021-01-15,249.98855590820312
2021-01-19,259.6754150390625
2021-01-20,266.02056884765625
2021-01-21,271.38116455078125
2021-01-22,273.00225830078125
2021-01-25,276.4931640625
2021-01-26,280.5110778808594
2021-01-27,270.6551818847656
2021-01-28,263.55413818359375
2021-01-29,256.9205017089844
2021-02-01,260.5804138183594
2021-02-02,265.6227722167969
2021-02-03,265.195068359375
2021-02-04,265.0359802246094
2021-02-05,266.63720703125
2021-02-08,265.1255187988281
2021-02-09,267.9798278808594
2021-02-10,270.38665771484375
2021-02-11,268.9147644042969
2021-02-12,269.0241394042969
2021-02-16,272.47515869140625
2021-02-17,272.0773620605469
2021-02-18,267.9201965332031
2021-02-19,260.13287353515625
2021-02-22,258.90960693359375
2021-02-23,264.4093933105469
2021-02-24,262.86785888671875
2021-02-25,253.30039978027344
2021-02-26,256.21441650390625
2021-03-01,263.4646301269531
2021-03-02,257.5868835449219
2021-03-03,254.01646423339844
2021-03-04,256.2342834472656
2021-03-05,262.83807373046875
2021-03-08,253.91700744628906
2021-03-09,264.2900695800781
2021-03-10,263.4546203613281
2021-03-11,272.3856506347656
2021-03-12,266.9355773925781
2021-03-15,272.2563781738281
2021-03-16,277.7561950683594
2021-03-17,282.4604187011719
2021-03-18,277.0998229980469
2021-03-19,288.5271301269531
2021-03-22,291.9383544921875
2021-03-23,289.04425048828125
2021-03-24,280.60064697265625
2021-03-25,277.2191467285156
2021-03-26,281.47576904296875
2021-03-29,289.2332458496094
2021-03-30,286.4285888671875
2021-03-31,292.9230041503906
2021-04-01,297.030517578125
2021-04-05,307.22454833984375
2021-04-06,304.5889892578125
2021-04-07,311.3817443847656
2021-04-08,311.31207275390625
2021-04-09,310.75518798828125
2021-04-12,309.8402099609375
2021-04-13,308.0699157714844
2021-04-14,301.1677551269531
2021-04-15,306.1405029296875
2021-04-16,304.5094299316406
2021-04-19,300.5909118652344
2021-04-20,300.9986877441406
2021-04-21,299.8251037597656
2021-04-22,294.90216064453125
2021-04-23,299.48699951171875
2021-04-26,301.3866271972656
2021-04-27,301.9136657714844
2021-04-28,305.4244384765625
2021-04-29,327.712158203125
2021-04-30,323.3062744140625
2021-05-03,320.8199768066406
2021-05-04,316.6229553222656
2021-05-05,313.3011779785156
2021-05-06,318.2739562988281
2021-05-07,317.3390197753906
2021-05-10,304.300537109375
2021-05-11,304.8575134277344
2021-05-12,300.8992614746094
2021-05-13,303.594482421875
2021-05-14,314.2161865234375
2021-05-17,313.7388000488281
2021-05-18,308.2688293457031
2021-05-19,311.8790283203125
2021-05-20,316.87164306640625
2021-05-21,314.5046081542969
2021-05-24,322.8587951660156
2021-05-25,326.0015563964844
2021-05-26,325.87225341796875
2021-05-27,330.9344787597656
2021-05-28,326.9364013671875
2021-06-01,327.3341979980469
2021-06-02,327.3541259765625
2021-06-03,324.2611389160156
2021-06-04,328.5475769042969
2021-06-07,334.7435302734375
2021-06-08,331.85943603515625
2021-06-09,328.4481201171875
2021-06-10,330.64605712890625
2021-06-11,329.4526062011719
2021-06-14,334.9324951171875
2021-06-15,334.9126892089844
2021-06-16,329.2735595703125
2021-06-17,334.6739501953125
2021-06-18,327.8612976074219
2021-06-21,330.47698974609375
2021-06-22,337.18023681640625
2021-06-23,338.7316589355469
2021-06-24,341.30755615234375
2021-06-25,339.5074462890625
2021-06-28,353.6996154785156
2021-06-29,349.9700927734375
2021-06-30,345.8128662109375
2021-07-01,352.4564208984375
2021-07-02,352.76470947265625
2021-07-06,350.8551940917969
2021-07-07,348.5776062011719
2021-07-08,343.7640686035156
2021-07-09,348.5080871582031
2021-07-12,351.2331237792969
2021-07-13,350.1689453125
2021-07-14,345.7333068847656
2021-07-15,342.58056640625
2021-07-16,339.2985534667969
2021-07-19,335.1115417480469
2021-07-20,339.7958679199219
2021-07-21,344.3409423828125
2021-07-22,349.27386474609375
2021-07-23,367.77239990234375
2021-07-26,370.4277648925781
2021-07-27,365.8031311035156
2021-07-28,371.2433776855469
2021-07-29,356.3649597167969
2021-07-30,354.3559875488281
2021-08-02,350.02972412109375
2021-08-03,349.3235778808594
2021-08-04,356.961669921875
2021-08-05,360.9895935058594
2021-08-06,361.5266418457031
2021-08-09,359.6369934082031
2021-08-10,359.1596374511719
2021-08-11,357.9960021972656
2021-08-12,360.6712951660156
2021-08-13,361.1984558105469
2021-08-16,364.5600280761719
2021-08-17,356.4942626953125
2021-08-18,353.5106201171875
2021-08-19,353.1824035644531
2021-08-20,357.4092102050781
2021-08-23,361.3675231933594
2021-08-24,363.5157165527344
2021-08-25,366.38006591796875
2021-08-26,362.3918762207031
2021-08-27,370.59686279296875
2021-08-30,378.58306884765625
2021-08-31,377.3100280761719
2021-09-01,379.9654846191406
2021-09-02,373.232421875
2021-09-03,374.2070617675781
2021-09-07,380.0947570800781
2021-09-08,375.5099182128906
2021-09-09,375.93756103515625
2021-09-10,376.6238098144531
2021-09-13,374.45574951171875
2021-09-14,374.4755859375
2021-09-15,371.8798522949219
2021-09-16,371.0245666503906
2021-09-17,362.73004150390625
2021-09-20,353.7592468261719
2021-09-21,355.529541015625
2021-09-22,341.33740234375
2021-09-23,344.0724182128906
2021-09-24,351.0342102050781
2021-09-27,351.6507873535156
2021-09-28,338.7913513183594
2021-09-29,337.75701904296875
2021-09-30,337.53826904296875
2021-10-01,341.1385498046875
2021-10-04,324.4500732421875
2021-10-05,331.1433410644531
2021-10-06,331.81964111328125
2021-10-07,327.4237365722656
2021-10-08,328.24920654296875
2021-10-11,323.6742858886719
2021-10-12,322.0034484863281
2021-10-13,322.7692565917969
2021-10-14,326.7374572753906
2021-10-15,322.98809814453125
2021-10-18,333.51031494140625
2021-10-19,338.1349792480469
2021-10-20,338.9206237792969
2021-10-21,340.0146484375
2021-10-22,322.8388977050781
2021-10-25,326.8966369628906
2021-10-26,314.0869445800781
2021-10-27,310.5164794921875
2021-10-28,315.1908264160156
2021-10-29,321.8045349121094
2021-11-01,328.1795959472656
2021-11-02,326.2899169921875
2021-11-03,329.8106384277344
2021-11-04,334.0175476074219
2021-11-05,339.26873779296875
2021-11-08,336.77239990234375
2021-11-09,333.5401916503906
2021-11-10,325.8523864746094
2021-11-11,325.9518127441406
2021-11-12,339.0300598144531
2021-11-15,345.6636962890625
2021-11-16,341.0887451171875
2021-11-17,338.9107360839844
2021-11-18,336.842041015625
2021-11-19,343.41595458984375
2021-11-22,339.1494140625
2021-11-23,335.409912109375
2021-11-24,339.19915771484375
2021-11-26,331.30242919921875
2021-11-29,336.1856689453125
2021-11-30,322.689697265625
2021-12-01,308.90533447265625
2021-12-02,308.69647216796875
2021-12-03,305.16583251953125
2021-12-06,316.13568115234375
2021-12-07,321.0487060546875
2021-12-08,328.75640869140625
2021-12-09,328.0204772949219
2021-12-10,327.9508361816406
2021-12-13,332.66497802734375
2021-12-14,331.9190673828125
2021-12-15,339.7958679199219
2021-12-16,333.07269287109375
2021-12-17,331.96881103515625
2021-12-20,323.6742858886719
2021-12-21,332.3766174316406
2021-12-22,328.64703369140625
2021-12-23,333.4108581542969
2021-12-27,344.2911682128906
2021-12-28,344.3309631347656
2021-12-29,341.0688781738281
2021-12-30,342.4811096191406
2021-12-31,334.51483154296875
2022-01-03,336.6929016113281
2022-01-04,334.6938171386719
2022-01-05,322.4013366699219
2022-01-06,330.64605712890625
2022-01-07,329.9797058105469
2022-01-10,326.2799987792969
2022-01-11,332.545654296875
2022-01-12,331.4416809082031
2022-01-13,324.6986999511719
2022-01-14,330.0890808105469
2022-01-18,316.4141540527344
2022-01-19,317.8462829589844
2022-01-20,314.83282470703125
2022-01-21,301.5158996582031
2022-01-24,307.025634765625
2022-01-25,298.5123596191406
2022-01-26,293.0224914550781
2022-01-27,293.0324401855469
2022-01-28,300.0638122558594
2022-01-31,311.5508117675781
2022-02-01,317.25946044921875
2022-02-02,321.2376708984375
2022-02-03,236.46273803710938
2022-02-04,235.79641723632812
2022-02-07,223.68287658691406
2022-02-08,218.9786376953125
2022-02-09,230.7341766357422
2022-02-10,226.8256378173828
2022-02-11,218.35211181640625
2022-02-14,216.51220703125
2022-02-15,219.794189453125
2022-02-16,215.35853576660156
2022-02-17,206.57672119140625
2022-02-18,205.03517150878906
2022-02-22,200.97743225097656
2022-02-23,197.36721801757812
2022-02-24,206.46731567382812
2022-02-25,209.33157348632812
2022-02-28,209.8785858154297
2022-03-01,202.37973022460938
2022-03-02,206.97451782226562
2022-03-03,201.862548828125
2022-03-04,198.96841430664062
2022-03-07,186.44712829589844
2022-03-08,189.25173950195312
2022-03-09,197.41697692871094
2022-03-10,194.14492797851562
2022-03-11,186.5863800048828
2022-03-14,185.61170959472656
2022-03-15,190.9822540283203
2022-03-16,202.5189666748047
2022-03-17,206.7060089111328
2022-03-18,215.30880737304688
2022-03-21,210.33609008789062
2022-03-22,215.46792602539062
2022-03-23,212.29534912109375
2022-03-24,218.37200927734375
2022-03-25,220.60971069335938
2022-03-28,222.37005615234375
2022-03-29,228.60585021972656
2022-03-30,226.60682678222656
2022-03-31,221.14678955078125
2022-04-01,223.62319946289062
2022-04-04,232.61386108398438
2022-04-05,230.5750274658203
2022-04-06,222.08164978027344
2022-04-07,221.73353576660156
2022-04-08,221.116943359375
2022-04-11,215.27896118164062
2022-04-12,212.97161865234375
2022-04-13,213.81698608398438
2022-04-14,209.033203125
2022-04-18,209.62001037597656
2022-04-19,216.1243133544922
2022-04-20,199.3264617919922
2022-04-21,187.04385375976562
2022-04-22,183.10545349121094
2022-04-25,185.96974182128906
2022-04-26,179.96273803710938
2022-04-27,173.99546813964844
2022-04-28,204.60752868652344
2022-04-29,199.376220703125
2022-05-02,209.97805786132812
2022-05-03,210.8731231689453
2022-05-04,222.1910400390625
2022-05-05,207.1436004638672
2022-05-06,202.658203125
2022-05-09,195.1394805908203
2022-05-10,196.5715789794922
2022-05-11,187.71022033691406
2022-05-12,190.19656372070312
2022-05-13,197.5363006591797
2022-05-16,198.94854736328125
2022-05-17,201.51446533203125
2022-05-18,191.19113159179688
2022-05-19,190.2462921142578
2022-05-20,192.48402404785156
2022-05-23,195.15933227539062
2022-05-24,180.29090881347656
2022-05-25,182.82701110839844
2022-05-26,190.58445739746094
2022-05-27,194.0653533935547
2022-05-31,192.58349609375
2022-06-01,187.61074829101562
2022-06-02,197.77500915527344
2022-06-03,189.73907470703125
2022-06-06,193.19015502929688
2022-06-07,194.58250427246094
2022-06-08,195.56712341308594
2022-06-09,182.99607849121094
2022-06-10,174.61207580566406
2022-06-13,163.36376953125
2022-06-14,162.83663940429688
2022-06-15,168.42601013183594
2022-06-16,159.9922637939453
2022-06-17,162.8466339111328
2022-06-21,156.193115234375
2022-06-22,154.99966430664062
2022-06-23,157.88385009765625
2022-06-24,169.23159790039062
2022-06-27,168.56524658203125
2022-06-28,159.80328369140625
2022-06-29,163.04551696777344
2022-06-30,160.37020874023438
2022-07-01,159.15684509277344
2022-07-05,167.27232360839844
2022-07-06,168.8437042236328
2022-07-07,171.25050354003906
2022-07-08,169.94766235351562
2022-07-11,161.99130249023438
2022-07-12,162.37918090820312
2022-07-13,162.5979766845703
2022-07-14,157.1876678466797
2022-07-15,163.80136108398438
2022-07-18,166.31756591796875
2022-07-19,174.82090759277344
2022-07-20,182.09103393554688
2022-07-21,182.17059326171875
2022-07-22,168.34645080566406
2022-07-25,165.74073791503906
2022-07-26,158.28164672851562
2022-07-27,168.65475463867188
2022-07-28,159.8430938720703
2022-07-29,158.23193359375
2022-08-01,159.05740356445312
2022-08-02,159.31597900390625
2022-08-03,167.87901306152344
2022-08-04,169.6393585205078
2022-08-05,166.19821166992188
2022-08-08,169.32110595703125
2022-08-09,167.61045837402344
2022-08-10,177.36695861816406
2022-08-11,176.52159118652344
2022-08-12,179.51516723632812
2022-08-15,179.90304565429688
2022-08-16,178.4907989501953
2022-08-17,173.89599609375
2022-08-18,173.70701599121094
2022-08-19,167.04359436035156
2022-08-22,162.16038513183594
2022-08-23,160.23097229003906
2022-08-24,162.36923217773438
2022-08-25,167.85911560058594
2022-08-26,160.89732360839844
2022-08-29,158.30154418945312
2022-08-30,156.30252075195312
2022-08-31,162.04103088378906
2022-09-01,164.45777893066406
2022-09-02,159.4452667236328
2022-09-06,157.67498779296875
2022-09-07,159.514892578125
2022-09-08,161.17575073242188
2022-09-09,168.22708129882812
2022-09-12,168.0381622314453
2022-09-13,152.29449462890625
2022-09-14,150.6435546875
2022-09-15,148.73403930664062
2022-09-16,145.49183654785156
2022-09-19,147.21240234375
2022-09-20,145.2929229736328
2022-09-21,141.34458923339844
2022-09-22,142.040771484375
2022-09-23,139.6439208984375
2022-09-26,135.62594604492188
2022-09-27,133.66668701171875
2022-09-28,140.83734130859375
2022-09-29,135.6657257080078
2022-09-30,134.939697265625
2022-10-03,137.85372924804688
2022-10-04,139.5146026611328
2022-10-05,138.22169494628906
2022-10-06,138.3112335205078
2022-10-07,132.7218780517578
2022-10-10,133.0600128173828
2022-10-11,127.83863830566406
2022-10-12,126.80433654785156
2022-10-13,129.57913208007812
2022-10-14,126.0683822631836
2022-10-17,133.3086395263672
2022-10-18,132.075439453125
2022-10-19,132.50308227539062
2022-10-20,130.81236267089844
2022-10-21,129.30064392089844
2022-10-24,129.01222229003906
2022-10-25,136.7597198486328
2022-10-26,129.1116943359375
2022-10-27,97.40562438964844
2022-10-28,98.65875244140625
2022-10-31,92.6517105102539
2022-11-01,94.68057250976562
2022-11-02,90.0459976196289
2022-11-03,88.4249038696289
2022-11-04,90.29463958740234
2022-11-07,96.19229125976562
2022-11-08,95.94364929199219
2022-11-09,100.91637420654297
2022-11-10,111.2596206665039
2022-11-11,112.40335083007812
2022-11-14,113.5968017578125
2022-11-15,116.44120025634766
2022-11-16,112.61219787597656
2022-11-17,110.84191131591797
2022-11-18,111.43865203857422
2022-11-21,109.26058197021484
2022-11-22,110.83197021484375
2022-11-23,111.62760162353516
2022-11-25,110.80213928222656
2022-11-28,108.18647766113281
2022-11-29,108.8627700805664
2022-11-30,117.45562744140625
2022-12-01,119.78286743164062
2022-12-02,122.81622314453125
2022-12-05,121.76200866699219
2022-12-06,113.49735260009766
2022-12-07,113.30838012695312
2022-12-08,114.70074462890625
2022-12-09,115.26763153076172
2022-12-12,114.08413696289062
2022-12-13,119.49444580078125
2022-12-14,120.92657470703125
2022-12-15,115.51627349853516
2022-12-16,118.77837371826172
2022-12-19,113.85538482666016
2022-12-20,116.45114135742188
2022-12-21,119.10657501220703
2022-12-22,116.48098754882812
2022-12-23,117.39596557617188
2022-12-27,116.2422866821289
2022-12-28,114.98916625976562
2022-12-29,119.60385131835938
2022-12-30,119.68340301513672
2023-01-03,124.05939483642578
2023-01-04,126.67505645751953
2023-01-05,126.24740600585938
2023-01-06,129.31057739257812
2023-01-09,128.7635955810547
2023-01-10,132.264404296875
2023-01-11,132.16493225097656
2023-01-12,135.96408081054688
2023-01-13,136.23263549804688
2023-01-17,134.62144470214844
2023-01-18,132.29421997070312
2023-01-19,135.40713500976562
2023-01-20,138.6095733642578
2023-01-23,142.48831176757812
2023-01-24,142.3590087890625
2023-01-25,140.72796630859375
2023-01-26,146.496337890625
2023-01-27,150.91207885742188
2023-01-30,146.25762939453125
2023-01-31,148.15719604492188
2023-02-01,152.28457641601562
2023-02-02,187.74005126953125
2023-02-03,185.5122833251953
2023-02-06,185.04481506347656
2023-02-07,190.57447814941406
2023-02-08,182.4291534423828
2023-02-09,176.94924926757812
2023-02-10,173.19979858398438
2023-02-13,178.45098876953125
2023-02-14,178.50071716308594
2023-02-15,176.1934051513672
2023-02-16,171.4991455078125
2023-02-17,171.93675231933594
2023-02-21,171.14109802246094
2023-02-22,170.1863555908203
2023-02-23,171.10133361816406
2023-02-24,169.46031188964844
2023-02-27,168.6149444580078
2023-02-28,173.98550415039062
2023-03-01,172.4738006591797
2023-03-02,173.57774353027344
2023-03-03,184.23924255371094
2023-03-06,183.8911590576172
2023-03-07,183.50326538085938
2023-03-08,183.96080017089844
2023-03-09,180.69866943359375
2023-03-10,178.5305633544922
2023-03-13,179.91297912597656
2023-03-14,192.96142578125
2023-03-15,196.67103576660156
2023-03-16,203.81187438964844
2023-03-17,194.542724609375
2023-03-20,196.73072814941406
2023-03-21,201.0570068359375
2023-03-22,198.71983337402344
2023-03-23,203.16543579101562
2023-03-24,204.885986328125
2023-03-27,201.73330688476562
2023-03-28,199.58505249023438
2023-03-29,204.22958374023438
2023-03-30,206.7060089111328
2023-03-31,210.78363037109375
2023-04-03,211.907470703125
2023-04-04,213.54844665527344
2023-04-05,210.3261260986328
2023-04-06,214.92092895507812
2023-04-10,213.5782928466797
2023-04-11,212.6832275390625
2023-04-12,212.8323974609375
2023-04-13,219.14773559570312
2023-04-14,220.28152465820312
2023-04-17,217.66586303710938
2023-04-18,216.70115661621094
2023-04-19,214.5231170654297
2023-04-20,211.907470703125
2023-04-21,211.7284393310547
2023-04-24,211.6289825439453
2023-04-25,206.41758728027344
2023-04-26,208.25746154785156
2023-04-27,237.25839233398438
2023-04-28,239.00877380371094
2023-05-01,241.8531494140625
2023-05-02,237.93467712402344
2023-05-03,235.7367401123047
2023-05-04,232.2458953857422
2023-05-05,231.50991821289062
2023-05-08,231.99725341796875
2023-05-09,232.09669494628906
2023-05-10,231.80828857421875
2023-05-11,234.50350952148438
2023-05-12,232.53428649902344
2023-05-15,237.55674743652344
2023-05-16,237.51698303222656
2023-05-17,241.16693115234375
2023-05-18,245.503173828125
2023-05-19,244.29974365234375
2023-05-22,246.9651641845703
2023-05-23,245.3937530517578
2023-05-24,247.85028076171875
2023-05-25,251.311279296875
2023-05-26,260.6102600097656
2023-05-30,261.087646484375
2023-05-31,263.2756652832031
2023-06-01,271.12261962890625
2023-06-02,271.12261962890625
2023-06-05,269.9092712402344
2023-06-06,269.6407165527344
2023-06-07,262.1617736816406
2023-06-08,263.13641357421875
2023-06-09,263.5044250488281
2023-06-12,269.57110595703125
2023-06-13,269.83966064453125
2023-06-14,271.8586120605469
2023-06-15,280.29229736328125
2023-06-16,279.4668273925781
2023-06-20,282.7786560058594
2023-06-21,280.10333251953125
2023-06-22,283.32568359375
2023-06-23,287.1546325683594
2023-06-26,276.95062255859375
2023-06-27,285.48382568359375
2023-06-28,283.7334289550781
2023-06-29,279.9939270019531
2023-06-30,285.4142150878906
2023-07-03,284.4594421386719
2023-07-05,292.7638854980469
2023-07-06,290.3968505859375
2023-07-07,288.9448547363281
2023-07-10,292.495361328125
2023-07-11,296.6625061035156
2023-07-12,307.6522216796875
2023-07-13,311.70001220703125
2023-07-14,307.1847229003906
2023-07-17,308.9252014160156
2023-07-18,310.347412109375
2023-07-19,314.2857971191406
2023-07-20,300.86944580078125
2023-07-21,292.65447998046875
2023-07-24,290.0189208984375
2023-07-25,292.8633117675781
2023-07-26,296.94097900390625
2023-07-27,310.00927734375
2023-07-28,323.70416259765625
2023-07-31,316.8616943359375
2023-08-01,320.94921875
2023-08-02,312.5950622558594
2023-08-03,311.4812316894531
2023-08-04,309.03460693359375
2023-08-07,314.83282470703125
2023-08-08,310.9342346191406
2023-08-09,303.54473876953125
2023-08-10,304.07183837890625
2023-08-11,299.99420166015625
2023-08-14,304.5193786621094
2023-08-15,300.3025207519531
2023-08-16,292.6843566894531
2023-08-17,283.5345153808594
2023-08-18,281.7045593261719
2023-08-21,288.3182678222656
2023-08-22,286.0307922363281
2023-08-23,292.63458251953125
2023-08-24,285.1854553222656
2023-08-25,283.9422607421875
2023-08-28,288.67633056640625
2023-08-29,296.3641357421875
2023-08-30,293.4898681640625
2023-08-31,294.2756042480469
2023-09-01,294.762939453125
2023-09-05,298.5123596191406
2023-09-06,297.5376892089844
2023-09-07,297.0404052734375
2023-09-08,296.2646789550781
2023-09-11,305.8819274902344
2023-09-12,300.01409912109375
2023-09-13,303.39556884765625
2023-09-14,310.0191955566406
2023-09-15,298.6714172363281
2023-09-18,300.8992614746094
2023-09-19,303.405517578125
2023-09-20,298.03497314453125
2023-09-21,294.116455078125
2023-09-22,297.4481506347656
2023-09-25,299.1885681152344
2023-09-26,297.32879638671875
2023-09-27,296.1155090332031
2023-09-28,302.30157470703125
2023-09-29,298.5720520019531
2023-10-02,305.1459655761719
2023-10-03,299.2980651855469
2023-10-04,303.9127197265625
2023-10-05,303.1270446777344
2023-10-06,313.708984375
2023-10-09,316.6229553222656
2023-10-10,320.0840148925781
2023-10-11,326.0313720703125
2023-10-12,322.3913269042969
2023-10-13,312.9730224609375
2023-10-16,319.39776611328125
2023-10-17,322.2322082519531
2023-10-18,315.24053955078125
2023-10-19,311.1033020019531
2023-10-20,306.9659423828125
2023-10-23,312.2967529296875
2023-10-24,310.84466552734375
2023-10-25,297.8957824707031
2023-10-26,286.7767028808594
2023-10-27,295.11102294921875
2023-10-30,301.0086669921875
2023-10-31,299.626220703125
2023-11-01,310.1485290527344
2023-11-02,309.173828125
2023-11-03,312.8835144042969
2023-11-06,314.07696533203125
2023-11-07,317.0804748535156
2023-11-08,318.0352478027344
2023-11-09,318.8009948730469
2023-11-10,326.9761657714844
2023-11-13,327.3939208984375
2023-11-14,334.4750061035156
2023-11-15,330.8946533203125
2023-11-16,332.3666076660156
2023-11-17,333.2120056152344
2023-11-20,338.11505126953125
2023-11-21,335.1413879394531
2023-11-22,339.6268005371094
2023-11-24,336.3846435546875
2023-11-27,332.87384033203125
2023-11-28,337.1404113769531
2023-11-29,330.38751220703125
2023-11-30,325.3650207519531
2023-12-01,323.0477294921875
2023-12-04,318.2739562988281
2023-12-05,316.5533752441406
2023-12-06,315.71795654296875
2023-12-07,324.8080749511719
2023-12-08,330.9344787597656
2023-12-11,323.5052490234375
2023-12-12,332.39642333984375
2023-12-13,332.9136047363281
2023-12-14,331.3521728515625
2023-12-15,333.0926513671875
2023-12-18,342.73968505859375
2023-12-19,348.4483642578125
2023-12-20,347.374267578125
2023-12-21,352.15802001953125
2023-12-22,351.46185302734375
2023-12-26,352.8939514160156
2023-12-27,355.87762451171875
2023-12-28,356.3649597167969
2023-12-29,352.02874755859375
2024-01-02,344.40057373046875
2024-01-03,342.59051513671875
2024-01-04,345.2260437011719
2024-01-05,350.02972412109375
2024-01-08,356.7030944824219
2024-01-09,355.4798583984375
2024-01-10,368.44866943359375
2024-01-11,367.6530456542969
2024-01-12,372.44671630859375
2024-01-16,365.4551086425781
2024-01-17,366.3600769042969
2024-01-18,374.0777893066406
2024-01-19,381.3578796386719
2024-01-22,379.6969909667969
2024-01-23,383.0982971191406
2024-01-24,388.56829833984375
2024-01-25,391.0347595214844
2024-01-26,391.9895324707031
2024-01-29,398.83197021484375
2024-01-30,397.8772277832031
2024-01-31,388.0113830566406
2024-02-01,392.6260070800781
2024-02-02,472.39837646484375
2024-02-05,456.90338134765625
2024-02-06,452.2389831542969
2024-02-07,467.02783203125
2024-02-08,467.43560791015625
2024-02-09,465.555908203125
2024-02-12,466.34161376953125
2024-02-13,457.6094970703125
2024-02-14,470.69769287109375
2024-02-15,481.3890686035156
2024-02-16,470.7375183105469
2024-02-20,469.1760559082031
2024-02-21,465.9702453613281
2024-02-22,483.9906005859375
2024-02-23,481.8998107910156
2024-02-26,479.61993408203125
2024-02-27,484.90655517578125
2024-02-28,481.8898620605469
2024-02-29,487.9729919433594
2024-03-01,500.0893859863281
2024-03-04,495.9975280761719
2024-03-05,488.0625915527344
2024-03-06,493.9067077636719
2024-03-07,509.9358825683594
2024-03-08,503.723388671875
2024-03-11,481.46173095703125
2024-03-12,497.5506286621094
2024-03-13,493.3890380859375
2024-03-14,489.6654968261719
2024-03-15,481.9695739746094
2024-03-18,494.7928466796875
2024-03-19,494.05609130859375
2024-03-20,503.29522705078125
2024-03-21,505.525390625
2024-03-22,507.3373718261719
2024-03-25,500.8062438964844
2024-03-26,493.7076416015625
2024-03-27,491.6865539550781
2024-03-28,483.4429626464844
2024-04-01,489.1875915527344
2024-04-02,495.1811218261719
2024-04-03,504.5098876953125
2024-04-04,508.6715087890625
2024-04-05,525.0192260742188
2024-04-08,516.9649047851562
2024-04-09,514.6251831054688
2024-04-10,517.542236328125
2024-04-11,520.8576049804688
2024-04-12,509.64715576171875
2024-04-15,498.0285339355469
2024-04-16,497.56060791015625
2024-04-17,491.9952392578125
2024-04-18,499.5916442871094
2024-04-19,478.9528503417969
2024-04-22,479.6099548339844
2024-04-23,493.9167175292969
2024-04-24,491.3281555175781
2024-04-25,439.4375305175781
2024-04-26,441.3391418457031
2024-04-29,430.7160949707031
2024-04-30,428.2768859863281
2024-05-01,437.25714111328125
2024-05-02,439.7362060546875
2024-05-03,449.970947265625
2024-05-06,463.6305847167969
2024-05-07,466.1792907714844
2024-05-08,470.5201416015625
2024-05-09,473.3277587890625
2024-05-10,474.10430908203125
2024-05-13,465.9503479003906
2024-05-14,469.7734375
2024-05-15,479.4207763671875
2024-05-16,471.1473693847656
2024-05-17,469.8331604003906
2024-05-20,466.77667236328125
2024-05-21,462.585205078125
2024-05-22,465.7213134765625
2024-05-23,463.73016357421875
2024-05-24,476.11541748046875
2024-05-28,477.8079833984375
2024-05-29,472.2723693847656
2024-05-30,464.9945373535156
2024-05-31,464.7755126953125
2024-06-03,475.38861083984375
2024-06-04,474.89080810546875
2024-06-05,492.8812561035156
2024-06-06,491.5870361328125
2024-06-07,490.79052734375
2024-06-10,500.38812255859375
2024-06-11,505.2366638183594
2024-06-12,506.6006774902344
2024-06-13,501.8815002441406
2024-06-14,502.4396057128906
2024-06-17,504.90118408203125
2024-06-18,497.7854919433594
2024-06-20,499.9880065917969
2024-06-21,493.09161376953125
2024-06-24,497.20751953125
2024-06-25,508.8576354980469
2024-06-26,511.3689880371094
2024-06-27,517.7869873046875
2024-06-28,502.4993896484375
2024-07-01,502.9577941894531
2024-07-02,507.7613830566406
2024-07-03,508.21978759765625
2024-07-05,538.0675048828125
2024-07-08,527.5137329101562
2024-07-09,528.19140625
2024-07-10,532.8653564453125
2024-07-11,510.95050048828125
2024-07-12,497.1676330566406
2024-07-15,494.4668884277344
2024-07-16,488.1186218261719
2024-07-17,460.4134826660156
2024-07-18,474.2262268066406
2024-07-19,475.1629943847656
2024-07-22,485.73681640625
2024-07-23,487.02239990234375
2024-07-24,459.6959533691406
2024-07-25,451.8627624511719
2024-07-26,464.1108703613281
2024-07-29,464.12078857421875
2024-07-30,461.6094055175781
2024-07-31,473.2096862792969
2024-08-01,496.0415344238281
2024-08-02,486.4742736816406
2024-08-05,474.10662841796875
2024-08-06,492.4039306640625
2024-08-07,487.2516174316406
2024-08-08,507.89093017578125
2024-08-09,516.0032348632812
2024-08-12,514.1893920898438
2024-08-13,526.7363891601562
2024-08-14,524.9625244140625
2024-08-15,535.4964599609375
2024-08-16,525.6201782226562
2024-08-19,527.4739379882812
2024-08-20,524.9324951171875
2024-08-21,533.333740234375
2024-08-22,530.1148071289062
2024-08-23,526.1982421875
2024-08-26,519.341796875
2024-08-27,517.3285522460938
2024-08-28,515.0165405273438
2024-08-29,516.4515991210938
2024-08-30,519.5310668945312
2024-09-03,510.013671875
2024-09-04,510.9902648925781
2024-09-05,515.0962524414062
2024-09-06,498.5628662109375
2024-09-09,503.06744384765625
2024-09-10,503.06744384765625
2024-09-11,510.0834045410156
2024-09-12,523.806396484375
2024-09-13,522.8297729492188
2024-09-16,531.96728515625
2024-09-17,534.9998168945312
2024-09-18,536.625732421875
2024-09-19,557.7236328125
2024-09-20,559.9680786132812
2024-09-23,563.0205688476562
2024-09-24,561.9432983398438
2024-09-25,566.9109497070312
2024-09-26,566.4421997070312
2024-09-27,565.9633178710938
2024-09-30,571.0308227539062
2024-10-01,575.0509033203125
2024-10-02,571.3999633789062
2024-10-03,581.3353881835938
2024-10-04,594.4730224609375
2024-10-07,583.3404541015625
2024-10-08,591.4304809570312
2024-10-09,589.0563354492188
2024-10-10,582.3927612304688
2024-10-11,588.4977416992188
2024-10-14,588.9664916992188
2024-10-15,584.8267822265625
2024-10-16,575.3701171875
2024-10-17,575.5098266601562
2024-10-18,575.0509033203125
2024-10-21,573.7440795898438
2024-10-22,580.5773315429688
2024-10-23,562.3023071289062
2024-10-24,566.38232421875
2024-10-25,571.8388061523438
2024-10-28,576.7366943359375
2024-10-29,591.819580078125
2024-10-30,590.3431396484375
2024-10-31,566.1828002929688
2024-11-01,565.7638549804688
2024-11-04,559.2997436523438
2024-11-05,571.0208129882812
2024-11-06,570.6417846679688
2024-11-07,590.2434692382812
2024-11-08,587.8892822265625
2024-11-11,581.734375
2024-11-12,583.38037109375
2024-11-13,578.5722045898438
2024-11-14,575.7391967773438
2024-11-15,552.7160034179688
2024-11-18,553.0352783203125
2024-11-19,559.7088012695312
2024-11-20,564.1278686523438
2024-11-21,561.703857421875
2024-11-22,557.763671875
2024-11-25,563.7189331054688
2024-11-26,572.1281127929688
2024-11-27,567.798828125
2024-11-29,572.90625
2024-12-02,591.3706665039062
2024-12-03,612.139404296875
2024-12-04,612.2691040039062
2024-12-05,607.4309692382812
2024-12-06,622.2344970703125
2024-12-09,612.0595703125
2024-12-10,617.7954711914062
2024-12-11,631.1224975585938
2024-12-12,629.2371826171875
2024-12-13,618.8228759765625
2024-12-16,623.2056274414062
2024-12-17,618.41357421875
2024-12-18,596.200439453125
2024-12-19,594.5830688476562
2024-12-20,584.2802124023438
2024-12-23,598.8560180664062
2024-12-24,606.742919921875
2024-12-26,602.3502197265625
2024-12-27,598.8161010742188
2024-12-30,590.26025390625
2024-12-31,584.539794921875
