Date,XOM
2018-01-02,59.48667907714844
2018-01-03,60.654991149902344
2018-01-04,60.73894500732422
2018-01-05,60.68998718261719
2018-01-08,60.962825775146484
2018-01-09,60.70397186279297
2018-01-10,60.221256256103516
2018-01-11,60.81591796875
2018-01-12,61.22867202758789
2018-01-16,60.8438720703125
2018-01-17,61.56449508666992
2018-01-18,61.16571807861328
2018-01-19,60.96981430053711
2018-01-22,61.73938751220703
2018-01-23,61.774349212646484
2018-01-24,61.93525314331055
2018-01-25,61.82333755493164
2018-01-26,62.264060974121094
2018-01-29,61.57147216796875
2018-01-30,60.71096420288086
2018-01-31,61.07475280761719
2018-02-01,62.313053131103516
2018-02-02,59.136863708496094
2018-02-05,55.771812438964844
2018-02-06,54.81336212158203
2018-02-07,53.82694625854492
2018-02-08,53.21830749511719
2018-02-09,53.557525634765625
2018-02-12,54.00985336303711
2018-02-13,53.92504119873047
2018-02-14,54.038116455078125
2018-02-15,53.8614387512207
2018-02-16,54.09466552734375
2018-02-20,53.536319732666016
2018-02-21,52.928524017333984
2018-02-22,53.614078521728516
2018-02-23,54.794349670410156
2018-02-26,55.720191955566406
2018-02-27,54.77314758300781
2018-02-28,53.529258728027344
2018-03-01,53.147605895996094
2018-03-02,53.39498519897461
2018-03-05,53.903846740722656
2018-03-06,53.84023666381836
2018-03-07,52.48326110839844
2018-03-08,52.384334564208984
2018-03-09,52.69529724121094
2018-03-12,53.17588424682617
2018-03-13,52.674095153808594
2018-03-14,52.016822814941406
2018-03-15,52.59635925292969
2018-03-16,53.09107971191406
2018-03-19,52.40553283691406
2018-03-20,52.292449951171875
2018-03-21,53.0345458984375
2018-03-22,51.946144104003906
2018-03-23,51.5150260925293
2018-03-26,52.29951858520508
2018-03-27,52.087501525878906
2018-03-28,51.4584846496582
2018-03-29,52.730621337890625
2018-04-02,51.74824905395508
2018-04-03,53.02040100097656
2018-04-04,52.914398193359375
2018-04-05,53.72713851928711
2018-04-06,52.914398193359375
2018-04-09,52.914398193359375
2018-04-10,54.46923828125
2018-04-11,54.72365951538086
2018-04-12,54.57525634765625
2018-04-13,55.013431549072266
2018-04-16,55.50817108154297
2018-04-17,55.359737396240234
2018-04-18,55.98875045776367
2018-04-19,56.1301155090332
2018-04-20,55.83327102661133
2018-04-23,56.236114501953125
2018-04-24,55.373870849609375
2018-04-25,56.18663787841797
2018-04-26,57.1478271484375
2018-04-27,54.978111267089844
2018-04-30,54.9498291015625
2018-05-01,54.3844108581543
2018-05-02,54.27842712402344
2018-05-03,54.09466552734375
2018-05-04,54.34910202026367
2018-05-07,54.9427604675293
2018-05-08,55.19011306762695
2018-05-09,56.49055099487305
2018-05-10,57.755619049072266
2018-05-11,58.026912689208984
2018-05-14,58.41956329345703
2018-05-15,58.39101791381836
2018-05-16,58.555206298828125
2018-05-17,58.455265045166016
2018-05-18,58.041202545166016
2018-05-21,58.7408332824707
2018-05-22,58.28392791748047
2018-05-23,58.64802169799805
2018-05-24,57.30586242675781
2018-05-25,56.19214630126953
2018-05-29,55.985111236572266
2018-05-30,58.18399429321289
2018-05-31,57.99836730957031
2018-06-01,58.41956329345703
2018-06-04,57.805606842041016
2018-06-05,57.59857940673828
2018-06-06,58.58374786376953
2018-06-07,59.1691780090332
2018-06-08,59.68319320678711
2018-06-11,59.326236724853516
2018-06-12,58.84077453613281
2018-06-13,58.19110870361328
2018-06-14,58.4624137878418
2018-06-15,57.58430099487305
2018-06-18,57.69851303100586
2018-06-19,57.612850189208984
2018-06-20,57.43436050415039
2018-06-21,56.89179229736328
2018-06-22,58.09829330444336
2018-06-25,56.927494049072266
2018-06-26,57.57000732421875
2018-06-27,58.33389663696289
2018-06-28,58.51951599121094
2018-06-29,59.062095642089844
2018-07-02,58.36961364746094
2018-07-03,58.7122802734375
2018-07-05,58.7622184753418
2018-07-06,58.776512145996094
2018-07-09,59.18345260620117
2018-07-10,59.72602081298828
2018-07-11,58.962127685546875
2018-07-12,59.033531188964844
2018-07-13,59.476158142089844
2018-07-16,58.8907585144043
2018-07-17,58.7622184753418
2018-07-18,58.6979866027832
2018-07-19,58.54806900024414
2018-07-20,58.11259841918945
2018-07-23,58.11259841918945
2018-07-24,59.26197814941406
2018-07-25,59.6760368347168
2018-07-26,60.14009094238281
2018-07-27,58.48381423950195
2018-07-30,58.355316162109375
2018-07-31,58.19110870361328
2018-08-01,57.391536712646484
2018-08-02,57.048851013183594
2018-08-03,57.25588607788086
2018-08-06,57.24161148071289
2018-08-07,58.01976776123047
2018-08-08,57.63425827026367
2018-08-09,57.341556549072266
2018-08-10,57.283836364746094
2018-08-13,56.663543701171875
2018-08-14,56.48323440551758
2018-08-15,55.49509811401367
2018-08-16,56.2596321105957
2018-08-17,56.447181701660156
2018-08-20,56.84387969970703
2018-08-21,56.8582878112793
2018-08-22,57.673336029052734
2018-08-23,57.03861999511719
2018-08-24,57.4281005859375
2018-08-27,57.990699768066406
2018-08-28,57.90416717529297
2018-08-29,58.3224983215332
2018-08-30,58.070064544677734
2018-08-31,57.82481384277344
2018-09-04,57.91136169433594
2018-09-05,58.68312072753906
2018-09-06,58.03397750854492
2018-09-07,59.022132873535156
2018-09-10,58.935569763183594
2018-09-11,59.765045166015625
2018-09-12,59.95978927612305
2018-09-13,59.37554931640625
2018-09-14,59.808319091796875
2018-09-17,60.16175842285156
2018-09-18,60.3204345703125
2018-09-19,61.041725158691406
2018-09-20,61.17873001098633
2018-09-21,61.43119430541992
2018-09-24,62.462615966796875
2018-09-25,62.3905029296875
2018-09-26,61.87117004394531
2018-09-27,61.86396789550781
2018-09-28,61.32301330566406
2018-10-01,61.89281463623047
2018-10-02,62.36164855957031
2018-10-03,62.138057708740234
2018-10-04,61.7269401550293
2018-10-05,61.553810119628906
2018-10-08,62.12361526489258
2018-10-09,62.3977165222168
2018-10-10,60.96235656738281
2018-10-11,58.85623550415039
2018-10-12,58.69756317138672
2018-10-15,58.29363250732422
2018-10-16,58.56772232055664
2018-10-17,58.78410720825195
2018-10-18,59.03656005859375
2018-10-19,59.123104095458984
2018-10-22,58.53166580200195
2018-10-23,57.58677673339844
2018-10-24,55.985557556152344
2018-10-25,56.48323440551758
2018-10-26,55.9206428527832
2018-10-29,55.57443618774414
2018-10-30,56.822242736816406
2018-10-31,57.47136306762695
2018-11-01,58.185447692871094
2018-11-02,59.10869598388672
2018-11-05,58.88510513305664
2018-11-06,59.13752746582031
2018-11-07,59.88766098022461
2018-11-08,58.935569763183594
2018-11-09,58.920997619628906
2018-11-12,58.163272857666016
2018-11-13,56.8299446105957
2018-11-14,56.38550567626953
2018-11-15,56.9683723449707
2018-11-16,57.52939987182617
2018-11-19,57.71883773803711
2018-11-20,56.07951736450195
2018-11-21,56.50938034057617
2018-11-23,55.00119400024414
2018-11-26,56.0867919921875
2018-11-27,56.137794494628906
2018-11-28,57.15782165527344
2018-11-29,57.60226821899414
2018-11-30,57.9228401184082
2018-12-03,59.176021575927734
2018-12-04,57.87185287475586
2018-12-06,57.11410903930664
2018-12-07,56.567657470703125
2018-12-10,55.76621627807617
2018-12-11,55.86821746826172
2018-12-12,55.38733673095703
2018-12-13,56.0867919921875
2018-12-14,55.06678009033203
2018-12-17,53.94474792480469
2018-12-18,52.45842361450195
2018-12-19,51.569541931152344
2018-12-20,50.00307846069336
2018-12-21,49.631500244140625
2018-12-24,47.72987365722656
2018-12-26,50.01036834716797
2018-12-27,50.22894287109375
2018-12-28,49.66793441772461
2018-12-31,49.6824951171875
2019-01-02,50.775386810302734
2019-01-03,49.99579620361328
2019-01-04,51.83912658691406
2019-01-07,52.108699798583984
2019-01-08,52.487571716308594
2019-01-09,52.7644157409668
2019-01-10,52.49485778808594
2019-01-11,52.25442123413086
2019-01-14,52.1888427734375
2019-01-15,52.217987060546875
2019-01-16,52.196128845214844
2019-01-17,52.55311965942383
2019-01-18,53.17974090576172
2019-01-22,52.378265380859375
2019-01-23,51.94840621948242
2019-01-24,52.021270751953125
2019-01-25,52.25442123413086
2019-01-28,51.904701232910156
2019-01-29,52.10142517089844
2019-01-30,52.66971206665039
2019-01-31,53.391014099121094
2019-02-01,55.31449508666992
2019-02-04,54.513038635253906
2019-02-05,55.07406997680664
2019-02-06,54.8336296081543
2019-02-07,54.411041259765625
2019-02-08,54.499446868896484
2019-02-11,54.58783721923828
2019-02-12,55.5455322265625
2019-02-13,56.171695709228516
2019-02-14,56.18642807006836
2019-02-15,57.24726486206055
2019-02-19,57.63032913208008
2019-02-20,57.8513298034668
2019-02-21,57.32829284667969
2019-02-22,57.770286560058594
2019-02-25,57.8292350769043
2019-02-26,57.947105407714844
2019-02-27,58.54380798339844
2019-02-28,58.219661712646484
2019-03-01,58.93425369262695
2019-03-04,59.16261291503906
2019-03-05,59.07421875
2019-03-06,58.40385818481445
2019-03-07,59.0521240234375
2019-03-08,58.20494842529297
2019-03-11,58.77215576171875
2019-03-12,58.93425369262695
2019-03-13,59.457279205322266
2019-03-14,59.258392333984375
2019-03-15,59.04475784301758
2019-03-18,59.7298698425293
2019-03-19,59.57516098022461
2019-03-20,59.90666198730469
2019-03-21,60.252899169921875
2019-03-22,59.287837982177734
2019-03-25,58.87529754638672
2019-03-26,59.64146041870117
2019-03-27,59.184722900390625
2019-03-28,59.47939682006836
2019-03-29,59.523590087890625
2019-04-01,60.20869064331055
2019-04-02,59.950862884521484
2019-04-03,59.59725570678711
2019-04-04,60.44444274902344
2019-04-05,60.7685661315918
2019-04-08,61.14427185058594
2019-04-09,60.35603713989258
2019-04-10,60.08344268798828
2019-04-11,60.37077713012695
2019-04-12,59.61198806762695
2019-04-15,59.413082122802734
2019-04-16,59.81825637817383
2019-04-17,59.9876823425293
2019-04-18,59.766685485839844
2019-04-22,61.070613861083984
2019-04-23,61.424198150634766
2019-04-24,60.230796813964844
2019-04-25,60.569679260253906
2019-04-26,59.29522705078125
2019-04-29,58.91215896606445
2019-04-30,59.14052200317383
2019-05-01,57.95446014404297
2019-05-02,56.937835693359375
2019-05-03,57.070430755615234
2019-05-06,56.819969177246094
2019-05-07,56.517948150634766
2019-05-08,56.606346130371094
2019-05-09,56.55476760864258
2019-05-10,57.04654312133789
2019-05-13,56.4132080078125
2019-05-14,56.48771286010742
2019-05-15,56.90498733520508
2019-05-16,56.89753723144531
2019-05-17,56.5622444152832
2019-05-20,56.55477523803711
2019-05-21,56.8155632019043
2019-05-22,56.30144500732422
2019-05-23,54.98257827758789
2019-05-24,55.21355056762695
2019-05-28,54.10332489013672
2019-05-29,53.76802444458008
2019-05-30,53.62643051147461
2019-05-31,52.7322998046875
2019-06-03,53.559391021728516
2019-06-04,54.83354187011719
2019-06-05,54.3790397644043
2019-06-06,55.370033264160156
2019-06-07,55.571224212646484
2019-06-10,55.81710433959961
2019-06-11,55.76493453979492
2019-06-12,55.1613883972168
2019-06-13,55.645729064941406
2019-06-14,55.39984130859375
2019-06-17,55.95122528076172
2019-06-18,56.435546875
2019-06-19,56.12260437011719
2019-06-20,57.08382034301758
2019-06-21,57.8885498046875
2019-06-24,57.33714294433594
2019-06-25,56.83046340942383
2019-06-26,57.07634735107422
2019-06-27,56.49516296386719
2019-06-28,57.09871292114258
2019-07-01,57.04654312133789
2019-07-02,56.420658111572266
2019-07-03,56.957149505615234
2019-07-05,56.72614288330078
2019-07-08,56.9869384765625
2019-07-09,56.9496955871582
2019-07-10,57.754432678222656
2019-07-11,57.79914855957031
2019-07-12,57.84384536743164
2019-07-15,57.43402862548828
2019-07-16,56.57714080810547
2019-07-17,56.24182891845703
2019-07-18,55.76493453979492
2019-07-19,55.876708984375
2019-07-22,55.93631362915039
2019-07-23,56.159873962402344
2019-07-24,56.15242004394531
2019-07-25,55.83201217651367
2019-07-26,55.74258804321289
2019-07-29,56.137508392333984
2019-07-30,56.14495086669922
2019-07-31,55.40728759765625
2019-08-01,53.9915657043457
2019-08-02,53.46251678466797
2019-08-05,52.3671875
2019-08-06,52.873878479003906
2019-08-07,52.531097412109375
2019-08-08,53.931941986083984
2019-08-09,52.78445053100586
2019-08-12,52.5279655456543
2019-08-13,53.17674255371094
2019-08-14,51.034278869628906
2019-08-15,50.732521057128906
2019-08-16,51.52463912963867
2019-08-19,52.39217758178711
2019-08-20,52.075340270996094
2019-08-21,52.59585189819336
2019-08-22,52.48270034790039
2019-08-23,50.91357421875
2019-08-26,51.18516159057617
2019-08-27,50.68727493286133
2019-08-28,51.056907653808594
2019-08-29,51.62269973754883
2019-08-30,51.66042709350586
2019-09-03,51.72076416015625
2019-09-04,52.27147674560547
2019-09-05,53.010772705078125
2019-09-06,53.50868225097656
2019-09-09,53.93112564086914
2019-09-10,54.36867141723633
2019-09-11,54.263065338134766
2019-09-12,54.30078125
2019-09-13,54.79866027832031
2019-09-16,55.620967864990234
2019-09-17,55.19850158691406
2019-09-18,54.93446731567383
2019-09-19,54.56481170654297
2019-09-20,54.37621307373047
2019-09-23,54.41393280029297
2019-09-24,53.667091369628906
2019-09-25,53.82551574707031
2019-09-26,53.538848876953125
2019-09-27,53.923587799072266
2019-09-30,53.267269134521484
2019-10-01,52.014984130859375
2019-10-02,50.65708541870117
2019-10-03,51.283226013183594
2019-10-04,52.03007125854492
2019-10-07,51.313392639160156
2019-10-08,50.3176155090332
2019-10-09,50.875858306884766
2019-10-10,51.486915588378906
2019-10-11,52.03761672973633
2019-10-14,52.188499450683594
2019-10-15,52.369537353515625
2019-10-16,51.47182083129883
2019-10-17,51.403934478759766
2019-10-18,51.00410461425781
2019-10-21,51.85655975341797
2019-10-22,52.120582580566406
2019-10-23,52.61848449707031
2019-10-24,52.120582580566406
2019-10-25,52.241302490234375
2019-10-28,51.78112030029297
2019-10-29,51.630252838134766
2019-10-30,51.08708572387695
2019-10-31,50.973934173583984
2019-11-01,52.50533676147461
2019-11-04,54.066917419433594
2019-11-05,55.138145446777344
2019-11-06,53.93112564086914
2019-11-07,55.077796936035156
2019-11-08,54.031822204589844
2019-11-11,53.703521728515625
2019-11-12,52.96293640136719
2019-11-13,52.52776336669922
2019-11-14,52.2987060546875
2019-11-15,52.82551193237305
2019-11-18,52.3139762878418
2019-11-19,51.77953338623047
2019-11-20,51.93986892700195
2019-11-21,53.19198226928711
2019-11-22,52.96293640136719
2019-11-25,52.61174774169922
2019-11-26,52.4819450378418
2019-11-27,52.45139694213867
2019-11-29,52.01622009277344
2019-12-02,52.23762893676758
2019-12-03,51.82534408569336
2019-12-04,52.413230895996094
2019-12-05,52.230003356933594
2019-12-06,53.069828033447266
2019-12-09,53.18435287475586
2019-12-10,52.72626495361328
2019-12-11,52.649906158447266
2019-12-12,53.703521728515625
2019-12-13,52.85604476928711
2019-12-16,53.44392395019531
2019-12-17,53.19963073730469
2019-12-18,53.344688415527344
2019-12-19,52.97821807861328
2019-12-20,53.39812088012695
2019-12-23,53.66533660888672
2019-12-24,53.45920944213867
2019-12-26,53.54319381713867
2019-12-27,53.35995101928711
2019-12-30,53.04692459106445
2019-12-31,53.27598190307617
2020-01-02,54.13106918334961
2020-01-03,53.695899963378906
2020-01-06,54.10816955566406
2020-01-07,53.66533660888672
2020-01-08,52.85604476928711
2020-01-09,53.26069641113281
2020-01-10,52.78733825683594
2020-01-13,53.291236877441406
2020-01-14,52.833152770996094
2020-01-15,52.7491569519043
2020-01-16,52.54302978515625
2020-01-17,52.34450912475586
2020-01-21,51.59629821777344
2020-01-22,51.29854965209961
2020-01-23,50.977867126464844
2020-01-24,50.63432312011719
2020-01-27,49.428009033203125
2020-01-28,49.359291076660156
2020-01-29,48.94700622558594
2020-01-30,49.466190338134766
2020-01-31,47.427677154541016
2020-02-03,46.36642837524414
2020-02-04,45.78618621826172
2020-02-05,47.893409729003906
2020-02-06,47.244441986083984
2020-02-07,46.93141174316406
2020-02-10,46.435752868652344
2020-02-11,46.877193450927734
2020-02-12,47.45030212402344
2020-02-13,47.186981201171875
2020-02-14,46.97012710571289
2020-02-18,46.373809814453125
2020-02-19,46.73004913330078
2020-02-20,46.35832595825195
2020-02-21,45.7929801940918
2020-02-24,43.64776611328125
2020-02-25,41.97495651245117
2020-02-26,41.053367614746094
2020-02-27,38.582889556884766
2020-02-28,39.837486267089844
2020-03-02,41.727142333984375
2020-03-03,39.729068756103516
2020-03-04,40.59645080566406
2020-03-05,38.807472229003906
2020-03-06,36.933319091796875
2020-03-09,32.418296813964844
2020-03-10,33.61869812011719
2020-03-11,32.51123046875
2020-03-12,28.793893814086914
2020-03-13,29.521865844726562
2020-03-16,26.710628509521484
2020-03-17,28.507349014282227
2020-03-18,25.649641036987305
2020-03-19,26.664165496826172
2020-03-20,25.355356216430664
2020-03-23,24.3563175201416
2020-03-24,27.44635581970215
2020-03-25,28.879079818725586
2020-03-26,30.06397819519043
2020-03-27,28.615764617919922
2020-03-30,29.041717529296875
2020-03-31,29.405704498291016
2020-04-01,29.06494903564453
2020-04-02,31.2876033782959
2020-04-03,30.366010665893555
2020-04-06,31.341814041137695
2020-04-07,31.938133239746094
2020-04-08,33.95944595336914
2020-04-09,33.40184783935547
2020-04-13,33.115299224853516
2020-04-14,32.8597297668457
2020-04-15,31.34956169128418
2020-04-16,30.319557189941406
2020-04-17,33.4715461730957
2020-04-20,31.891674041748047
2020-04-21,31.72129249572754
2020-04-22,32.627403259277344
2020-04-23,33.64966583251953
2020-04-24,33.86650848388672
2020-04-27,34.02914810180664
2020-04-28,34.826820373535156
2020-04-29,36.75518798828125
2020-04-30,35.988494873046875
2020-05-01,33.40959167480469
2020-05-04,34.75712585449219
2020-05-05,34.71839904785156
2020-05-06,34.06786346435547
2020-05-07,34.261478424072266
2020-05-08,35.763912200927734
2020-05-11,35.42314529418945
2020-05-12,34.831050872802734
2020-05-13,33.10212326049805
2020-05-14,33.394229888916016
2020-05-15,33.15739440917969
2020-05-18,35.79419708251953
2020-05-19,34.68894958496094
2020-05-20,35.81787109375
2020-05-21,35.17841720581055
2020-05-22,35.21000289916992
2020-05-26,36.24419021606445
2020-05-27,36.50471878051758
2020-05-28,35.55735778808594
2020-05-29,35.896827697753906
2020-06-01,36.53628158569336
2020-06-02,37.34944534301758
2020-06-03,38.87310028076172
2020-06-04,38.7625617980957
2020-06-05,41.90462875366211
2020-06-08,43.21512985229492
2020-06-09,42.251991271972656
2020-06-10,39.98623275756836
2020-06-11,36.45734405517578
2020-06-12,37.2389030456543
2020-06-15,37.21522521972656
2020-06-16,38.05206298828125
2020-06-17,36.812599182128906
2020-06-18,37.04153823852539
2020-06-19,36.29945373535156
2020-06-22,36.646812438964844
2020-06-23,36.867855072021484
2020-06-24,35.13105010986328
2020-06-25,35.65998458862305
2020-06-26,34.43632125854492
2020-06-29,34.98894119262695
2020-06-30,35.30473327636719
2020-07-01,34.50737380981445
2020-07-02,34.799476623535156
2020-07-06,35.04420852661133
2020-07-07,34.13632583618164
2020-07-08,34.05738830566406
2020-07-09,32.65213394165039
2020-07-10,33.67053985595703
2020-07-13,33.67843246459961
2020-07-14,34.79157638549805
2020-07-15,35.23366928100586
2020-07-16,34.95735549926758
2020-07-17,34.35737228393555
2020-07-20,33.5521354675293
2020-07-21,35.24947738647461
2020-07-22,34.42841720581055
2020-07-23,34.49947738647461
2020-07-24,34.28631591796875
2020-07-27,34.79157638549805
2020-07-28,34.38105773925781
2020-07-29,34.76000213623047
2020-07-30,33.05476379394531
2020-07-31,33.220550537109375
2020-08-03,33.35475540161133
2020-08-04,34.317909240722656
2020-08-05,34.617889404296875
2020-08-06,34.45210647583008
2020-08-07,34.29421615600586
2020-08-10,35.13894271850586
2020-08-11,35.502098083496094
2020-08-12,35.494041442871094
2020-08-13,34.62459945678711
2020-08-14,34.777565002441406
2020-08-17,34.32674026489258
2020-08-18,34.15768051147461
2020-08-19,33.77931213378906
2020-08-20,33.26409912109375
2020-08-21,33.0145263671875
2020-08-24,33.98862838745117
2020-08-25,32.909873962402344
2020-08-26,32.209495544433594
2020-08-27,31.992141723632812
2020-08-28,32.75691223144531
2020-08-31,32.15314483642578
2020-09-01,31.742572784423828
2020-09-02,31.549367904663086
2020-09-03,31.484956741333008
2020-09-04,31.46080780029297
2020-09-08,30.73628044128418
2020-09-09,30.551115036010742
2020-09-10,29.786331176757812
2020-09-11,29.705833435058594
2020-09-14,29.512622833251953
2020-09-15,29.19866943359375
2020-09-16,30.43841552734375
2020-09-17,30.430362701416016
2020-09-18,29.93929100036621
2020-09-21,29.32745933532715
2020-09-22,28.602933883666992
2020-09-23,27.685192108154297
2020-09-24,27.628843307495117
2020-09-25,27.88644790649414
2020-09-28,28.42582893371582
2020-09-29,27.596635818481445
2020-09-30,27.63689613342285
2020-10-01,26.670848846435547
2020-10-02,26.550094604492188
2020-10-05,27.161922454833984
2020-10-06,26.880157470703125
2020-10-07,26.968711853027344
2020-10-08,28.38557243347168
2020-10-09,27.96695899963379
2020-10-12,27.878398895263672
2020-10-13,27.548341751098633
2020-10-14,27.491987228393555
2020-10-15,27.73349952697754
2020-10-16,27.45173454284668
2020-10-19,26.904314041137695
2020-10-20,27.129722595214844
2020-10-21,26.695003509521484
2020-10-22,28.063560485839844
2020-10-23,27.50003433227539
2020-10-26,26.847957611083984
2020-10-27,26.42128562927246
2020-10-28,25.414993286132812
2020-10-29,26.542041778564453
2020-10-30,26.260276794433594
2020-11-02,27.363178253173828
2020-11-03,26.89625358581543
2020-11-04,26.75135040283203
2020-11-05,26.703046798706055
2020-11-06,26.389080047607422
2020-11-09,29.729978561401367
2020-11-10,30.38955307006836
2020-11-11,30.076261520385742
2020-11-12,29.04568099975586
2020-11-13,29.746479034423828
2020-11-16,31.461353302001953
2020-11-17,31.881820678710938
2020-11-18,30.678115844726562
2020-11-19,30.83475685119629
2020-11-20,30.455503463745117
2020-11-23,32.4506950378418
2020-11-24,34.61077880859375
2020-11-25,33.64617156982422
2020-11-27,33.13500213623047
2020-11-30,31.436614990234375
2020-12-01,31.741668701171875
2020-12-02,32.92888641357422
2020-12-03,33.1514892578125
2020-12-04,34.36344528198242
2020-12-07,33.72035598754883
2020-12-08,34.82513427734375
2020-12-09,35.286842346191406
2020-12-10,36.2844352722168
2020-12-11,36.111297607421875
2020-12-14,34.808650970458984
2020-12-15,35.48470687866211
2020-12-16,36.028846740722656
2020-12-17,35.847469329833984
2020-12-18,35.229122161865234
2020-12-21,34.5860481262207
2020-12-22,34.00067901611328
2020-12-23,34.43764877319336
2020-12-24,34.297489166259766
2020-12-28,34.41290283203125
2020-12-29,34.025413513183594
2020-12-30,34.297489166259766
2020-12-31,33.984195709228516
2021-01-04,34.21503448486328
2021-01-05,35.86396026611328
2021-01-06,36.77910614013672
2021-01-07,37.06767272949219
2021-01-08,37.47989273071289
2021-01-11,38.61764907836914
2021-01-12,39.47509002685547
2021-01-13,39.920291900634766
2021-01-14,41.478511810302734
2021-01-15,39.48332977294922
2021-01-19,40.266571044921875
2021-01-20,40.83544921875
2021-01-21,39.66471862792969
2021-01-22,39.10408020019531
2021-01-25,38.66712188720703
2021-01-26,37.81793212890625
2021-01-27,37.38920974731445
2021-01-28,37.974571228027344
2021-01-29,36.968727111816406
2021-02-01,37.03469467163086
2021-02-02,37.620059967041016
2021-02-03,39.0958366394043
2021-02-04,39.846099853515625
2021-02-05,41.181724548339844
2021-02-08,42.95429992675781
2021-02-09,42.45122528076172
2021-02-10,42.86207580566406
2021-02-11,41.788841247558594
2021-02-12,42.35900115966797
2021-02-16,43.63345718383789
2021-02-17,44.31261444091797
2021-02-18,43.6166877746582
2021-02-19,43.9101448059082
2021-02-22,45.528377532958984
2021-02-23,46.157222747802734
2021-02-24,47.54067611694336
2021-02-25,46.75251770019531
2021-02-26,45.58707046508789
2021-03-01,47.28913497924805
2021-03-02,47.012451171875
2021-03-03,47.38975524902344
2021-03-04,49.225982666015625
2021-03-05,51.08736801147461
2021-03-08,51.03705978393555
2021-03-09,50.2489128112793
2021-03-10,51.79167175292969
2021-03-11,51.405982971191406
2021-03-12,51.95936584472656
2021-03-15,50.63459777832031
2021-03-16,49.56137466430664
2021-03-17,49.77936935424805
2021-03-18,47.63291549682617
2021-03-19,47.36460876464844
2021-03-22,46.8782958984375
2021-03-23,46.29976272583008
2021-03-24,47.23883056640625
2021-03-25,47.104679107666016
2021-03-26,48.38753128051758
2021-03-29,48.12760543823242
2021-03-30,47.53229904174805
2021-03-31,46.81121826171875
2021-04-01,48.11921691894531
2021-04-05,47.37297821044922
2021-04-06,47.23883056640625
2021-04-07,47.44844436645508
2021-04-08,46.953758239746094
2021-04-09,46.844757080078125
2021-04-12,46.53453063964844
2021-04-13,46.710609436035156
2021-04-14,48.06053161621094
2021-04-15,47.77545166015625
2021-04-16,47.507144927978516
2021-04-19,47.35622024536133
2021-04-20,46.35845184326172
2021-04-21,46.953758239746094
2021-04-22,46.3416748046875
2021-04-23,46.593223571777344
2021-04-26,46.68545150756836
2021-04-27,47.29753112792969
2021-04-28,48.72290802001953
2021-04-29,49.41883087158203
2021-04-30,47.99344253540039
2021-05-03,49.31821823120117
2021-05-04,49.62843704223633
2021-05-05,51.12089920043945
2021-05-06,51.60721206665039
2021-05-07,52.34505844116211
2021-05-10,52.4708251953125
2021-05-11,50.80228805541992
2021-05-12,51.07450485229492
2021-05-13,50.445011138916016
2021-05-14,51.69550704956055
2021-05-17,52.9034538269043
2021-05-18,51.40626525878906
2021-05-19,50.17279052734375
2021-05-20,50.05369567871094
2021-05-21,50.12174987792969
2021-05-24,50.70872497558594
2021-05-25,49.56031036376953
2021-05-26,50.138763427734375
2021-05-27,49.81550979614258
2021-05-28,49.653873443603516
2021-06-01,51.431793212890625
2021-06-02,51.84010696411133
2021-06-03,52.04428482055664
2021-06-04,52.27396011352539
2021-06-07,51.93368911743164
2021-06-08,52.852420806884766
2021-06-09,53.294769287109375
2021-06-10,53.37983322143555
2021-06-11,52.886444091796875
2021-06-14,52.80137252807617
2021-06-15,54.72390365600586
2021-06-16,54.52824401855469
2021-06-17,52.73332214355469
2021-06-18,51.38075256347656
2021-06-21,53.24372482299805
2021-06-22,54.26453399658203
2021-06-23,54.66435623168945
2021-06-24,54.885536193847656
2021-06-25,55.00463104248047
2021-06-28,53.60100173950195
2021-06-29,53.26924514770508
2021-06-30,53.66055679321289
2021-07-01,53.81367874145508
2021-07-02,53.73711013793945
2021-07-06,52.20589828491211
2021-07-07,51.38925552368164
2021-07-08,51.159568786621094
2021-07-09,52.08681106567383
2021-07-12,52.03577423095703
2021-07-13,51.7890625
2021-07-14,50.64066696166992
2021-07-15,50.147274017333984
2021-07-16,48.76067352294922
2021-07-19,47.0848388671875
2021-07-20,47.6037483215332
2021-07-21,49.13496780395508
2021-07-22,48.582035064697266
2021-07-23,48.52247619628906
2021-07-26,49.74745559692383
2021-07-27,49.19451904296875
2021-07-28,49.52627944946289
2021-07-29,50.1302490234375
2021-07-30,48.97334289550781
2021-08-02,48.98184585571289
2021-08-03,49.50926208496094
2021-08-04,48.35234832763672
2021-08-05,48.658592224121094
2021-08-06,49.22004318237305
2021-08-09,48.658592224121094
2021-08-10,49.492252349853516
2021-08-11,49.63685989379883
2021-08-12,49.524600982666016
2021-08-13,49.023738861083984
2021-08-16,48.307003021240234
2021-08-17,47.978851318359375
2021-08-18,46.96849822998047
2021-08-19,45.535003662109375
2021-08-20,45.543636322021484
2021-08-23,47.417545318603516
2021-08-24,47.8061408996582
2021-08-25,47.892486572265625
2021-08-26,47.24483108520508
2021-08-27,48.160194396972656
2021-08-30,47.63343048095703
2021-08-31,47.08075714111328
2021-09-01,46.4330940246582
2021-09-02,47.5643424987793
2021-09-03,47.38299560546875
2021-09-07,47.106666564941406
2021-09-08,46.67489242553711
2021-09-09,46.709434509277344
2021-09-10,46.614437103271484
2021-09-13,47.81477737426758
2021-09-14,47.1325798034668
2021-09-15,48.721500396728516
2021-09-16,48.203372955322266
2021-09-17,47.63343048095703
2021-09-20,46.364009857177734
2021-09-21,46.320831298828125
2021-09-22,47.676597595214844
2021-09-23,49.291446685791016
2021-09-24,49.73185348510742
2021-09-27,51.20853042602539
2021-09-28,51.743919372558594
2021-09-29,51.70938491821289
2021-09-30,50.79402542114258
2021-10-01,52.61611557006836
2021-10-04,53.29832458496094
2021-10-05,53.21196365356445
2021-10-06,52.23615646362305
2021-10-07,52.38296127319336
2021-10-08,53.695556640625
2021-10-11,53.16015625
2021-10-12,52.883819580078125
2021-10-13,52.73701095581055
2021-10-14,53.54010772705078
2021-10-15,54.04960632324219
2021-10-18,54.02369689941406
2021-10-19,54.8354377746582
2021-10-20,55.1376838684082
2021-10-21,54.13596725463867
2021-10-22,54.507293701171875
2021-10-25,55.569454193115234
2021-10-26,56.856143951416016
2021-10-27,55.37947463989258
2021-10-28,55.534912109375
2021-10-29,55.6730842590332
2021-11-01,56.6747932434082
2021-11-02,55.97532272338867
2021-11-03,55.20676803588867
2021-11-04,55.62126922607422
2021-11-05,56.14802932739258
2021-11-08,56.75252914428711
2021-11-09,57.3051872253418
2021-11-10,56.17625045776367
2021-11-11,56.2812614440918
2021-11-12,55.852439880371094
2021-11-15,56.333778381347656
2021-11-16,56.902618408203125
2021-11-17,56.2812614440918
2021-11-18,55.66865539550781
2021-11-19,53.0956916809082
2021-11-22,53.8308219909668
2021-11-23,55.248573303222656
2021-11-24,55.55488204956055
2021-11-26,53.60328674316406
2021-11-29,53.90083694458008
2021-11-30,52.36931610107422
2021-12-01,52.325557708740234
2021-12-02,53.629547119140625
2021-12-03,53.28822708129883
2021-12-06,53.89208984375
2021-12-07,54.49594497680664
2021-12-08,54.65347671508789
2021-12-09,54.79349899291992
2021-12-10,55.1435546875
2021-12-13,53.93585205078125
2021-12-14,53.857086181640625
2021-12-15,53.620784759521484
2021-12-16,53.70830535888672
2021-12-17,52.535587310791016
2021-12-20,51.77420425415039
2021-12-21,52.94691848754883
2021-12-22,53.3757438659668
2021-12-23,53.40200424194336
2021-12-27,54.163387298583984
2021-12-28,53.98835754394531
2021-12-29,53.51577377319336
2021-12-30,53.200714111328125
2021-12-31,53.55077362060547
2022-01-03,55.607398986816406
2022-01-04,57.699012756347656
2022-01-05,58.41664505004883
2022-01-06,59.790645599365234
2022-01-07,60.28071594238281
2022-01-10,59.921913146972656
2022-01-11,62.442352294921875
2022-01-12,62.258575439453125
2022-01-13,61.8122444152832
2022-01-14,62.8974494934082
2022-01-18,63.95637130737305
2022-01-19,63.982627868652344
2022-01-20,64.12265014648438
2022-01-21,63.159976959228516
2022-01-24,63.702579498291016
2022-01-25,65.57540893554688
2022-01-26,64.91030883789062
2022-01-27,65.74170684814453
2022-01-28,65.88172149658203
2022-01-31,66.4768295288086
2022-02-01,70.73883056640625
2022-02-02,70.55503845214844
2022-02-03,69.732421875
2022-02-04,71.24642944335938
2022-02-07,72.10408020019531
2022-02-08,70.23998260498047
2022-02-09,69.90374755859375
2022-02-10,69.23123931884766
2022-02-11,70.97442626953125
2022-02-14,69.88604736328125
2022-02-15,69.01005554199219
2022-02-16,69.32859802246094
2022-02-17,69.22241973876953
2022-02-18,68.45257568359375
2022-02-22,67.65619659423828
2022-02-23,67.9305191040039
2022-02-24,67.07220458984375
2022-02-25,68.87731170654297
2022-02-28,69.39053344726562
2022-03-01,70.05416870117188
2022-03-02,71.25758361816406
2022-03-03,71.70885467529297
2022-03-04,74.40768432617188
2022-03-07,77.08880615234375
2022-03-08,77.67279815673828
2022-03-09,73.25733947753906
2022-03-10,75.53144073486328
2022-03-11,75.14210510253906
2022-03-14,72.45214080810547
2022-03-15,68.32870483398438
2022-03-16,68.07209014892578
2022-03-17,69.88604736328125
2022-03-18,69.61174011230469
2022-03-21,72.73530578613281
2022-03-22,72.416748046875
2022-03-23,73.55819702148438
2022-03-24,73.77942657470703
2022-03-25,75.38986206054688
2022-03-28,73.27506256103516
2022-03-29,72.88572692871094
2022-03-30,74.13336944580078
2022-03-31,73.08038330078125
2022-04-01,73.54936981201172
2022-04-04,73.58476257324219
2022-04-05,73.20426940917969
2022-04-06,74.01835632324219
2022-04-07,75.25714874267578
2022-04-08,76.84103393554688
2022-04-11,74.1953125
2022-04-12,75.74378967285156
2022-04-13,76.81449127197266
2022-04-14,77.71703338623047
2022-04-18,78.3541488647461
2022-04-19,77.65510559082031
2022-04-20,77.83206939697266
2022-04-21,77.0091552734375
2022-04-22,75.32791900634766
2022-04-25,72.78839874267578
2022-04-26,72.81493377685547
2022-04-27,74.89434051513672
2022-04-28,77.15957641601562
2022-04-29,75.43411254882812
2022-05-02,76.46054077148438
2022-05-03,78.03559112548828
2022-05-04,81.14144897460938
2022-05-05,79.91148376464844
2022-05-06,81.13259887695312
2022-05-09,74.73507690429688
2022-05-10,75.2305908203125
2022-05-11,76.79679870605469
2022-05-12,77.14541625976562
2022-05-13,79.4338607788086
2022-05-16,81.30216979980469
2022-05-17,82.33910369873047
2022-05-18,81.03398132324219
2022-05-19,81.47199249267578
2022-05-20,82.1156234741211
2022-05-23,83.93028259277344
2022-05-24,84.38616943359375
2022-05-25,86.08463287353516
2022-05-26,86.38856506347656
2022-05-27,87.23779296875
2022-05-31,85.81646728515625
2022-06-01,87.46126556396484
2022-06-02,87.30931091308594
2022-06-03,88.57865142822266
2022-06-06,88.35518646240234
2022-06-07,92.40467071533203
2022-06-08,93.49523162841797
2022-06-09,91.47499084472656
2022-06-10,89.8033447265625
2022-06-13,85.68238067626953
2022-06-14,85.90584564208984
2022-06-15,84.82420349121094
2022-06-16,81.69547271728516
2022-06-17,76.9845199584961
2022-06-21,81.77593231201172
2022-06-22,78.5399398803711
2022-06-23,76.1710433959961
2022-06-24,77.68177032470703
2022-06-27,79.58582305908203
2022-06-28,81.79380798339844
2022-06-29,78.77234649658203
2022-06-30,76.55545043945312
2022-07-01,78.26283264160156
2022-07-05,75.81346893310547
2022-07-06,74.44576263427734
2022-07-07,76.8236083984375
2022-07-08,76.94876098632812
2022-07-11,76.55545043945312
2022-07-12,75.5363540649414
2022-07-13,75.84029388427734
2022-07-14,74.32064056396484
2022-07-15,75.57211303710938
2022-07-18,76.96662902832031
2022-07-19,78.90644073486328
2022-07-20,79.7735595703125
2022-07-21,78.44159698486328
2022-07-22,77.84266662597656
2022-07-25,80.43505096435547
2022-07-26,80.12218475341797
2022-07-27,81.85637664794922
2022-07-28,82.8128890991211
2022-07-29,86.6478042602539
2022-08-01,84.45771026611328
2022-08-02,84.0911865234375
2022-08-03,81.3647232055664
2022-08-04,77.94100952148438
2022-08-05,79.06734466552734
2022-08-08,79.5143051147461
2022-08-09,80.98033905029297
2022-08-10,81.74910736083984
2022-08-11,84.11394500732422
2022-08-12,84.84505462646484
2022-08-15,83.32868194580078
2022-08-16,82.55243682861328
2022-08-17,83.22036743164062
2022-08-18,85.18802642822266
2022-08-19,84.91727447509766
2022-08-22,84.85409545898438
2022-08-23,88.45547485351562
2022-08-24,88.97899627685547
2022-08-25,89.43932342529297
2022-08-26,88.33815002441406
2022-08-29,90.3690185546875
2022-08-30,86.93008422851562
2022-08-31,86.28018951416016
2022-09-01,84.72772979736328
2022-09-02,86.28018951416016
2022-09-06,85.7025146484375
2022-09-07,84.97142791748047
2022-09-08,85.66642761230469
2022-09-09,87.1015625
2022-09-12,88.10347747802734
2022-09-13,86.0455322265625
2022-09-14,88.15763092041016
2022-09-15,85.59422302246094
2022-09-16,84.1319808959961
2022-09-19,84.12296295166016
2022-09-20,83.43699645996094
2022-09-21,82.09211730957031
2022-09-22,81.74911499023438
2022-09-23,77.39854431152344
2022-09-26,75.80094146728516
2022-09-27,77.38951110839844
2022-09-28,80.2056655883789
2022-09-29,80.0431900024414
2022-09-30,78.8066177368164
2022-10-03,82.96762084960938
2022-10-04,85.9913558959961
2022-10-05,89.46640014648438
2022-10-06,92.12006378173828
2022-10-07,91.19037628173828
2022-10-10,89.21366882324219
2022-10-11,88.45547485351562
2022-10-12,88.84361267089844
2022-10-13,91.94857025146484
2022-10-14,89.52959442138672
2022-10-17,90.82032012939453
2022-10-18,90.98279571533203
2022-10-19,93.68157196044922
2022-10-20,93.80795288085938
2022-10-21,95.54998016357422
2022-10-24,96.21790313720703
2022-10-25,95.56803894042969
2022-10-26,96.70530700683594
2022-10-27,97.07538604736328
2022-10-28,99.91858673095703
2022-10-31,100.01788330078125
2022-11-01,101.0107421875
2022-11-02,98.93475341796875
2022-11-03,100.27963256835938
2022-11-04,101.37178802490234
2022-11-07,102.57225036621094
2022-11-08,102.89720153808594
2022-11-09,98.29389953613281
2022-11-10,99.7380599975586
2022-11-11,102.85205841064453
2022-11-14,103.1523208618164
2022-11-15,103.84382629394531
2022-11-16,102.7337875366211
2022-11-17,102.87026977539062
2022-11-18,101.97858428955078
2022-11-21,100.96863555908203
2022-11-22,103.88931274414062
2022-11-23,103.3707046508789
2022-11-25,103.00674438476562
2022-11-28,99.91316986083984
2022-11-29,100.57738494873047
2022-11-30,101.3052749633789
2022-12-01,100.81394958496094
2022-12-02,99.95867156982422
2022-12-05,97.2199478149414
2022-12-06,94.51762390136719
2022-12-07,94.30836486816406
2022-12-08,95.00896453857422
2022-12-09,94.20826721191406
2022-12-12,96.5284423828125
2022-12-13,97.58391571044922
2022-12-14,96.86510467529297
2022-12-15,95.9370346069336
2022-12-16,95.26371765136719
2022-12-19,95.69137573242188
2022-12-20,97.07437133789062
2022-12-21,98.32089233398438
2022-12-22,96.33737182617188
2022-12-23,98.88502502441406
2022-12-27,100.25892639160156
2022-12-28,98.61204528808594
2022-12-29,99.358154296875
2022-12-30,100.35901641845703
2023-01-03,96.91059875488281
2023-01-04,97.19266510009766
2023-01-05,99.36724090576172
2023-01-06,100.56828308105469
2023-01-09,98.69393920898438
2023-01-10,100.1679458618164
2023-01-11,101.33258056640625
2023-01-12,103.0158462524414
2023-01-13,102.9521484375
2023-01-17,102.7519760131836
2023-01-18,100.64107513427734
2023-01-19,101.28707122802734
2023-01-20,103.13412475585938
2023-01-23,102.59730529785156
2023-01-24,103.55267333984375
2023-01-25,103.00674438476562
2023-01-26,107.14668273925781
2023-01-27,105.19043731689453
2023-01-30,103.32520294189453
2023-01-31,105.55438995361328
2023-02-01,104.39884185791016
2023-02-02,101.13240051269531
2023-02-03,101.83301544189453
2023-02-06,101.66014099121094
2023-02-07,104.5626220703125
2023-02-08,103.65274047851562
2023-02-09,104.04400634765625
2023-02-10,108.4295883178711
2023-02-13,108.00782012939453
2023-02-14,106.74253845214844
2023-02-15,106.42163848876953
2023-02-16,106.10990905761719
2023-02-17,102.02980041503906
2023-02-21,101.92893981933594
2023-02-22,100.60865783691406
2023-02-23,101.5346908569336
2023-02-24,101.54386138916016
2023-02-27,101.36048126220703
2023-02-28,100.77368927001953
2023-03-01,101.6722183227539
2023-03-02,102.13982391357422
2023-03-03,103.43260955810547
2023-03-06,104.34949493408203
2023-03-07,102.3323745727539
2023-03-08,100.8378677368164
2023-03-09,100.05851745605469
2023-03-10,98.82073211669922
2023-03-13,97.68380737304688
2023-03-14,98.05057525634766
2023-03-15,93.17280578613281
2023-03-16,92.6318359375
2023-03-17,91.54075622558594
2023-03-20,93.93379211425781
2023-03-21,98.14224243164062
2023-03-22,95.89590454101562
2023-03-23,94.81400299072266
2023-03-24,94.92401885986328
2023-03-27,97.00533294677734
2023-03-28,98.21560668945312
2023-03-29,99.90264892578125
2023-03-30,100.38859558105469
2023-03-31,100.54446411132812
2023-04-03,106.47664642333984
2023-04-04,105.45891571044922
2023-04-05,107.26515197753906
2023-04-06,105.4864273071289
2023-04-10,105.0188217163086
2023-04-11,105.76148223876953
2023-04-12,105.65145874023438
2023-04-13,106.14656829833984
2023-04-14,106.4032974243164
2023-04-17,105.1655044555664
2023-04-18,107.21931457519531
2023-04-19,106.88007354736328
2023-04-20,106.02738189697266
2023-04-21,106.36663055419922
2023-04-24,108.37456512451172
2023-04-25,106.834228515625
2023-04-26,105.85316467285156
2023-04-27,107.11845397949219
2023-04-28,108.5029296875
2023-05-01,105.13800048828125
2023-05-02,100.94789123535156
2023-05-03,98.95826721191406
2023-05-04,97.22537231445312
2023-05-05,99.64593505859375
2023-05-08,100.04019165039062
2023-05-09,100.06768798828125
2023-05-10,98.78406524658203
2023-05-11,96.99617767333984
2023-05-12,96.98699188232422
2023-05-15,97.17195129394531
2023-05-16,94.81364440917969
2023-05-17,96.94074249267578
2023-05-18,97.8193359375
2023-05-19,98.27250671386719
2023-05-22,97.07948303222656
2023-05-23,98.4019775390625
2023-05-24,99.50251770019531
2023-05-25,97.71760559082031
2023-05-26,97.07948303222656
2023-05-30,96.2193832397461
2023-05-31,94.49919891357422
2023-06-01,95.59049224853516
2023-06-02,97.81009674072266
2023-06-05,97.37541961669922
2023-06-06,98.17076873779297
2023-06-07,100.37187194824219
2023-06-08,100.05743408203125
2023-06-09,99.31756591796875
2023-06-12,98.42047882080078
2023-06-13,98.43898010253906
2023-06-14,97.25518798828125
2023-06-15,97.9303207397461
2023-06-16,97.22745513916016
2023-06-20,94.99861145019531
2023-06-21,96.0621566772461
2023-06-22,95.53500366210938
2023-06-23,94.7026596069336
2023-06-26,96.45059204101562
2023-06-27,96.69105529785156
2023-06-28,97.4771499633789
2023-06-29,98.67942810058594
2023-06-30,99.18809509277344
2023-07-03,99.3823013305664
2023-07-05,98.87364959716797
2023-07-06,95.1835708618164
2023-07-07,95.40553283691406
2023-07-10,96.82052612304688
2023-07-11,98.00430297851562
2023-07-12,98.48521423339844
2023-07-13,96.6817855834961
2023-07-14,93.35240936279297
2023-07-17,93.75932312011719
2023-07-18,93.33390808105469
2023-07-19,93.9813003540039
2023-07-20,95.6367416381836
2023-07-21,96.08065032958984
2023-07-24,97.5881118774414
2023-07-25,97.73609924316406
2023-07-26,97.1904525756836
2023-07-27,97.49565124511719
2023-07-28,96.33035278320312
2023-07-31,99.1788330078125
2023-08-01,98.60543823242188
2023-08-02,97.37541961669922
2023-08-03,99.06786346435547
2023-08-04,99.34529876708984
2023-08-07,99.141845703125
2023-08-08,99.63199615478516
2023-08-09,101.32444763183594
2023-08-10,101.84234619140625
2023-08-11,103.42382049560547
2023-08-14,103.5070571899414
2023-08-15,100.84966278076172
2023-08-16,99.15267944335938
2023-08-17,101.07344818115234
2023-08-18,102.60260009765625
2023-08-21,101.36250305175781
2023-08-22,100.79373168945312
2023-08-23,99.9079360961914
2023-08-24,99.1620101928711
2023-08-25,100.93358612060547
2023-08-28,101.78208923339844
2023-08-29,102.38814544677734
2023-08-30,103.38581848144531
2023-08-31,103.67488098144531
2023-09-01,105.84740447998047
2023-09-05,105.85672760009766
2023-09-06,106.7704849243164
2023-09-07,106.24832153320312
2023-09-08,107.79613494873047
2023-09-11,106.44413757324219
2023-09-12,109.549072265625
2023-09-13,108.57003784179688
2023-09-14,110.50945281982422
2023-09-15,108.81245422363281
2023-09-18,109.6889419555664
2023-09-19,109.39989471435547
2023-09-20,108.53275299072266
2023-09-21,107.00359344482422
2023-09-22,107.17141723632812
2023-09-25,108.37423706054688
2023-09-26,108.54206848144531
2023-09-27,112.0759048461914
2023-09-28,111.3952407836914
2023-09-29,109.63299560546875
2023-10-02,107.81478881835938
2023-10-03,108.00128173828125
2023-10-04,103.96392822265625
2023-10-05,101.62356567382812
2023-10-06,99.92658233642578
2023-10-09,103.4231185913086
2023-10-10,102.9848861694336
2023-10-11,99.29254913330078
2023-10-12,99.27388763427734
2023-10-13,102.44409942626953
2023-10-16,102.5186767578125
2023-10-17,103.8613510131836
2023-10-18,105.31591033935547
2023-10-19,105.38118743896484
2023-10-20,103.57231140136719
2023-10-23,102.05248260498047
2023-10-24,101.06411743164062
2023-10-25,101.2506103515625
2023-10-26,100.32752227783203
2023-10-27,98.41607666015625
2023-10-30,98.72377014160156
2023-10-31,98.69580078125
2023-11-01,98.49998474121094
2023-11-02,101.73546600341797
2023-11-03,100.49535369873047
2023-11-06,98.7144546508789
2023-11-07,97.1666488647461
2023-11-08,95.97315216064453
2023-11-09,96.00112915039062
2023-11-10,96.73772430419922
2023-11-13,97.7540512084961
2023-11-14,98.13044738769531
2023-11-15,97.53765106201172
2023-11-16,96.40852355957031
2023-11-17,98.7608642578125
2023-11-20,98.32803344726562
2023-11-21,98.2904052734375
2023-11-22,97.86698150634766
2023-11-24,98.39390563964844
2023-11-27,97.8199234008789
2023-11-28,97.76346588134766
2023-11-29,96.29560089111328
2023-11-30,96.67198181152344
2023-12-01,96.90721893310547
2023-12-04,96.38030242919922
2023-12-05,94.50782775878906
2023-12-06,93.25637817382812
2023-12-07,92.60713195800781
2023-12-08,93.67040252685547
2023-12-11,93.73626708984375
2023-12-12,92.25899505615234
2023-12-13,93.07759857177734
2023-12-14,95.58050537109375
2023-12-15,94.94065856933594
2023-12-18,95.6463623046875
2023-12-19,96.90721893310547
2023-12-20,95.2887954711914
2023-12-21,95.72164154052734
2023-12-22,95.89102172851562
2023-12-26,96.107421875
2023-12-27,95.65576934814453
2023-12-28,94.27259063720703
2023-12-29,94.07499694824219
2024-01-02,96.3144302368164
2024-01-03,97.1236343383789
2024-01-04,96.27679443359375
2024-01-05,96.5684814453125
2024-01-08,94.95946502685547
2024-01-09,93.78330993652344
2024-01-10,92.8611831665039
2024-01-11,92.84236907958984
2024-01-12,94.04676055908203
2024-01-16,91.92024993896484
2024-01-17,91.2521743774414
2024-01-18,91.08281707763672
2024-01-19,91.22395324707031
2024-01-22,91.10163879394531
2024-01-23,92.12727355957031
2024-01-24,93.71743774414062
2024-01-25,96.09801483154297
2024-01-26,96.91664123535156
2024-01-29,97.03895568847656
2024-01-30,98.65735626220703
2024-01-31,96.73783874511719
2024-02-01,96.34265899658203
2024-02-02,95.94745635986328
2024-02-05,95.55227661132812
2024-02-06,96.21092224121094
2024-02-07,96.18270111083984
2024-02-08,97.829345703125
2024-02-09,95.75927734375
2024-02-12,97.07659149169922
2024-02-13,96.2408676147461
2024-02-14,95.76602172851562
2024-02-15,98.51061248779297
2024-02-16,98.51061248779297
2024-02-20,97.57991790771484
2024-02-21,99.57425689697266
2024-02-22,99.48878479003906
2024-02-23,98.61507415771484
2024-02-26,99.00444793701172
2024-02-27,98.7955093383789
2024-02-28,99.0709228515625
2024-02-29,99.26085662841797
2024-03-01,100.51443481445312
2024-03-04,99.1089096069336
2024-03-05,100.32450866699219
2024-03-06,101.39764404296875
2024-03-07,101.96746063232422
2024-03-08,102.9266357421875
2024-03-11,103.534423828125
2024-03-12,102.8696517944336
2024-03-13,104.0187759399414
2024-03-14,105.86115264892578
2024-03-15,105.67120361328125
2024-03-18,106.64939880371094
2024-03-19,107.39965057373047
2024-03-20,107.30467224121094
2024-03-21,107.77951049804688
2024-03-22,107.77951049804688
2024-03-25,108.88114929199219
2024-03-26,108.06442260742188
2024-03-27,109.18505096435547
2024-03-28,110.39114379882812
2024-04-01,111.10340118408203
2024-04-02,113.27818298339844
2024-04-03,113.29718017578125
2024-04-04,113.696044921875
2024-04-05,115.26302337646484
2024-04-08,114.4842758178711
2024-04-09,115.08256530761719
2024-04-10,116.0512466430664
2024-04-11,115.6618881225586
2024-04-12,114.3133316040039
2024-04-15,113.65805053710938
2024-04-16,112.71786499023438
2024-04-17,112.660888671875
2024-04-18,112.5564193725586
2024-04-19,113.84798431396484
2024-04-22,114.4937744140625
2024-04-23,114.94013214111328
2024-04-24,114.9591293334961
2024-04-25,115.22502899169922
2024-04-26,112.02459716796875
2024-04-29,113.62006378173828
2024-04-30,112.31898498535156
2024-05-01,110.19170379638672
2024-05-02,110.39114379882812
2024-05-03,110.16321563720703
2024-05-06,110.87548065185547
2024-05-07,110.32466888427734
2024-05-08,110.3056640625
2024-05-09,112.48045349121094
2024-05-10,112.02459716796875
2024-05-13,111.97711181640625
2024-05-14,112.6568603515625
2024-05-15,113.5280990600586
2024-05-16,112.84834289550781
2024-05-17,114.54293823242188
2024-05-20,113.61426544189453
2024-05-21,112.82919311523438
2024-05-22,110.56017303466797
2024-05-23,108.67410278320312
2024-05-24,108.58793640136719
2024-05-28,109.96658325195312
2024-05-29,108.78897094726562
2024-05-30,109.13365173339844
2024-05-31,112.26433563232422
2024-06-03,109.57404327392578
2024-06-04,107.869873046875
2024-06-05,108.30071258544922
2024-06-06,109.114501953125
2024-06-07,107.94647979736328
2024-06-10,108.26242065429688
2024-06-11,107.39118194580078
2024-06-12,106.20401763916016
2024-06-13,105.3519287109375
2024-06-14,104.4615478515625
2024-06-17,103.74351501464844
2024-06-18,104.72004699707031
2024-06-20,106.97949981689453
2024-06-21,106.041259765625
2024-06-24,109.19110107421875
2024-06-25,109.4974594116211
2024-06-26,109.53575134277344
2024-06-27,110.00486755371094
2024-06-28,110.21550750732422
2024-07-01,110.06231689453125
2024-07-02,109.31554412841797
2024-07-03,109.87084197998047
2024-07-05,108.5400619506836
2024-07-08,107.40074920654297
2024-07-09,106.21358489990234
2024-07-10,107.1518325805664
2024-07-11,108.4251708984375
2024-07-12,108.4443130493164
2024-07-15,110.30166625976562
2024-07-16,111.0963134765625
2024-07-17,112.62814331054688
2024-07-18,113.73873138427734
2024-07-19,111.12503051757812
2024-07-22,110.3591079711914
2024-07-23,108.57836151123047
2024-07-24,110.11019134521484
2024-07-25,112.42708587646484
2024-07-26,112.33135223388672
2024-07-29,111.15374755859375
2024-07-30,113.13557434082031
2024-07-31,113.53765869140625
2024-08-01,111.967529296875
2024-08-02,111.90052032470703
2024-08-05,109.88041687011719
2024-08-06,109.29640197753906
2024-08-07,110.75164794921875
2024-08-08,112.86749267578125
2024-08-09,113.78659057617188
2024-08-12,113.93020629882812
2024-08-13,112.8387680053711
2024-08-14,113.88233184814453
2024-08-15,114.58686065673828
2024-08-16,114.0464096069336
2024-08-19,114.39383697509766
2024-08-20,110.58168029785156
2024-08-21,109.87714385986328
2024-08-22,110.7264404296875
2024-08-23,112.26094818115234
2024-08-26,114.6640625
2024-08-27,113.57350158691406
2024-08-28,112.4539794921875
2024-08-29,114.00779724121094
2024-08-30,113.82443237304688
2024-09-03,111.44062042236328
2024-09-04,110.07981872558594
2024-09-05,109.22087860107422
2024-09-06,108.70936584472656
2024-09-09,110.99667358398438
2024-09-10,106.95288848876953
2024-09-11,105.89126586914062
2024-09-12,107.34857940673828
2024-09-13,107.27136993408203
2024-09-16,108.77693176269531
2024-09-17,110.19562530517578
2024-09-18,110.58168029785156
2024-09-19,111.9521255493164
2024-09-20,111.24758911132812
2024-09-23,113.26466369628906
2024-09-24,112.96548461914062
2024-09-25,110.76504516601562
2024-09-26,108.8637924194336
2024-09-27,111.77840423583984
2024-09-30,113.12954711914062
2024-10-01,115.74497985839844
2024-10-02,117.27950286865234
2024-10-03,118.3025131225586
2024-10-04,120.4739990234375
2024-10-07,120.99515533447266
2024-10-08,117.78135681152344
2024-10-09,117.82959747314453
2024-10-10,118.84297180175781
2024-10-11,119.29656982421875
2024-10-14,119.75016784667969
2024-10-15,116.15032958984375
2024-10-16,116.44952392578125
2024-10-17,116.15032958984375
2024-10-18,115.82218933105469
2024-10-21,115.88975524902344
2024-10-22,116.48812103271484
2024-10-23,116.0731201171875
2024-10-24,115.4168472290039
2024-10-25,115.32034301757812
2024-10-28,114.75093078613281
2024-10-29,113.18744659423828
2024-10-30,112.6180419921875
2024-10-31,112.70491027832031
2024-11-01,110.93875885009766
2024-11-04,114.4710464477539
2024-11-05,114.80883026123047
2024-11-06,116.77764129638672
2024-11-07,116.92242431640625
2024-11-08,116.88380432128906
2024-11-11,116.26614379882812
2024-11-12,116.15032958984375
2024-11-13,117.23124694824219
2024-11-14,117.30908966064453
2024-11-15,116.09278869628906
2024-11-18,117.06583404541016
2024-11-19,115.4311294555664
2024-11-20,117.0755615234375
2024-11-21,118.64215087890625
2024-11-22,118.50592041015625
2024-11-25,116.73500061035156
2024-11-26,114.78893280029297
2024-11-27,114.48728942871094
2024-11-29,114.7791976928711
2024-12-02,114.67216491699219
2024-12-03,114.49701690673828
2024-12-04,111.19843292236328
2024-12-05,111.6849365234375
2024-12-06,110.50757598876953
2024-12-09,109.85564422607422
2024-12-10,109.63184356689453
2024-12-11,108.90206909179688
2024-12-12,108.80475616455078
2024-12-13,107.85118865966797
2024-12-16,105.54509735107422
2024-12-17,105.0975112915039
2024-12-18,103.55036926269531
2024-12-19,102.6649169921875
2024-12-20,103.01520538330078
2024-12-23,103.43360900878906
2024-12-24,103.53091430664062
2024-12-26,103.61848449707031
2024-12-27,103.60875701904297
2024-12-30,102.90817260742188
2024-12-31,104.66935729980469
